﻿<?xml version="1.0" encoding="utf-8"?>
<!--Generated with LocalizationBuddy.-->
<!--Copyright Firaxis Games 2010-->
<!--All Rights Reserved-->
<GameData>
  <Language_KO_KR>
    <Row Tag="TXT_KEY_NEWWORLD_SCENARIO_CIV_JAPAN_ADJECTIVE">
			<Text>[COLOR:255:30:0:255]구대륙[ENDCOLOR]의</Text>
    </Row>
    <Row Tag="TXT_KEY_NEWWORLD_SCENARIO_CIV_JAPAN_DESC">
      <Text>구대륙</Text>
    </Row>
    <Row Tag="TXT_KEY_NEWWORLD_SCENARIO_CIV_JAPAN_SHORT_DESC">
			<Text>[COLOR:255:30:0:255]구대륙[ENDCOLOR]</Text>
    </Row>
  </Language_KO_KR>
</GameData>