﻿<?xml version="1.0" encoding="utf-8"?>
<!--Generated with LocalizationBuddy.-->
<!--Copyright Firaxis Games 2010-->
<!--All Rights Reserved-->
<GameData>
  <Language_KO_KR>
    <Row Tag="TXT_KEY_BUILD_TERRACE_FARM">
      <Text>[LINK=IMPROVEMENT_TERRACE_FARM]계단식 농장[\LINK] 건설</Text>
    </Row>
    <Row Tag="TXT_KEY_CIV5_IMPROVEMENTS_TERRACE_FARM_HELP">
            <Text>계단식 농장은 언덕 위에만 건설할 수 있으며, 어떠한 담수 영향도 받지 않습니다. 그리고 산 옆에 건설되면, 추가적인 [ICON_FOOD]식량을 얻을 수 있습니다.</Text>
    </Row>
    <Row Tag="TXT_KEY_CIV5_IMPROVEMENTS_TERRACE_FARM_TEXT"> <!--계단식-->
			<Text>계단식 농장은 발리, 필리핀, 중국, 페루를 포함한 전 세계 산간 지역에서 동시에 발달했습니다. 이 폭이 좁은 계단식 농장은 언덕과 산허리를 깎아 관개용수가 흘러 넘치는 것을 방지하고 경작할 수 있는 토지를 제공했으며, 이전에는 일반적으로 불가능한 일이었습니다. 잉카인은 특히 계단식 농장의 달인이었으며, 자신의 계단식 농장을 제 위치에 고정하기 위해 크고 자연석으로 된 벽을 세웠습니다. 잉카인은 계단식 모양을 갖추고 난 후, 일정한 용수를 계단식 농장에 제공할 수 있도록 수로 방식을 도입하여, 토지의 비옥함을 증대시켰습니다. 고대 잉카인의 계단식 기법은 성공적이었으며, 오늘날 현대 페루의 농부는 자신의 농장에 여전히 이 기법을 채택하고 있습니다.</Text>
		</Row>
    <Row Tag="TXT_KEY_CIV5_INCA_FACTOID_HEADING">
      <Text>잉카 정보</Text>
    </Row>
    <Row Tag="TXT_KEY_CIV5_INCA_FACTOID_TEXT">
			<Text>잉카에서는 회계 정보를 저장하는데 염색된 실로 매듭을 묶는 방법을 이용했습니다.[NEWLINE][NEWLINE]잉카인은 코카나무가 신성하면서도 마력이 있다고 믿어서, 그 나뭇잎을 수많은 종교의식에 사용했습니다.[NEWLINE][NEWLINE]지금까지 발견된 최고도의 영속적 잉카 정착지는 대략 해발 5,300미터에 자리 잡고 있습니다.</Text>
    </Row>
    <Row Tag="TXT_KEY_CIV5_INCA_HEADING_1">
      <Text>역사</Text>
    </Row>
    <Row Tag="TXT_KEY_CIV5_INCA_HEADING_2">
			<Text>지리와 기후</Text>
    </Row>
    <Row Tag="TXT_KEY_CIV5_INCA_HEADING_3">
			<Text>초기 역사: 쿠스코 왕국</Text>
    </Row>
    <Row Tag="TXT_KEY_CIV5_INCA_HEADING_4">
			<Text>계속된 확장</Text>
    </Row>
    <Row Tag="TXT_KEY_CIV5_INCA_HEADING_5">
      <Text>백인의 등장</Text>
    </Row>
    <Row Tag="TXT_KEY_CIV5_INCA_HEADING_6">
			<Text>제국의 멸망</Text>
    </Row>
    <Row Tag="TXT_KEY_CIV5_INCA_SLINGER_HEADING">
			<Text>투석병</Text>
    </Row>
    <Row Tag="TXT_KEY_CIV5_INCA_SLINGER_HELP">
			<Text>궁병을 대체하는 잉카의 고유 유닛입니다. 궁병보다 강력하지 않을뿐더러 근접 공격에 더욱 취약합니다. 하지만 적의 근접 공격이 일어나기 전에 높은 확률로 후방으로 후퇴할 수 있는 승급을 지닌 채 있습니다.</Text>
    </Row>
    <Row Tag="TXT_KEY_CIV5_INCA_SLINGER_STRATEGY">
      <Text>
		투석병은 적을 멀리서 공격할 수 있는 고대 시대 원거리 유닛입니다. 이 잉카의 고유 유닛은 대부분의 근접 공격을 하기 전에 후퇴할 수 있습니다. 당신의 적을 괴롭히기 위해 사용하십시오. 하지만 투석병은 장애물에 막혀 꼼짝 못 하게 되거나 빠른 유닛이 추격하게 되면 쉽게 전멸할 수 있습니다.      </Text>
    </Row>
    <Row Tag="TXT_KEY_CIV5_INCA_SLINGER_TEXT">
      <Text>
				잉카 전사는 투석병으로 유명했습니다. 이들의 주력 발사물은 둥근 돌이었습니다. 비록 투석구가 활과 화살보다 사거리나 저지력이 뛰어나지는 못하지만, 매우 작고 가벼운 무기이다 보니, 잉카 전사는 거치적거리는 것 없이 쉽게 소지할 수 있었습니다. 구약 성서에 기록된 바로는, 훈련된 투석병은 한 개의 돌을 가지고도 매우 커다란 상대방을 처치할 수 있다고 기록되어 있습니다...</Text>
    </Row>
    <Row Tag="TXT_KEY_CIV5_INCA_STATBOX">
			<Text>[NEWLINE]        지도자: 파차쿠티[NEWLINE]        고유 유닛: 투석병[NEWLINE]        고유 시설: 계단식 농장[NEWLINE][NEWLINE]</Text>
    </Row>
    <Row Tag="TXT_KEY_CIV5_INCA_TEXT_1">
			<Text>콜럼버스가 아메리카 대륙을 발견하기 전 아메리카에서 가장 큰 제국이었던 잉카 제국은 안데스 산맥을 따라 페루에서 칠레까지 뻗어 있었습니다. 이 거대한 제국은 처음엔 작은 왕국으로 초라하게 시작했지만, 나중에는 "문명화"되어 남아메리카의 모든 지역을 지배하게 되었습니다. 제국은 비록 짧은 한 세기 동안만 지속하였지만, 산봉우리에 사는 다른 부족의 인종과 문화를 통합하는 일을 활발하게 진행했습니다. 잉카는 거의 멸망했음에도, 많은 유물과 과학적 구조물은 여전히 존재합니다. 예를 들면, 한때 잉카의 왕이 행사하던 권력의 증거로 마추픽추 같은 것이 있습니다.</Text>
    </Row>
    <Row Tag="TXT_KEY_CIV5_INCA_TEXT_2">
      <Text>
				제국은 안데스 산맥의 중심부에 있었으며, 오늘날의 아르헨티나, 에콰도르, 페루, 칠레, 볼리비아, 콜롬비아의 일부 지역을 포함하고 있었습니다. 산지가 많은 지형이었지만, 초기 잉카인은 계단식 농업 기법을 완성하여 산봉우리에서도 손쉽게 생활했습니다. 산봉우리 사이에 자리 잡고 있는 비옥한 골짜기는 잉카인이 생활하고 번식할 수 있는 풍요로운 장소로 제공했습니다.</Text>
    </Row>
    <Row Tag="TXT_KEY_CIV5_INCA_TEXT_3">
      <Text>
				잉카는 강대한 제국이 되기 전에 페루 서부 쪽에 있던 자그마한 쿠스코 왕국의 출신이었습니다. 쿠스코 왕국은 제9대 사파 잉카(유일한 왕)인 파차쿠티의 통치 아래, 주변에 있는 부족을 통일하기 위해 정복계획에 착수했습니다. 파차쿠티와 그의 아들 투팍은 군사적인 정복과 평화적인 흡수라는 두 가지 방법을 사용하여 타우안틴수유 제국(잉카 제국)의 기반을 닦아놓았습니다. 제국의 이름은 북서부의 친차수유, 북동부의 안티수유, 남서부에 콘티수유, 그리고 남동부에 콜라수유의 4개로 나누어진 지방의 글자 그대로 따와 지어졌습니다.[NEWLINE][NEWLINE]파차쿠티는 자신의 입지를 계속 유지할 수 있도록 새로운 정치 제도를 마련했습니다. 지배층 가문의 아이들은 쿠스코 (수도)로 이동하여 잉카인에게 직접 배우도록 했으며, 잉카의 문화와 생활 방식을 주입했습니다. 일단 아이들이 나이가 들었다면, 자신들의 원래 지방으로 되돌아가 잉카의 문화가 퍼질 수 있도록 도왔습니다.</Text>
    </Row>
    <Row Tag="TXT_KEY_CIV5_INCA_TEXT_4">
			<Text>1471년 파차쿠티의 죽음 이후, 그의 아들인 투팍 잉카 유판키는 북쪽에서 새로운 정복을 시작했습니다. 이 당시, 잉카의 하나뿐인 최대 경쟁자는 서쪽 기슭에 함께 있던 치모르 부족밖에 없었습니다. 투팍은 서둘러 그들을 해치웠고 그들의 영토를 확장 중인 제국으로 편입했습니다.[NEWLINE][NEWLINE]나중에 투팍의 아들인 와이나 카팍은 오늘날의 에콰도르라 할 수 있는 일부 지역을 편입했지만, 그의 남부 확장은 마울레 전투로 멈추게 되었습니다. 마푸체 부족은 이들의 진로 방향에서 잉카를 저지하였습니다. 이 지역의 영토 대부분이 주로 사막 불모지였기 때문에 잉카로서는 그다지 손해가 아니었고, 대다수 인구가 안데스 산맥에 그대로 남아 있었습니다.</Text>
    </Row>
    <Row Tag="TXT_KEY_CIV5_INCA_TEXT_5">
			<Text>1526년에 잉카가 지배하는 땅의 크기는 급격히 줄어들기 시작했습니다. 스페인 정복자 프란시스코 피사로는 파나마에서 남쪽으로 탐험하다 잉카의 영토에 이르렀고, 즉각 왕에게 침략을 허가해 줄 것을 청원했는데, 이 땅이 보물로 무르익었으리라고 굳게 믿었습니다.[NEWLINE][NEWLINE]그는 손에 쥐기만 하면 될 왕국을 찾아 1532년에 작은 부대와 함께 돌아왔습니다. 와이나의 두 아들 와스카르와 아타왈파는 영토 지배를 놓고 내전 중이었고, 천연두가 유입되어 주민에게 상당히 큰 피해를 줬습니다. 피사로의 병력(168명, 대포 1기, 말 27필)은 숫자상으로 잉카와 대적이 안 되었지만, 우월한 과학기술과 군사 전술로 끝내 버틸 수 있었습니다.[NEWLINE][NEWLINE]피사로의 첫 전투인 푸나 전투는 오늘날의 에콰도르 과야킬 인근에서 그 해 느지막히 일어났는데, 쉽게 이겼습니다. 피사로가 이 지역에서 새 도시인 피우라를 발견하고는 더 내륙을 탐험하기 위해 부하 중 한 명인 에르난도 드 소토를 보냈습니다. 드 소토는 큰 승리를 거둔 아타왈파와 만나게 되고, 만나자는 초대와 함께 피사로에게 돌아갔습니다. 스페인은 잉카에게 찰스 1세를 황제로 받아들이고 즉시 기독교로 개종하라고 요구했습니다. 아마도 언어 장벽이나 일반적인 의사소통 기술 부족 탓에 아타왈파는 회담의 정확한 뜻을 완전히 이해하지 못하여 추가 설명을 요구하는 의사소통을 더 시도했습니다. 불만이 커지고 화가 난 스페인은 더 나은 통역자를 찾는 대신에 아타왈파의 주둔지를 공격했고, 지휘관을 인질로 잡았습니다.[NEWLINE][NEWLINE]잉카 왕은 인질 석방 조건으로 피사로에게 막대한 양의 금과 은을 제의하자, 그는 바로 받아들였습니다. 그러나 피사로는 약속을 충실히 이행하지 않고 아타왈파를 잉카에 풀어주는 것을 거절했습니다. 이러던 중 와스카르가 암살당했는데, 피사로는 이 기회를 이용해서 아타왈파가 이 더러운 행위의 배후라고 주장했습니다. 스페인에 의해 진행된 수상한 구석이 있는 재판을 통해 아타왈파는 1533년 8월에 사형에 처했습니다.</Text>
    </Row>
    <Row Tag="TXT_KEY_CIV5_INCA_TEXT_6">
      <Text>아타왈파와 와스카르가 둘 다 사라지자, 스페인은 그들의 동생인 망코를 왕위에 올렸고, 그는 처음에는 스페인에 충직하게 협조했다. 망코는 그의 세력 기반이 공고해지자, 1536년에 쿠스코를 공략하면서 그의 제국을 되찾기 위해 시도했지만, 스페인 침략자들의 상대가 되지 않았다. 그와 궁중의 수하들은 페루의 산으로 도망갔고, 이후 36년동안 통치를 계속하였다. 그러나, 1572년 마지막 잉카 정착지가 무너졌고, 그 때 왕이었던 망코의 아들, 투팍 아마루마저 처형을 당하고 말았다. [NEWLINE][NEWLINE] 잉카의 왕족은 모두 죽었고, 새로운 스페인 통치자들은 원주민들을 잔인하게 억압하며 그들의 문화, 종교, 전통으로부터 그들을 벗겨내려 애썼다. 각 잉카의 가정은 가족 중 한 명을 스페인 금광, 은광으로 일하러 보내도록 요구받았고, 한 일꾼이 죽으면 즉각 다른 일꾼으로 대체해야 했는데, 열악한 노동환경으로 인해 대략 매 1~2년마다 이런 일이 일어나고 있었다. 천연두는 지속적으로 그나마 남아있는 제국 전역으로 빠르게 확산되었고, 인구의 60%에서 90% 정도에 영향을 끼쳤다. 발진티푸스, 유행성 감기, 디프테리아, 홍역이 그 나머지를 맡았다. - 1618년이 되자 잉카 문화의 모든 흔적은 자취를 감추었다. 한 때 영광스러웠던 그들의 문명 가운데 남은 것은 오로지 흩어져 살고 있는 소수의 부족과 돌무더기, 먼 과거의 유물 뿐이다.</Text>
    </Row>
    <Row Tag="TXT_KEY_CIV5_INCA_TITLE">
      <Text>잉카</Text>
    </Row>
    <Row Tag="TXT_KEY_CIV5_PACHACUTI_FACTOID_HEADING">
      <Text>파차쿠티 정보</Text>
    </Row>
    <Row Tag="TXT_KEY_CIV5_PACHACUTI_FACTOID_TEXT">
      <Text>
2000년 페루의 대통령 선거 기간 동안, 후보인 알레한드로 톨레도에게는 파차쿠티라는 별명이 붙었다.[NEWLINE][NEWLINE]파차쿠티는 군사적 기량에 대한 상찬으로 한때 안데스 산맥의 나폴레옹으로 불렸다.[NEWLINE][NEWLINE]파차쿠티는 시인이자 시투아 찬송가의 저자이다.</Text>
    </Row>
    <Row Tag="TXT_KEY_CIV5_PACHACUTI_HEADING_1">
      <Text>역사</Text>
    </Row>
    <Row Tag="TXT_KEY_CIV5_PACHACUTI_HEADING_2">
      <Text>왕위 계승</Text>
    </Row>
    <Row Tag="TXT_KEY_CIV5_PACHACUTI_HEADING_3">
      <Text>제국의 창건</Text>
    </Row>
    <Row Tag="TXT_KEY_CIV5_PACHACUTI_HEADING_4">
      <Text>역사의 평가</Text>
    </Row>
    <Row Tag="TXT_KEY_CIV5_PACHACUTI_LIVED">
      <Text>1410년경 ~ 1471년</Text>
    </Row>
    <Row Tag="TXT_KEY_CIV5_PACHACUTI_NAME">
      <Text>파차쿠티</Text>
    </Row>
    <Row Tag="TXT_KEY_CIV5_PACHACUTI_SUBTITLE">
      <Text>잉카의 지도자</Text>
    </Row>
    <Row Tag="TXT_KEY_CIV5_PACHACUTI_TEXT_1">
      <Text>파차쿠티는 쿠스코 왕국의 아홉 번째 지배자로, 그가 통치하는 동안 작은 왕국은 광활한 제국, 타완틴슈유가 되었다. 파차쿠티의 잉카 제국은 현대의 칠레부터 에콰도르까지 뻗어 나갔으며, 페루 대부분과 볼리비아, 북부 아르헨티나를 포함했고 이후의 더 거대한 잉카 제국의 발판을 마련했다. </Text>
    </Row>
    <Row Tag="TXT_KEY_CIV5_PACHACUTI_TEXT_2">
      <Text>
파차쿠티는 잉카 비로코차의 아들로, 형 우르코 다음 가는 계승 서열이었다. 당시 쿠스코 왕국은 작았고 이웃 찬카스 부족에게 끊임없이 위협받고 있었다. 파차쿠티가 찬카스의 침략으로 벌어진 한 전투에서 부왕에게 깊은 인상을 주기 전에 있었던 어린 시절에 대해서는 알려진 게 거의 없다. 부왕과 형제가 전장에서 도망칠 때 파차쿠티는 남아 있는 군대를 결집했다. 하루의 일시적인 승리가 아니고 찬카스를 철저하게 짓밟았기에 전설에서는 땅이 그와 싸우기 위해 일어났다고 했다. 파차쿠티, '대지의 지배자'가 쿠스코의 새로운 태자이자 공동 지배자의 이름이었다.</Text>
    </Row>
    <Row Tag="TXT_KEY_CIV5_PACHACUTI_TEXT_3">
      <Text>1438년 파차쿠티의 부친이 사망하면서 그는 그의 왕국의 유일한 권력자가 되었고, 즉위와 거의 동시에 주변 국가들을 침략하였고 성공적으로 정복했다. 그의 새로운 제국은 에콰도르부터 칠레까지 뻗어 나갔고 남미에서 가장 강력한 제국으로 성장하였다.[NEWLINE][NEWLINE]많은 왕국이 정복당했고, 파차쿠티는 새로운 땅을 정복하기 위해 더욱 기만한 전략을 이용하였다. 먼저 그는 관심이 있는 지역에 스파이를 보내 지식 기반과 군사력 등에 대한 정보를 얻고 마음에 꼭 들면 해당 지역의 지도자들을 불러 모아 잉카의 지배 아래서 산다는 것이 얼마나 가치가 있는지를 극찬하고, 평화적인 권력 인계를 제안했다. 많은 지도자는 찬카스의 운명을 반복하는 것이 두려워 받아들일 수밖에 없었고, 잉카 법을 가르치는 쿠스코로 자신의 아이들을 보내게 된다. 그런 다음 제국의 평화 유지와 지속적인 영토 확장을 보장하기 위해 통치를 할 수 없는 본국으로 아이들이 돌아가기 전에 잉카의 귀족들과 결혼하도록 사상을 주입하였다.[NEWLINE][NEWLINE]자신의 새로운 영토를 안정적으로 유지하기 위하여 총 4개의 관구로 나누었는데, 각 관구에 해당 지역에서 발생하는 일을 다루는 책임자를 두었고,  사제들과 군대의 권력을 적절히 분립하는 조직을 구성하여 균형 잡힌 통치를 꾀했다. 쿠스코는 제국 전체의 수도로써 다시 세워지게 되었고, 각 관구만을 위한 개별적인 지구가 따로 마련되어 있었다. 이 시기에 파차쿠티는 우리에게도 잘 알려진 마추픽추를 건설하였는데, 이는 현재 지극히 개인적인 용도로 건설된 산지라고 알려져 있다.[NEWLINE][NEWLINE]1471년 파차쿠티가 세상을 떠나자 전사의 피가 끓던 아버지와는 상반된 성격을 가진 첫째 아들 아마루는 물러났고, 둘째인 투팍이 잉카 제국의 권력을 이어받았다.</Text>
    </Row>
    <Row Tag="TXT_KEY_CIV5_PACHACUTI_TEXT_4">
      <Text>파차쿠티는 페루의 국가적 영웅이며, 그가 제국 전역에 세웠던 많은 기념비가 아직도 남아 있다. 그의 정치적 군사적 역량은 유명하지만, 자비로운 지배자는 아니었다. 제국의 영속을 위하여 수백 수천의 백성을 쫓아내고, 적당하다고 생각되는 자리로 이주시켰다. 어떤 결점에 있든 간에 파차쿠티는 잉카의 가장 거대한 정복 시대를 열었으며, 제국을 남미에서 사람이 사는 거의 모든 지역을 점령할 때까지 확장시켰다. </Text>
    </Row>
    <Row Tag="TXT_KEY_CIV5_PACHACUTI_TITLES_1">
      <Text>사파 잉카</Text>
    </Row>
  </Language_KO_KR>
</GameData>