﻿<?xml version="1.0" encoding="utf-8"?>
<!--Generated with LocalizationBuddy.-->
<!--Copyright Firaxis Games 2010-->
<!--All Rights Reserved-->
<GameData>
	<Language_KO_KR>
		<Row Tag="TXT_KEY_WONDER_SCENARIO_LEADER_GILGAMESH_NAME">
			<Text>길가메시</Text>
			<Plurality>2</Plurality>
		</Row>
		<Row Tag="TXT_KEY_WONDER_SCENARIO_LEADER_HARUN">
			<Text>길가메시</Text>
			<Plurality>2</Plurality>
		</Row>
		<Row Tag="TXT_KEY_WONDER_SCENARIO_LEADER_MUWATALLIS_NAME">
			<Text>무와탈리스</Text>
			<Plurality>2</Plurality>
		</Row>
		<Row Tag="TXT_KEY_WONDER_SCENARIO_LEADER_SULEIMAN">
			<Text>무와탈리스</Text>
			<Plurality>2</Plurality>
		</Row>
	</Language_KO_KR>
</GameData>