﻿<?xml version="1.0" encoding="utf-8"?>
<!--Generated with LocalizationBuddy.-->
<!--Copyright Firaxis Games 2010-->
<!--All Rights Reserved-->
<GameData>
	<Language_KO_KR>
		<Row Tag="TXT_KEY_CITY_NAME_AMASIA">
			<Text>아마세이아</Text>
			<Plurality>2</Plurality>
		</Row>
		<Row Tag="TXT_KEY_CITY_NAME_AMASTRIS">
			<Text>아마스트리스</Text>
			<Plurality>2</Plurality>
		</Row>
		<Row Tag="TXT_KEY_CITY_NAME_AMIDA">
			<Text>아미다</Text>
			<Plurality>2</Plurality>
		</Row>
		<Row Tag="TXT_KEY_CITY_NAME_ANIUM">
			<Text>아니움</Text>
		</Row>
		<Row Tag="TXT_KEY_CITY_NAME_APULON">
			<Text>아풀론</Text>
		</Row>
		<Row Tag="TXT_KEY_CITY_NAME_ARHEIMAR">
			<Text>아르헤이마</Text>
			<Plurality>2</Plurality>
		</Row>
		<Row Tag="TXT_KEY_CITY_NAME_ATTALIA">
			<Text>아탈리아</Text>
			<Plurality>2</Plurality>
		</Row>
		<Row Tag="TXT_KEY_CITY_NAME_BAIYARA">
			<Text>바이야라</Text>
			<Plurality>2</Plurality>
		</Row>
		<Row Tag="TXT_KEY_CITY_NAME_BALSA">
			<Text>발사</Text>
			<Plurality>2</Plurality>
		</Row>
		<Row Tag="TXT_KEY_CITY_NAME_BETUWE">
			<Text>베튀베</Text>
			<Plurality>2</Plurality>
		</Row>
		<Row Tag="TXT_KEY_CITY_NAME_BRIGANTIUM">
			<Text>브리간티움</Text>
		</Row>
		<Row Tag="TXT_KEY_CITY_NAME_BULLA_REGIA">
			<Text>불라 레기아</Text>
			<Plurality>2</Plurality>
		</Row>
		<Row Tag="TXT_KEY_CITY_NAME_CAMBRAI">
			<Text>캉브레</Text>
			<Plurality>2</Plurality>
		</Row>
		<Row Tag="TXT_KEY_CITY_NAME_CAPUT_VADA">
			<Text>카풋 바다</Text>
			<Plurality>2</Plurality>
		</Row>
		<Row Tag="TXT_KEY_CITY_NAME_CARALIS">
			<Text>칼리아리</Text>
			<Plurality>2</Plurality>
		</Row>
		<Row Tag="TXT_KEY_CITY_NAME_CARNUNTUM">
			<Text>카르눈툼</Text>
		</Row>
		<Row Tag="TXT_KEY_CITY_NAME_CARTENNA">
			<Text>카텐나</Text>
			<Plurality>2</Plurality>
		</Row>
		<Row Tag="TXT_KEY_CITY_NAME_CASTAREGINA">
			<Text>카스타레지나</Text>
			<Plurality>2</Plurality>
		</Row>
		<Row Tag="TXT_KEY_CITY_NAME_CATANE">
			<Text>카테인</Text>
		</Row>
		<Row Tag="TXT_KEY_CITY_NAME_CIRTA">
			<Text>시르타</Text>
			<Plurality>2</Plurality>
		</Row>
		<Row Tag="TXT_KEY_CITY_NAME_CORIALLUM">
			<Text>코리알럼</Text>
		</Row>
		<Row Tag="TXT_KEY_CITY_NAME_CTESIPHON">
			<Text>크테시폰</Text>
		</Row>
		<Row Tag="TXT_KEY_CITY_NAME_CYRENE">
			<Text>키레네</Text>
			<Plurality>2</Plurality>
		</Row>
		<Row Tag="TXT_KEY_CITY_NAME_DINORWIG">
			<Text>디노르위그</Text>
			<Plurality>2</Plurality>
		</Row>
		<Row Tag="TXT_KEY_CITY_NAME_DORYLAEUM">
			<Text>도릴라이움</Text>
		</Row>
		<Row Tag="TXT_KEY_CITY_NAME_EBORA">
			<Text>에보라</Text>
			<Plurality>2</Plurality>
		</Row>
		<Row Tag="TXT_KEY_CITY_NAME_EMERITAAUGUSTA">
			<Text>에메리타 아우구스타</Text>
			<Plurality>2</Plurality>
		</Row>
		<Row Tag="TXT_KEY_CITY_NAME_GENUA">
			<Text>제노아</Text>
			<Plurality>2</Plurality>
		</Row>
		<Row Tag="TXT_KEY_CITY_NAME_GESORIACUM">
			<Text>게소리아쿰</Text>
		</Row>
		<Row Tag="TXT_KEY_CITY_NAME_GOTHISCANDZA">
			<Text>고티스칸차</Text>
			<Plurality>2</Plurality>
		</Row>
		<Row Tag="TXT_KEY_CITY_NAME_HIPPO_REGIUS">
			<Text>히포레기우스</Text>
			<Plurality>2</Plurality>
		</Row>
		<Row Tag="TXT_KEY_CITY_NAME_IOLCAESAREA">
			<Text>이올카이사리아</Text>
			<Plurality>2</Plurality>
		</Row>
		<Row Tag="TXT_KEY_CITY_NAME_LEPTUS_MAGNA">
			<Text>렙티스마그나</Text>
			<Plurality>2</Plurality>
		</Row>
		<Row Tag="TXT_KEY_CITY_NAME_LUGUVALION">
			<Text>루구발리온</Text>
		</Row>
		<Row Tag="TXT_KEY_CITY_NAME_LUTETIA">
			<Text>루테티아</Text>
			<Plurality>2</Plurality>
		</Row>
		<Row Tag="TXT_KEY_CITY_NAME_MAINZ">
			<Text>마인츠</Text>
			<Plurality>2</Plurality>
		</Row>
		<Row Tag="TXT_KEY_CITY_NAME_MASSILIA">
			<Text>마실리아</Text>
			<Plurality>2</Plurality>
		</Row>
		<Row Tag="TXT_KEY_CITY_NAME_MELITENE">
			<Text>멜리테네</Text>
			<Plurality>2</Plurality>
		</Row>
		<Row Tag="TXT_KEY_CITY_NAME_MILAN">
			<Text>밀라노</Text>
			<Plurality>2</Plurality>
		</Row>
		<Row Tag="TXT_KEY_CITY_NAME_MISTRA">
			<Text>미스트라</Text>
			<Plurality>2</Plurality>
		</Row>
		<Row Tag="TXT_KEY_CITY_NAME_MYRA">
			<Text>미라</Text>
			<Plurality>2</Plurality>
		</Row>
		<Row Tag="TXT_KEY_CITY_NAME_NARBO">
			<Text>나보</Text>
			<Plurality>2</Plurality>
		</Row>
		<Row Tag="TXT_KEY_CITY_NAME_NEAPOLI">
			<Text>네아폴리</Text>
			<Plurality>2</Plurality>
		</Row>
		<Row Tag="TXT_KEY_CITY_NAME_NISIBIS">
			<Text>니시비스</Text>
			<Plurality>2</Plurality>
		</Row>
		<Row Tag="TXT_KEY_CITY_NAME_OLBIA">
			<Text>올비아</Text>
			<Plurality>2</Plurality>
		</Row>
		<Row Tag="TXT_KEY_CITY_NAME_OLISIPO">
			<Text>올리시포</Text>
			<Plurality>2</Plurality>
		</Row>
		<Row Tag="TXT_KEY_CITY_NAME_OLOGICUS">
			<Text>올로기쿠스</Text>
			<Plurality>2</Plurality>
		</Row>
		<Row Tag="TXT_KEY_CITY_NAME_PORTUSNAMNETUM">
			<Text>포투스 남네툼</Text>
		</Row>
		<Row Tag="TXT_KEY_CITY_NAME_RECCOPOLIS">
			<Text>렉코폴리스</Text>
			<Plurality>2</Plurality>
		</Row>
		<Row Tag="TXT_KEY_CITY_NAME_SALONAE">
			<Text>살로나</Text>
			<Plurality>2</Plurality>
		</Row>
		<Row Tag="TXT_KEY_CITY_NAME_SEGOVIA">
			<Text>세고비아</Text>
			<Plurality>2</Plurality>
		</Row>
		<Row Tag="TXT_KEY_CITY_NAME_SELEUCIA">
			<Text>셀레우시아</Text>
			<Plurality>2</Plurality>
		</Row>
		<Row Tag="TXT_KEY_CITY_NAME_SINGARA">
			<Text>싱가라</Text>
			<Plurality>2</Plurality>
		</Row>
		<Row Tag="TXT_KEY_CITY_NAME_SINOPE">
			<Text>시노페</Text>
			<Plurality>2</Plurality>
		</Row>
		<Row Tag="TXT_KEY_CITY_NAME_TACAPE">
			<Text>타카페</Text>
			<Plurality>2</Plurality>
		</Row>
		<Row Tag="TXT_KEY_CITY_NAME_TARRACO">
			<Text>타라코</Text>
			<Plurality>2</Plurality>
		</Row>
		<Row Tag="TXT_KEY_CITY_NAME_THAGASTE">
			<Text>타가스테</Text>
			<Plurality>2</Plurality>
		</Row>
		<Row Tag="TXT_KEY_CITY_NAME_THEROUANNE">
			<Text>테루안</Text>
			<Plurality>2</Plurality>
		</Row>
		<Row Tag="TXT_KEY_CITY_NAME_THESSALONICA">
			<Text>데살로니카</Text>
			<Plurality>2</Plurality>
		</Row>
		<Row Tag="TXT_KEY_CITY_NAME_THOSPIA">
			<Text>토스피아</Text>
			<Plurality>2</Plurality>
		</Row>
		<Row Tag="TXT_KEY_CITY_NAME_TIEL">
			<Text>톄링</Text>
			<Plurality>2</Plurality>
		</Row>
		<Row Tag="TXT_KEY_CITY_NAME_TIERMES">
			<Text>티에르메스</Text>
			<Plurality>2</Plurality>
		</Row>
		<Row Tag="TXT_KEY_CITY_NAME_TOLETUM">
			<Text>톨레도</Text>
			<Plurality>2</Plurality>
		</Row>
		<Row Tag="TXT_KEY_CITY_NAME_TOLOSA">
			<Text>톨로사</Text>
			<Plurality>2</Plurality>
		</Row>
		<Row Tag="TXT_KEY_CITY_NAME_TONGRES">
			<Text>통그레스</Text>
			<Plurality>2</Plurality>
		</Row>
		<Row Tag="TXT_KEY_CITY_NAME_TOURNAI">
			<Text>투르네</Text>
			<Plurality>2</Plurality>
		</Row>
		<Row Tag="TXT_KEY_CITY_NAME_TRICAMERON">
			<Text>트리카메론</Text>
			<Plurality>2</Plurality>
		</Row>
		<Row Tag="TXT_KEY_CITY_NAME_TRIER">
			<Text>트리어</Text>
			<Plurality>2</Plurality>
		</Row>
		<Row Tag="TXT_KEY_CITY_NAME_TRIPOLIS">
			<Text>트리폴리스</Text>
			<Plurality>2</Plurality>
		</Row>
		<Row Tag="TXT_KEY_CITY_NAME_TURDA">
			<Text>투르다</Text>
			<Plurality>2</Plurality>
		</Row>
		<Row Tag="TXT_KEY_CITY_NAME_TYRAS">
			<Text>티라스</Text>
			<Plurality>2</Plurality>
		</Row>
		<Row Tag="TXT_KEY_CITY_NAME_UXAMA">
			<Text>욱사마</Text>
			<Plurality>2</Plurality>
		</Row>
		<Row Tag="TXT_KEY_CITY_NAME_VANNES">
			<Text>반</Text>
		</Row>
		<Row Tag="TXT_KEY_CITY_NAME_VICTORIACUM">
			<Text>빅토리아쿰</Text>
		</Row>
		<Row Tag="TXT_KEY_CITY_NAME_VOUILLE">
			<Text>부이에</Text>
			<Plurality>2</Plurality>
		</Row>
		<Row Tag="TXT_KEY_CITY_NAME_XANTEN">
			<Text>크산텐</Text>
		</Row>
		<Row Tag="TXT_KEY_MEDIEVAL_SCENARIO_CITY_NAME_ASWAN">
			<Text>아스완</Text>
		</Row>
		<Row Tag="TXT_KEY_MEDIEVAL_SCENARIO_CITY_NAME_AZAZ">
			<Text>아자즈</Text>
			<Plurality>2</Plurality>
		</Row>
		<Row Tag="TXT_KEY_MEDIEVAL_SCENARIO_CITY_NAME_BAALBEK">
			<Text>바알베크</Text>
			<Plurality>2</Plurality>
		</Row>
		<Row Tag="TXT_KEY_MEDIEVAL_SCENARIO_CITY_NAME_BEJAIA">
			<Text>베자이아</Text>
			<Plurality>2</Plurality>
		</Row>
		<Row Tag="TXT_KEY_MEDIEVAL_SCENARIO_CITY_NAME_BIDZAJA">
			<Text>비드잘라</Text>
			<Plurality>2</Plurality>
		</Row>
		<Row Tag="TXT_KEY_MEDIEVAL_SCENARIO_CITY_NAME_BILBAIS">
			<Text>빌베이스</Text>
			<Plurality>2</Plurality>
		</Row>
		<Row Tag="TXT_KEY_MEDIEVAL_SCENARIO_CITY_NAME_CAIRO">
			<Text>카이로</Text>
			<Plurality>2</Plurality>
		</Row>
		<Row Tag="TXT_KEY_MEDIEVAL_SCENARIO_CITY_NAME_DVIN">
			<Text>드빈</Text>
		</Row>
		<Row Tag="TXT_KEY_MEDIEVAL_SCENARIO_CITY_NAME_HAMA">
			<Text>하마</Text>
			<Plurality>2</Plurality>
		</Row>
		<Row Tag="TXT_KEY_MEDIEVAL_SCENARIO_CITY_NAME_HOMS">
			<Text>홈스</Text>
			<Plurality>2</Plurality>
		</Row>
		<Row Tag="TXT_KEY_MEDIEVAL_SCENARIO_CITY_NAME_JAFFA">
			<Text>자파</Text>
			<Plurality>2</Plurality>
		</Row>
		<Row Tag="TXT_KEY_MEDIEVAL_SCENARIO_CITY_NAME_KABIS">
			<Text>카피스</Text>
			<Plurality>2</Plurality>
		</Row>
		<Row Tag="TXT_KEY_MEDIEVAL_SCENARIO_CITY_NAME_KAFR_SABT">
			<Text>카프르 삽트</Text>
			<Plurality>2</Plurality>
		</Row>
		<Row Tag="TXT_KEY_MEDIEVAL_SCENARIO_CITY_NAME_MAHDIJA">
			<Text>마디자</Text>
			<Plurality>2</Plurality>
		</Row>
		<Row Tag="TXT_KEY_MEDIEVAL_SCENARIO_CITY_NAME_QUS">
			<Text>쿠스</Text>
			<Plurality>2</Plurality>
		</Row>
		<Row Tag="TXT_KEY_MEDIEVAL_SCENARIO_CITY_NAME_RABAT">
			<Text>라바트</Text>
			<Plurality>2</Plurality>
		</Row>
		<Row Tag="TXT_KEY_MEDIEVAL_SCENARIO_CITY_NAME_SAFI">
			<Text>사피</Text>
			<Plurality>2</Plurality>
		</Row>
		<Row Tag="TXT_KEY_MEDIEVAL_SCENARIO_CITY_NAME_SANAA">
			<Text>사나아</Text>
			<Plurality>2</Plurality>
		</Row>
		<Row Tag="TXT_KEY_MEDIEVAL_SCENARIO_CITY_NAME_SIJILMASA">
			<Text>시질마사</Text>
			<Plurality>2</Plurality>
		</Row>
		<Row Tag="TXT_KEY_MEDIEVAL_SCENARIO_CITY_NAME_TAIZZ">
			<Text>타이즈</Text>
			<Plurality>2</Plurality>
		</Row>
		<Row Tag="TXT_KEY_MEDIEVAL_SCENARIO_CITY_NAME_TINMEL">
			<Text>틴멜</Text>
			<Plurality>2</Plurality>
		</Row>
		<Row Tag="TXT_KEY_MEDIEVAL_SCENARIO_CITY_NAME_YANBU">
			<Text>얀부</Text>
			<Plurality>2</Plurality>
		</Row>
		<Row Tag="TXT_KEY_MEDIEVAL_SCENARIO_CITY_NAME_ZABID">
			<Text>자비드</Text>
			<Plurality>2</Plurality>
		</Row>
	</Language_KO_KR>
</GameData>