﻿<?xml version="1.0" encoding="utf-8"?>
<!--Generated with LocalizationBuddy.-->
<!--Copyright Firaxis Games 2010-->
<!--All Rights Reserved-->
<GameData>
  <Language_KO_KR>
    <Row Tag="TXT_KEY_CIV_AUSTRIA_ADJECTIVE">
      <Text>[COLOR:245:119:119:255]오스트리아[ENDCOLOR]의</Text>
    </Row>
    <Row Tag="TXT_KEY_CIV_AUSTRIA_DESC">
      <Text>오스트리아 제국</Text>
    </Row>
    <Row Tag="TXT_KEY_CIV_AUSTRIA_SHORT_DESC">
      <Text>[COLOR:245:119:119:255]오스트리아[ENDCOLOR]</Text>
	  <Plurality>2</Plurality>
    </Row>
    <Row Tag="TXT_KEY_CIV_BYZANTIUM_ADJECTIVE">
      <Text>[COLOR:204:227:248:255]비잔티움[ENDCOLOR]의</Text>
    </Row>
    <Row Tag="TXT_KEY_CIV_BYZANTIUM_DESC">
      <Text>비잔티움 제국</Text>
    </Row>
    <Row Tag="TXT_KEY_CIV_BYZANTIUM_SHORT_DESC">
      <Text>[COLOR:204:227:248:255]비잔티움[ENDCOLOR]</Text>
    </Row>
    <Row Tag="TXT_KEY_CIV_CARTHAGE_ADJECTIVE">
      <Text>[COLOR:124:35:181:255]카르타고[ENDCOLOR]의</Text>
    </Row>
    <Row Tag="TXT_KEY_CIV_CARTHAGE_DESC">
      <Text>카르타고 제국</Text>
    </Row>
    <Row Tag="TXT_KEY_CIV_CARTHAGE_SHORT_DESC">
      <Text>[COLOR:124:35:181:255]카르타고[ENDCOLOR]</Text>
	  <Plurality>2</Plurality>
    </Row>
    <Row Tag="TXT_KEY_CIV_CELTS_ADJECTIVE">
      <Text>[COLOR:156:213:189:255]켈트[ENDCOLOR]의</Text>
    </Row>
    <Row Tag="TXT_KEY_CIV_CELTS_DESC">
      <Text>켈트 제국</Text>
    </Row>
    <Row Tag="TXT_KEY_CIV_CELTS_SHORT_DESC">
      <Text>[COLOR:156:213:189:255]켈트[ENDCOLOR]</Text>
	  <Plurality>2</Plurality>
    </Row>
    <Row Tag="TXT_KEY_CIV_ETHIOPIA_ADJECTIVE">
      <Text>[COLOR:44:101:39:255]에티오피아[ENDCOLOR]의</Text>
    </Row>
    <Row Tag="TXT_KEY_CIV_ETHIOPIA_DESC">
      <Text>에티오피아 제국</Text>
    </Row>
    <Row Tag="TXT_KEY_CIV_ETHIOPIA_SHORT_DESC">
      <Text>[COLOR:44:101:39:255]에티오피아[ENDCOLOR]</Text>
	  <Plurality>2</Plurality>
    </Row>
    <Row Tag="TXT_KEY_CIV_HUNS_ADJECTIVE">
      <Text>[COLOR:200:199:188:255]훈[ENDCOLOR]의</Text>
    </Row>
    <Row Tag="TXT_KEY_CIV_HUNS_DESC">
      <Text>훈 제국</Text>
    </Row>
    <Row Tag="TXT_KEY_CIV_HUNS_SHORT_DESC">
      <Text>[COLOR:200:199:188:255]훈[ENDCOLOR]</Text>
    </Row>
    <Row Tag="TXT_KEY_CIV_MAYA_ADJECTIVE">
      <Text>[COLOR:216:176:137:255]마야[ENDCOLOR]의</Text>
    </Row>
    <Row Tag="TXT_KEY_CIV_MAYA_DESC">
      <Text>마야 제국</Text>
    </Row>
    <Row Tag="TXT_KEY_CIV_MAYA_SHORT_DESC">
      <Text>[COLOR:216:176:137:255]마야[ENDCOLOR]</Text>
	  <Plurality>2</Plurality>
    </Row>
    <Row Tag="TXT_KEY_CIV_NETHERLANDS_ADJECTIVE">
      <Text>[COLOR:255:151:66:255]네덜란드[ENDCOLOR]의</Text>
    </Row>
    <Row Tag="TXT_KEY_CIV_NETHERLANDS_DESC">
      <Text>네덜란드 제국</Text>
    </Row>
    <Row Tag="TXT_KEY_CIV_NETHERLANDS_SHORT_DESC">
      <Text>[COLOR:255:151:66:255]네덜란드[ENDCOLOR]</Text>
	  <Plurality>2</Plurality>
    </Row>
    <Row Tag="TXT_KEY_CIV_SPAIN_ADJECTIVE">
      <Text>[COLOR:255:60:90:255]스페인[ENDCOLOR]의</Text>
    </Row>
    <Row Tag="TXT_KEY_CIV_SPAIN_DESC">
      <Text>스페인 제국</Text>
    </Row>
    <Row Tag="TXT_KEY_CIV_SPAIN_SHORT_DESC">
      <Text>[COLOR:255:60:90:255]스페인[ENDCOLOR]</Text>
    </Row>
    <Row Tag="TXT_KEY_CIV_SWEDEN_ADJECTIVE">
      <Text>[COLOR:70:98:191:255]스웨덴[ENDCOLOR]의</Text>
    </Row>
    <Row Tag="TXT_KEY_CIV_SWEDEN_DESC">
      <Text>스웨덴 제국</Text>
    </Row>
    <Row Tag="TXT_KEY_CIV_SWEDEN_SHORT_DESC">
      <Text>[COLOR:70:98:191:255]스웨덴[ENDCOLOR]</Text>
    </Row>
  </Language_KO_KR>
</GameData>