﻿<?xml version="1.0" encoding="utf-8"?>
<!--Generated with LocalizationBuddy.-->
<!--Copyright Firaxis Games 2010-->
<!--All Rights Reserved-->
<GameData>
  <Language_KO_KR>
    <Row Tag="TXT_KEY_MEDIEVAL_SCENARIO_UNIT_SONGHAI_MUSLIMCAVALRY">
      <Text>맘루크</Text>
	  <Plurality>2</Plurality>
    </Row>
    <Row Tag="TXT_KEY_UNIT_AIRSHIP">
      <Text>비행선</Text>
    </Row>
    <Row Tag="TXT_KEY_UNIT_CLIBANARII">
      <Text>클리바나리</Text>
	  <Plurality>2</Plurality>
    </Row>
    <Row Tag="TXT_KEY_UNIT_FLYER">
      <Text>비행기</Text>
	  <Plurality>2</Plurality>
    </Row>
    <Row Tag="TXT_KEY_UNIT_FRANK_SEAXMAN">
      <Text>색슨족 검사</Text>
    </Row>
    <Row Tag="TXT_KEY_UNIT_GOTH_GADRAUHT">
      <Text>가드라우트</Text>
	  <Plurality>2</Plurality>
    </Row>
    <Row Tag="TXT_KEY_UNIT_HUN_SCOURGE_OF_GOD">
      <Text>신의 재앙 아틸라</Text>
	  <Plurality>2</Plurality>
    </Row>
    <Row Tag="TXT_KEY_UNIT_LAND_IRONCLAD">
      <Text>지상 철갑함</Text>
    </Row>
    <Row Tag="TXT_KEY_UNIT_LAND_LEVIATHAN">
      <Text>지상 거함</Text>
    </Row>
    <Row Tag="TXT_KEY_UNIT_LANDSHIP">
      <Text>지상함</Text>
    </Row>
    <Row Tag="TXT_KEY_UNIT_SKY_FORTRESS">
      <Text>공중요새</Text>
	  <Plurality>2</Plurality>
    </Row>
    <Row Tag="TXT_KEY_UNIT_VANDAL_AXEMAN">
      <Text>도끼병</Text>
    </Row>
    <Row Tag="TXT_KEY_UNIT_VANDAL_TRIHEMIOLLA">
      <Text>로도스 삼단노선</Text>
    </Row>
    <Row Tag="TXT_KEY_UNIT_WELSH_LONGBOWMAN">
      <Text>웨일스 장궁병</Text>
    </Row>
  </Language_KO_KR>
</GameData>