﻿<?xml version="1.0" encoding="utf-8"?>
<!--Generated with LocalizationBuddy.-->
<!--Copyright Firaxis Games 2010-->
<!--All Rights Reserved-->
<GameData>
  <Language_KO_KR>
    <Row Tag="TXT_KEY_FOR_SCENARIO_CIV_BYZANTIUM_ADJECTIVE">
      <Text>동로마의</Text>
    </Row>
    <Row Tag="TXT_KEY_FOR_SCENARIO_CIV_BYZANTIUM_DESC">
      <Text>동로마</Text>
	  <Plurality>2</Plurality>
    </Row>
    <Row Tag="TXT_KEY_FOR_SCENARIO_CIV_BYZANTIUM_SHORT_DESC">
      <Text>동로마</Text>
	  <Plurality>2</Plurality>
    </Row>
    <Row Tag="TXT_KEY_FOR_SCENARIO_CIV_FRANCE_ADJECTIVE">
      <Text>프랑크족의</Text>
    </Row>
    <Row Tag="TXT_KEY_FOR_SCENARIO_CIV_FRANCE_DESC">
      <Text>프랑크 왕국</Text>
    </Row>
    <Row Tag="TXT_KEY_FOR_SCENARIO_CIV_FRANCE_SHORT_DESC">
      <Text>프랑크족</Text>
    </Row>
    <Row Tag="TXT_KEY_FOR_SCENARIO_CIV_GERMANY_ADJECTIVE">
      <Text>고트족의</Text>
    </Row>
    <Row Tag="TXT_KEY_FOR_SCENARIO_CIV_GERMANY_DESC">
      <Text>고트 왕국</Text>
    </Row>
    <Row Tag="TXT_KEY_FOR_SCENARIO_CIV_GERMANY_SHORT_DESC">
      <Text>고트족</Text>
    </Row>
    <Row Tag="TXT_KEY_FOR_SCENARIO_CIV_PERSIA_ADJECTIVE">
      <Text>사산조의</Text>
    </Row>
    <Row Tag="TXT_KEY_FOR_SCENARIO_CIV_PERSIA_DESC">
      <Text>사산조 제국</Text>
    </Row>
    <Row Tag="TXT_KEY_FOR_SCENARIO_CIV_PERSIA_SHORT_DESC">
      <Text>사산조</Text>
	  <Plurality>2</Plurality>
    </Row>
    <Row Tag="TXT_KEY_FOR_SCENARIO_CIV_ROME_ADJECTIVE">
      <Text>서로마의</Text>
    </Row>
    <Row Tag="TXT_KEY_FOR_SCENARIO_CIV_ROME_DESC">
      <Text>서로마</Text>
	  <Plurality>2</Plurality>
    </Row>
    <Row Tag="TXT_KEY_FOR_SCENARIO_CIV_ROME_SHORT_DESC">
      <Text>서로마</Text>
	  <Plurality>2</Plurality>
    </Row>
    <Row Tag="TXT_KEY_FOR_SCENARIO_CIV_SONGHAI_ADJECTIVE">
      <Text>반달족의</Text>
    </Row>
    <Row Tag="TXT_KEY_FOR_SCENARIO_CIV_SONGHAI_DESC">
      <Text>반달 왕국</Text>
    </Row>
    <Row Tag="TXT_KEY_FOR_SCENARIO_CIV_SONGHAI_SHORT_DESC">
      <Text>반달족</Text>
    </Row>
    <Row Tag="TXT_KEY_MEDIEVAL_SCENARIO_CIV_ARABIA_ADJECTIVE">
      <Text>알모하드의</Text>
    </Row>
    <Row Tag="TXT_KEY_MEDIEVAL_SCENARIO_CIV_ARABIA_DESC">
      <Text>알모하드 왕국</Text>
    </Row>
    <Row Tag="TXT_KEY_MEDIEVAL_SCENARIO_CIV_ARABIA_SHORT_DESC">
      <Text>알모하드</Text>
	  <Plurality>2</Plurality>
    </Row>
    <Row Tag="TXT_KEY_MEDIEVAL_SCENARIO_CIV_OTTOMAN_ADJECTIVE">
      <Text>투르크족의</Text>
    </Row>
    <Row Tag="TXT_KEY_MEDIEVAL_SCENARIO_CIV_OTTOMAN_DESC">
      <Text>투르크 왕국</Text>
    </Row>
    <Row Tag="TXT_KEY_MEDIEVAL_SCENARIO_CIV_OTTOMAN_SHORT_DESC">
      <Text>투르크족</Text>
    </Row>
    <Row Tag="TXT_KEY_MEDIEVAL_SCENARIO_CIV_SONGHAI_ADJECTIVE">
      <Text>아이유브의</Text>
    </Row>
    <Row Tag="TXT_KEY_MEDIEVAL_SCENARIO_CIV_SONGHAI_DESC">
      <Text>아이유브 왕조</Text>
	  <Plurality>2</Plurality>
    </Row>
    <Row Tag="TXT_KEY_MEDIEVAL_SCENARIO_CIV_SONGHAI_SHORT_DESC">
      <Text>아이유브</Text>
	  <Plurality>2</Plurality>
    </Row>
    <Row Tag="TXT_KEY_STEAMPUNK_SCENARIO_CIV_BARBARIAN_ADJECTIVE">
      <Text>러다이트의</Text>
    </Row>
    <Row Tag="TXT_KEY_STEAMPUNK_SCENARIO_CIV_BARBARIAN_DESC">
      <Text>러다이트 무리</Text>
	  <Plurality>2</Plurality>
    </Row>
    <Row Tag="TXT_KEY_STEAMPUNK_SCENARIO_CIV_BARBARIAN_SHORT_DESC">
      <Text>러다이트</Text>
	  <Plurality>2</Plurality>
    </Row>
    <Row Tag="TXT_KEY_STEAMPUNK_SCENARIO_CIV_ENGLAND_ADJECTIVE">
      <Text>풀리아스의</Text>
    </Row>
    <Row Tag="TXT_KEY_STEAMPUNK_SCENARIO_CIV_ENGLAND_DESC">
      <Text>풀리아스 제국</Text>
    </Row>
    <Row Tag="TXT_KEY_STEAMPUNK_SCENARIO_CIV_ENGLAND_SHORT_DESC">
      <Text>풀리아스</Text>
	  <Plurality>2</Plurality>
    </Row>
    <Row Tag="TXT_KEY_STEAMPUNK_SCENARIO_CIV_FRANCE_ADJECTIVE">
      <Text>달마스의</Text>
    </Row>
    <Row Tag="TXT_KEY_STEAMPUNK_SCENARIO_CIV_FRANCE_DESC">
      <Text>달마스 제국</Text>
    </Row>
    <Row Tag="TXT_KEY_STEAMPUNK_SCENARIO_CIV_FRANCE_SHORT_DESC">
      <Text>달마스</Text>
	  <Plurality>2</Plurality>
    </Row>
    <Row Tag="TXT_KEY_STEAMPUNK_SCENARIO_CIV_GERMANY_ADJECTIVE">
      <Text>에루치의</Text>
    </Row>
    <Row Tag="TXT_KEY_STEAMPUNK_SCENARIO_CIV_GERMANY_DESC">
      <Text>에루치 제국</Text>
    </Row>
    <Row Tag="TXT_KEY_STEAMPUNK_SCENARIO_CIV_GERMANY_SHORT_DESC">
      <Text>에루치</Text>
	  <Plurality>2</Plurality>
    </Row>
    <Row Tag="TXT_KEY_STEAMPUNK_SCENARIO_CIV_RUSSIA_ADJECTIVE">
      <Text>오를린의</Text>
    </Row>
    <Row Tag="TXT_KEY_STEAMPUNK_SCENARIO_CIV_RUSSIA_DESC">
      <Text>오를린 제국</Text>
    </Row>
    <Row Tag="TXT_KEY_STEAMPUNK_SCENARIO_CIV_RUSSIA_SHORT_DESC">
      <Text>오를린</Text>
    </Row>
    <Row Tag="TXT_KEY_STEAMPUNK_SCENARIO_CIV_SWEDEN_ADJECTIVE">
      <Text>베드리아의</Text>
    </Row>
    <Row Tag="TXT_KEY_STEAMPUNK_SCENARIO_CIV_SWEDEN_DESC">
      <Text>베드리아 제국</Text>
    </Row>
    <Row Tag="TXT_KEY_STEAMPUNK_SCENARIO_CIV_SWEDEN_SHORT_DESC">
      <Text>베드리아</Text>
	  <Plurality>2</Plurality>
    </Row>
  </Language_KO_KR>
</GameData>