﻿<?xml version="1.0" encoding="utf-8"?>
<!--Generated with LocalizationBuddy.-->
<!--Copyright Firaxis Games 2010-->
<!--All Rights Reserved-->
<GameData>
	<Language_KO_KR>
		<Row Tag="TXT_KEY_CITY_NAME_ABERDEEN">
			<Text>애버딘</Text>
		</Row>
		<Row Tag="TXT_KEY_CITY_NAME_ABERYSTWYTH">
			<Text>애버리스트위스</Text>
			<Plurality>2</Plurality>
		</Row>
		<Row Tag="TXT_KEY_CITY_NAME_ABYLA">
			<Text>아빌라</Text>
			<Plurality>2</Plurality>
		</Row>
		<Row Tag="TXT_KEY_CITY_NAME_ADAMA">
			<Text>아다마</Text>
			<Plurality>2</Plurality>
		</Row>
		<Row Tag="TXT_KEY_CITY_NAME_ADDISABABA">
			<Text>아디스아바바</Text>
			<Plurality>2</Plurality>
		</Row>
		<Row Tag="TXT_KEY_CITY_NAME_ADIGRAT">
			<Text>아디그라트</Text>
			<Plurality>2</Plurality>
		</Row>
		<Row Tag="TXT_KEY_CITY_NAME_ADRIANOPLE">
			<Text>아드리아노플</Text>
			<Plurality>2</Plurality>
		</Row>
		<Row Tag="TXT_KEY_CITY_NAME_ADWA">
			<Text>아드와</Text>
			<Plurality>2</Plurality>
		</Row>
		<Row Tag="TXT_KEY_CITY_NAME_ALCORCON">
			<Text>알코르콘</Text>
		</Row>
		<Row Tag="TXT_KEY_CITY_NAME_ALERIA">
			<Text>알레리아</Text>
			<Plurality>2</Plurality>
		</Row>
		<Row Tag="TXT_KEY_CITY_NAME_ALICANTE">
			<Text>알리칸테</Text>
			<Plurality>2</Plurality>
		</Row>
		<Row Tag="TXT_KEY_CITY_NAME_ALKMAAR">
			<Text>알크마르</Text>
			<Plurality>2</Plurality>
		</Row>
		<Row Tag="TXT_KEY_CITY_NAME_ALMERE">
			<Text>알미르</Text>
			<Plurality>2</Plurality>
		</Row>
		<Row Tag="TXT_KEY_CITY_NAME_ALMERIA">
			<Text>알메리아</Text>
			<Plurality>2</Plurality>
		</Row>
		<Row Tag="TXT_KEY_CITY_NAME_ALTARDESACRIFICIOS">
			<Text>희생의 제단</Text>
		</Row>
		<Row Tag="TXT_KEY_CITY_NAME_AMBO">
			<Text>암보</Text>
			<Plurality>2</Plurality>
		</Row>
		<Row Tag="TXT_KEY_CITY_NAME_AMERSFOORT">
			<Text>아메르스포르트</Text>
			<Plurality>2</Plurality>
		</Row>
		<Row Tag="TXT_KEY_CITY_NAME_AMSTERDAM">
			<Text>암스테르담</Text>
		</Row>
		<Row Tag="TXT_KEY_CITY_NAME_AMSTETTEN">
			<Text>암슈테텐</Text>
		</Row>
		<Row Tag="TXT_KEY_CITY_NAME_ANI">
			<Text>아니</Text>
			<Plurality>2</Plurality>
		</Row>
		<Row Tag="TXT_KEY_CITY_NAME_ANTIOCH">
			<Text>안티오크</Text>
			<Plurality>2</Plurality>
		</Row>
		<Row Tag="TXT_KEY_CITY_NAME_APELDOOM">
			<Text>아펠두른</Text>
		</Row>
		<Row Tag="TXT_KEY_CITY_NAME_ARNHEM">
			<Text>아른험</Text>
		</Row>
		<Row Tag="TXT_KEY_CITY_NAME_ASELLA">
			<Text>아셀라</Text>
			<Plurality>2</Plurality>
		</Row>
		<Row Tag="TXT_KEY_CITY_NAME_ASTURIAS">
			<Text>아스투리아스</Text>
			<Plurality>2</Plurality>
		</Row>
		<Row Tag="TXT_KEY_CITY_NAME_ATTILAS_COURT">
			<Text>아틸라 궁정</Text>
		</Row>
		<Row Tag="TXT_KEY_CITY_NAME_AWASA">
			<Text>아와사</Text>
			<Plurality>2</Plurality>
		</Row>
		<Row Tag="TXT_KEY_CITY_NAME_AXUM">
			<Text>악숨</Text>
		</Row>
		<Row Tag="TXT_KEY_CITY_NAME_BADAJOZ">
			<Text>바다호스</Text>
			<Plurality>2</Plurality>
		</Row>
		<Row Tag="TXT_KEY_CITY_NAME_BADISCHL">
			<Text>바트이슐</Text>
		</Row>
		<Row Tag="TXT_KEY_CITY_NAME_BAECULA">
			<Text>베쿨라</Text>
			<Plurality>2</Plurality>
		</Row>
		<Row Tag="TXT_KEY_CITY_NAME_BAHIRDAR">
			<Text>바히르다르</Text>
			<Plurality>2</Plurality>
		</Row>
		<Row Tag="TXT_KEY_CITY_NAME_BARCELONA">
			<Text>바르셀로나</Text>
			<Plurality>2</Plurality>
		</Row>
		<Row Tag="TXT_KEY_CITY_NAME_BARI">
			<Text>바리</Text>
			<Plurality>2</Plurality>
		</Row>
		<Row Tag="TXT_KEY_CITY_NAME_BILBAO">
			<Text>빌바오</Text>
			<Plurality>2</Plurality>
		</Row>
		<Row Tag="TXT_KEY_CITY_NAME_BIRKA">
			<Text>비르카</Text>
			<Plurality>2</Plurality>
		</Row>
		<Row Tag="TXT_KEY_CITY_NAME_BISCHOFSHOFEN">
			<Text>비쇼프스호펜</Text>
		</Row>
		<Row Tag="TXT_KEY_CITY_NAME_BREDA">
			<Text>브레다</Text>
			<Plurality>2</Plurality>
		</Row>
		<Row Tag="TXT_KEY_CITY_NAME_BREGENZ">
			<Text>브레겐츠</Text>
			<Plurality>2</Plurality>
		</Row>
		<Row Tag="TXT_KEY_CITY_NAME_BRIELLE">
			<Text>브릴르</Text>
			<Plurality>2</Plurality>
		</Row>
		<Row Tag="TXT_KEY_CITY_NAME_BURGOS">
			<Text>부르고스</Text>
			<Plurality>2</Plurality>
		</Row>
		<Row Tag="TXT_KEY_CITY_NAME_CADIZ">
			<Text>카디스</Text>
			<Plurality>2</Plurality>
		</Row>
		<Row Tag="TXT_KEY_CITY_NAME_CAERNARFON">
			<Text>카나번</Text>
		</Row>
		<Row Tag="TXT_KEY_CITY_NAME_CAESAREAMARITIMA">
			<Text>케사리아 마리티마</Text>
			<Plurality>2</Plurality>
		</Row>
		<Row Tag="TXT_KEY_CITY_NAME_CALAKMUL">
			<Text>칼라크물</Text>
		</Row>
		<Row Tag="TXT_KEY_CITY_NAME_CANCUEN">
			<Text>칸쿠엔</Text>
		</Row>
		<Row Tag="TXT_KEY_CITY_NAME_CARACOL">
			<Text>카라콜</Text>
		</Row>
		<Row Tag="TXT_KEY_CITY_NAME_CARDIFF">
			<Text>카디프</Text>
			<Plurality>2</Plurality>
		</Row>
		<Row Tag="TXT_KEY_CITY_NAME_CARTHAGE">
			<Text>카르타고</Text>
			<Plurality>2</Plurality>
		</Row>
		<Row Tag="TXT_KEY_CITY_NAME_CARTHAGONOVA">
			<Text>카르타고노바</Text>
			<Plurality>2</Plurality>
		</Row>
		<Row Tag="TXT_KEY_CITY_NAME_CASTLETOWN">
			<Text>캐슬타운</Text>
		</Row>
		<Row Tag="TXT_KEY_CITY_NAME_CERROS">
			<Text>세로스</Text>
			<Plurality>2</Plurality>
		</Row>
		<Row Tag="TXT_KEY_CITY_NAME_CHALCEDON">
			<Text>칼케돈</Text>
		</Row>
		<Row Tag="TXT_KEY_CITY_NAME_CHERSON">
			<Text>케르손</Text>
		</Row>
		<Row Tag="TXT_KEY_CITY_NAME_CHICHENITZA">
			<Text>치첸 이사</Text>
			<Plurality>2</Plurality>
		</Row>
		<Row Tag="TXT_KEY_CITY_NAME_CHRYSOPOLIS">
			<Text>크리소폴리스</Text>
			<Plurality>2</Plurality>
		</Row>
		<Row Tag="TXT_KEY_CITY_NAME_CIVAL">
			<Text>시발</Text>
		</Row>
		<Row Tag="TXT_KEY_CITY_NAME_COBA">
			<Text>코바</Text>
			<Plurality>2</Plurality>
		</Row>
		<Row Tag="TXT_KEY_CITY_NAME_COEVORDEN">
			<Text>쿠하르든</Text>
		</Row>
		<Row Tag="TXT_KEY_CITY_NAME_COMALCALCO">
			<Text>코말칼코</Text>
			<Plurality>2</Plurality>
		</Row>
		<Row Tag="TXT_KEY_CITY_NAME_CONSTANTIA">
			<Text>콘스탄티아</Text>
			<Plurality>2</Plurality>
		</Row>
		<Row Tag="TXT_KEY_CITY_NAME_CONSTANTINOPLE">
			<Text>콘스탄티노플</Text>
		</Row>
		<Row Tag="TXT_KEY_CITY_NAME_CONWY">
			<Text>콘위</Text>
			<Plurality>2</Plurality>
		</Row>
		<Row Tag="TXT_KEY_CITY_NAME_COPAN">
			<Text>코판</Text>
		</Row>
		<Row Tag="TXT_KEY_CITY_NAME_CORCYRUS">
			<Text>코리쿠스</Text>
			<Plurality>2</Plurality>
		</Row>
		<Row Tag="TXT_KEY_CITY_NAME_CORDOBA">
			<Text>코르도바</Text>
			<Plurality>2</Plurality>
		</Row>
		<Row Tag="TXT_KEY_CITY_NAME_CORK">
			<Text>코크</Text>
			<Plurality>2</Plurality>
		</Row>
		<Row Tag="TXT_KEY_CITY_NAME_DEBREBERHAN">
			<Text>데브레버한</Text>
		</Row>
		<Row Tag="TXT_KEY_CITY_NAME_DEBREMARKOS">
			<Text>데브레마코스</Text>
			<Plurality>2</Plurality>
		</Row>
		<Row Tag="TXT_KEY_CITY_NAME_DEBRETABOR">
			<Text>데브레타보르</Text>
			<Plurality>2</Plurality>
		</Row>
		<Row Tag="TXT_KEY_CITY_NAME_DEBREZEYIT">
			<Text>데브레제이트</Text>
			<Plurality>2</Plurality>
		</Row>
		<Row Tag="TXT_KEY_CITY_NAME_DELFT">
			<Text>델프트</Text>
			<Plurality>2</Plurality>
		</Row>
		<Row Tag="TXT_KEY_CITY_NAME_DESSIE">
			<Text>데시</Text>
			<Plurality>2</Plurality>
		</Row>
		<Row Tag="TXT_KEY_CITY_NAME_DILA">
			<Text>딜라</Text>
			<Plurality>2</Plurality>
		</Row>
		<Row Tag="TXT_KEY_CITY_NAME_DIREDAWA">
			<Text>디레다와</Text>
			<Plurality>2</Plurality>
		</Row>
		<Row Tag="TXT_KEY_CITY_NAME_DORDRECHT">
			<Text>도르드레흐트</Text>
			<Plurality>2</Plurality>
		</Row>
		<Row Tag="TXT_KEY_CITY_NAME_DORNBIRN">
			<Text>도른비른</Text>
		</Row>
		<Row Tag="TXT_KEY_CITY_NAME_DOSPILAS">
			<Text>도스필라스</Text>
			<Plurality>2</Plurality>
		</Row>
		<Row Tag="TXT_KEY_CITY_NAME_DOUGLAS">
			<Text>더글라스</Text>
			<Plurality>2</Plurality>
		</Row>
		<Row Tag="TXT_KEY_CITY_NAME_DUNDEE">
			<Text>던디</Text>
			<Plurality>2</Plurality>
		</Row>
		<Row Tag="TXT_KEY_CITY_NAME_DYRRACHIUM">
			<Text>디라키움</Text>
		</Row>
		<Row Tag="TXT_KEY_CITY_NAME_EDESSA">
			<Text>에데사</Text>
			<Plurality>2</Plurality>
		</Row>
		<Row Tag="TXT_KEY_CITY_NAME_EDZNA">
			<Text>에즈나</Text>
			<Plurality>2</Plurality>
		</Row>
		<Row Tag="TXT_KEY_CITY_NAME_EINDHOVEN">
			<Text>아인트호벤</Text>
		</Row>
		<Row Tag="TXT_KEY_CITY_NAME_EISENSTADT">
			<Text>아이젠슈타트</Text>
			<Plurality>2</Plurality>
		</Row>
		<Row Tag="TXT_KEY_CITY_NAME_ELCHE">
			<Text>엘체</Text>
			<Plurality>2</Plurality>
		</Row>
		<Row Tag="TXT_KEY_CITY_NAME_ELMIRADOR">
			<Text>엘미라도르</Text>
			<Plurality>2</Plurality>
		</Row>
		<Row Tag="TXT_KEY_CITY_NAME_ENSCHEDE">
			<Text>엔스헤데</Text>
			<Plurality>2</Plurality>
		</Row>
		<Row Tag="TXT_KEY_CITY_NAME_FALMOUTH">
			<Text>팰머스</Text>
			<Plurality>2</Plurality>
		</Row>
		<Row Tag="TXT_KEY_CITY_NAME_FELDKIRCH">
			<Text>펠트키르히</Text>
			<Plurality>2</Plurality>
		</Row>
		<Row Tag="TXT_KEY_CITY_NAME_GADES">
			<Text>가데스</Text>
			<Plurality>2</Plurality>
		</Row>
		<Row Tag="TXT_KEY_CITY_NAME_GALWAY">
			<Text>갈웨이</Text>
			<Plurality>2</Plurality>
		</Row>
		<Row Tag="TXT_KEY_CITY_NAME_GAMBELA">
			<Text>감벨라</Text>
			<Plurality>2</Plurality>
		</Row>
		<Row Tag="TXT_KEY_CITY_NAME_GAZA">
			<Text>가자</Text>
			<Plurality>2</Plurality>
		</Row>
		<Row Tag="TXT_KEY_CITY_NAME_GONDAR">
			<Text>곤다르</Text>
			<Plurality>2</Plurality>
		</Row>
		<Row Tag="TXT_KEY_CITY_NAME_GOTHENBURG">
			<Text>예테보리</Text>
			<Plurality>2</Plurality>
		</Row>
		<Row Tag="TXT_KEY_CITY_NAME_GOUDA">
			<Text>고우다</Text>
			<Plurality>2</Plurality>
		</Row>
		<Row Tag="TXT_KEY_CITY_NAME_GRANADA">
			<Text>그라나다</Text>
			<Plurality>2</Plurality>
		</Row>
		<Row Tag="TXT_KEY_CITY_NAME_GRAVE">
			<Text>그라베</Text>
			<Plurality>2</Plurality>
		</Row>
		<Row Tag="TXT_KEY_CITY_NAME_GRAZ">
			<Text>그라츠</Text>
			<Plurality>2</Plurality>
		</Row>
		<Row Tag="TXT_KEY_CITY_NAME_GRONINGEN">
			<Text>흐로닝언</Text>
		</Row>
		<Row Tag="TXT_KEY_CITY_NAME_HAARLEM">
			<Text>하를럼</Text>
		</Row>
		<Row Tag="TXT_KEY_CITY_NAME_HADRUMETUM">
			<Text>하드루메툼</Text>
		</Row>
		<Row Tag="TXT_KEY_CITY_NAME_HALLEIN">
			<Text>할라인</Text>
		</Row>
		<Row Tag="TXT_KEY_CITY_NAME_HARAR">
			<Text>하라르</Text>
			<Plurality>2</Plurality>
		</Row>
		<Row Tag="TXT_KEY_CITY_NAME_HELSINGBORG">
			<Text>헬싱보리</Text>
			<Plurality>2</Plurality>
		</Row>
		<Row Tag="TXT_KEY_CITY_NAME_HIPPODIARRHYTUS">
			<Text>히포다이리투스</Text>
			<Plurality>2</Plurality>
		</Row>
		<Row Tag="TXT_KEY_CITY_NAME_HIPPOREGIUS">
			<Text>히포레기우스</Text>
			<Plurality>2</Plurality>
		</Row>
		<Row Tag="TXT_KEY_CITY_NAME_HOSAENA">
			<Text>호사이나</Text>
			<Plurality>2</Plurality>
		</Row>
		<Row Tag="TXT_KEY_CITY_NAME_HUELVA">
			<Text>우엘바</Text>
			<Plurality>2</Plurality>
		</Row>
		<Row Tag="TXT_KEY_CITY_NAME_IBIZA">
			<Text>이비자</Text>
			<Plurality>2</Plurality>
		</Row>
		<Row Tag="TXT_KEY_CITY_NAME_IBOSSIM">
			<Text>이보심</Text>
		</Row>
		<Row Tag="TXT_KEY_CITY_NAME_ICONIUM">
			<Text>이코니움</Text>
		</Row>
		<Row Tag="TXT_KEY_CITY_NAME_INNSBRUCK">
			<Text>인스부룩</Text>
		</Row>
		<Row Tag="TXT_KEY_CITY_NAME_INVERNESS">
			<Text>인버네스</Text>
			<Plurality>2</Plurality>
		</Row>
		<Row Tag="TXT_KEY_CITY_NAME_IXINCHE">
			<Text>이신체</Text>
			<Plurality>2</Plurality>
		</Row>
		<Row Tag="TXT_KEY_CITY_NAME_IZAPA">
			<Text>이자파</Text>
			<Plurality>2</Plurality>
		</Row>
		<Row Tag="TXT_KEY_CITY_NAME_JAEN">
			<Text>하엔</Text>
		</Row>
		<Row Tag="TXT_KEY_CITY_NAME_JIJIGA">
			<Text>지지가</Text>
			<Plurality>2</Plurality>
		</Row>
		<Row Tag="TXT_KEY_CITY_NAME_JIMMA">
			<Text>짐마</Text>
			<Plurality>2</Plurality>
		</Row>
		<Row Tag="TXT_KEY_CITY_NAME_JONKOPING">
			<Text>이왼최핑</Text>
		</Row>
		<Row Tag="TXT_KEY_CITY_NAME_JYVASKYLA">
			<Text>유배스큘래</Text>
			<Plurality>2</Plurality>
		</Row>
		<Row Tag="TXT_KEY_CITY_NAME_KABAH">
			<Text>카바</Text>
			<Plurality>2</Plurality>
		</Row>
		<Row Tag="TXT_KEY_CITY_NAME_KAPFENBERG">
			<Text>카펜베르크</Text>
			<Plurality>2</Plurality>
		</Row>
		<Row Tag="TXT_KEY_CITY_NAME_KARALIS">
			<Text>카랄리스</Text>
			<Plurality>2</Plurality>
		</Row>
		<Row Tag="TXT_KEY_CITY_NAME_KARLSTAD">
			<Text>칼스타드</Text>
			<Plurality>2</Plurality>
		</Row>
		<Row Tag="TXT_KEY_CITY_NAME_KARS">
			<Text>카르스</Text>
			<Plurality>2</Plurality>
		</Row>
		<Row Tag="TXT_KEY_CITY_NAME_KERKRADE">
			<Text>케르크라데</Text>
			<Plurality>2</Plurality>
		</Row>
		<Row Tag="TXT_KEY_CITY_NAME_KERKYRA">
			<Text>케르키라</Text>
			<Plurality>2</Plurality>
		</Row>
		<Row Tag="TXT_KEY_CITY_NAME_KITZBUHEL">
			<Text>키츠뷔엘</Text>
		</Row>
		<Row Tag="TXT_KEY_CITY_NAME_KLAGENFURT">
			<Text>클라겐푸르트</Text>
			<Plurality>2</Plurality>
		</Row>
		<Row Tag="TXT_KEY_CITY_NAME_KLOSTERNEUBURG">
			<Text>클로스터노이부르크</Text>
			<Plurality>2</Plurality>
		</Row>
		<Row Tag="TXT_KEY_CITY_NAME_KOMBOLCHA">
			<Text>콘볼차</Text>
			<Plurality>2</Plurality>
		</Row>
		<Row Tag="TXT_KEY_CITY_NAME_KOUVOLA">
			<Text>쿠볼라</Text>
			<Plurality>2</Plurality>
		</Row>
		<Row Tag="TXT_KEY_CITY_NAME_KUFSTEIN">
			<Text>쿠프슈타인</Text>
		</Row>
		<Row Tag="TXT_KEY_CITY_NAME_KUOPIO">
			<Text>쿠오피오</Text>
			<Plurality>2</Plurality>
		</Row>
		<Row Tag="TXT_KEY_CITY_NAME_LA_CORUNA">
			<Text>라코루냐</Text>
			<Plurality>2</Plurality>
		</Row>
		<Row Tag="TXT_KEY_CITY_NAME_LAHTI">
			<Text>라티</Text>
			<Plurality>2</Plurality>
		</Row>
		<Row Tag="TXT_KEY_CITY_NAME_LALIBELA">
			<Text>랄리벨라</Text>
			<Plurality>2</Plurality>
		</Row>
		<Row Tag="TXT_KEY_CITY_NAME_LAMANAI">
			<Text>라마나이</Text>
			<Plurality>2</Plurality>
		</Row>
		<Row Tag="TXT_KEY_CITY_NAME_LAS_PALMAS">
			<Text>라스팔마스</Text>
			<Plurality>2</Plurality>
		</Row>
		<Row Tag="TXT_KEY_CITY_NAME_LEIDEN">
			<Text>레이던</Text>
		</Row>
		<Row Tag="TXT_KEY_CITY_NAME_LEOBEN">
			<Text>레오벤</Text>
		</Row>
		<Row Tag="TXT_KEY_CITY_NAME_LEON">
			<Text>리온</Text>
		</Row>
		<Row Tag="TXT_KEY_CITY_NAME_LEONDING">
			<Text>레온딩</Text>
		</Row>
		<Row Tag="TXT_KEY_CITY_NAME_LEPTISMAGNA">
			<Text>렙티스마그나</Text>
			<Plurality>2</Plurality>
		</Row>
		<Row Tag="TXT_KEY_CITY_NAME_LEPTISPARVA">
			<Text>렙티스파바</Text>
			<Plurality>2</Plurality>
		</Row>
		<Row Tag="TXT_KEY_CITY_NAME_LIENZ">
			<Text>린츠</Text>
			<Plurality>2</Plurality>
		</Row>
		<Row Tag="TXT_KEY_CITY_NAME_LILYBAEUM">
			<Text>릴리바이움</Text>
		</Row>
		<Row Tag="TXT_KEY_CITY_NAME_LIMERICK">
			<Text>리머릭</Text>
		</Row>
		<Row Tag="TXT_KEY_CITY_NAME_LINKOPING">
			<Text>린셰핑</Text>
		</Row>
		<Row Tag="TXT_KEY_CITY_NAME_LINZ">
			<Text>린츠</Text>
			<Plurality>2</Plurality>
		</Row>
		<Row Tag="TXT_KEY_CITY_NAME_LIXUS">
			<Text>릭서스</Text>
			<Plurality>2</Plurality>
		</Row>
		<Row Tag="TXT_KEY_CITY_NAME_LLANFAIRPWLLGWYNGYLL">
			<Text>랜바이어푸흘귄기흘</Text>
		</Row>
		<Row Tag="TXT_KEY_CITY_NAME_LODOSE">
			<Text>뢰되세</Text>
			<Plurality>2</Plurality>
		</Row>
		<Row Tag="TXT_KEY_CITY_NAME_LOGRONO">
			<Text>로그로뇨</Text>
			<Plurality>2</Plurality>
		</Row>
		<Row Tag="TXT_KEY_CITY_NAME_LONDONDERRY">
			<Text>런던데리</Text>
			<Plurality>2</Plurality>
		</Row>
		<Row Tag="TXT_KEY_CITY_NAME_LORIENT">
			<Text>로리엔트</Text>
			<Plurality>2</Plurality>
		</Row>
		<Row Tag="TXT_KEY_CITY_NAME_LUGO">
			<Text>루고</Text>
			<Plurality>2</Plurality>
		</Row>
		<Row Tag="TXT_KEY_CITY_NAME_LUND">
			<Text>룬드</Text>
			<Plurality>2</Plurality>
		</Row>
		<Row Tag="TXT_KEY_CITY_NAME_MAASTRICHT">
			<Text>마스트리히트</Text>
			<Plurality>2</Plurality>
		</Row>
		<Row Tag="TXT_KEY_CITY_NAME_MADRID">
			<Text>마드리드</Text>
			<Plurality>2</Plurality>
		</Row>
		<Row Tag="TXT_KEY_CITY_NAME_MALACA">
			<Text>말라카</Text>
			<Plurality>2</Plurality>
		</Row>
		<Row Tag="TXT_KEY_CITY_NAME_MALMO">
			<Text>말뫼</Text>
			<Plurality>2</Plurality>
		</Row>
		<Row Tag="TXT_KEY_CITY_NAME_MAYAPAN">
			<Text>마야판</Text>
		</Row>
		<Row Tag="TXT_KEY_CITY_NAME_MEKELE">
			<Text>멕엘레</Text>
			<Plurality>2</Plurality>
		</Row>
		<Row Tag="TXT_KEY_CITY_NAME_MERIDA">
			<Text>메리다</Text>
			<Plurality>2</Plurality>
		</Row>
		<Row Tag="TXT_KEY_CITY_NAME_MIDA">
			<Text>미다</Text>
			<Plurality>2</Plurality>
		</Row>
		<Row Tag="TXT_KEY_CITY_NAME_MOTYA">
			<Text>모티아</Text>
			<Plurality>2</Plurality>
		</Row>
		<Row Tag="TXT_KEY_CITY_NAME_MURCIA">
			<Text>무르시아</Text>
			<Plurality>2</Plurality>
		</Row>
		<Row Tag="TXT_KEY_CITY_NAME_NAISSUS">
			<Text>나이수스</Text>
			<Plurality>2</Plurality>
		</Row>
		<Row Tag="TXT_KEY_CITY_NAME_NAKBE">
			<Text>나크베</Text>
			<Plurality>2</Plurality>
		</Row>
		<Row Tag="TXT_KEY_CITY_NAME_NARANJO">
			<Text>나랑호</Text>
			<Plurality>2</Plurality>
		</Row>
		<Row Tag="TXT_KEY_CITY_NAME_NEGELEARSI">
			<Text>네겔레아르시</Text>
			<Plurality>2</Plurality>
		</Row>
		<Row Tag="TXT_KEY_CITY_NAME_NEKEMTE">
			<Text>네켐테</Text>
			<Plurality>2</Plurality>
		</Row>
		<Row Tag="TXT_KEY_CITY_NAME_NEWQUAY">
			<Text>뉴키</Text>
			<Plurality>2</Plurality>
		</Row>
		<Row Tag="TXT_KEY_CITY_NAME_NICAEA">
			<Text>니케아</Text>
			<Plurality>2</Plurality>
		</Row>
		<Row Tag="TXT_KEY_CITY_NAME_NICOMEDIA">
			<Text>니코메디아</Text>
			<Plurality>2</Plurality>
		</Row>
		<Row Tag="TXT_KEY_CITY_NAME_NIEUWSTADT">
			<Text>뉴웨스타드</Text>
			<Plurality>2</Plurality>
		</Row>
		<Row Tag="TXT_KEY_CITY_NAME_NIJMEGEN">
			<Text>네이메헨</Text>
		</Row>
		<Row Tag="TXT_KEY_CITY_NAME_NORRKOPING">
			<Text>노르셰핑</Text>
		</Row>
		<Row Tag="TXT_KEY_CITY_NAME_OEA">
			<Text>오에아</Text>
			<Plurality>2</Plurality>
		</Row>
		<Row Tag="TXT_KEY_CITY_NAME_OHRID">
			<Text>오흐리드</Text>
			<Plurality>2</Plurality>
		</Row>
		<Row Tag="TXT_KEY_CITY_NAME_ONCHAN">
			<Text>온찬</Text>
		</Row>
		<Row Tag="TXT_KEY_CITY_NAME_OREBRO">
			<Text>오레브로</Text>
			<Plurality>2</Plurality>
		</Row>
		<Row Tag="TXT_KEY_CITY_NAME_OULU">
			<Text>오울루</Text>
			<Plurality>2</Plurality>
		</Row>
		<Row Tag="TXT_KEY_CITY_NAME_OVIEDO">
			<Text>오비에도</Text>
			<Plurality>2</Plurality>
		</Row>
		<Row Tag="TXT_KEY_CITY_NAME_PALMA">
			<Text>팔마</Text>
			<Plurality>2</Plurality>
		</Row>
		<Row Tag="TXT_KEY_CITY_NAME_PAMPLONA">
			<Text>팜플로나</Text>
			<Plurality>2</Plurality>
		</Row>
		<Row Tag="TXT_KEY_CITY_NAME_PANORMUS">
			<Text>파노르무스</Text>
			<Plurality>2</Plurality>
		</Row>
		<Row Tag="TXT_KEY_CITY_NAME_PAVIKEN">
			<Text>파비켄</Text>
		</Row>
		<Row Tag="TXT_KEY_CITY_NAME_PEEL">
			<Text>필</Text>
		</Row>
		<Row Tag="TXT_KEY_CITY_NAME_PENZANCE">
			<Text>펜잔스</Text>
			<Plurality>2</Plurality>
		</Row>
		<Row Tag="TXT_KEY_CITY_NAME_PHOENICE">
			<Text>포에니케</Text>
			<Plurality>2</Plurality>
		</Row>
		<Row Tag="TXT_KEY_CITY_NAME_PIEDRANEGRAS">
			<Text>피에드라스 네그라스</Text>
			<Plurality>2</Plurality>
		</Row>
		<Row Tag="TXT_KEY_CITY_NAME_PORI">
			<Text>포리</Text>
			<Plurality>2</Plurality>
		</Row>
		<Row Tag="TXT_KEY_CITY_NAME_PRILEP">
			<Text>프릴레프</Text>
			<Plurality>2</Plurality>
		</Row>
		<Row Tag="TXT_KEY_CITY_NAME_QUIRIGUA">
			<Text>키리구아</Text>
			<Plurality>2</Plurality>
		</Row>
		<Row Tag="TXT_KEY_CITY_NAME_QUMARKAJ">
			<Text>쿠마카</Text>
			<Plurality>2</Plurality>
		</Row>
		<Row Tag="TXT_KEY_CITY_NAME_RAMSEY">
			<Text>램지</Text>
			<Plurality>2</Plurality>
		</Row>
		<Row Tag="TXT_KEY_CITY_NAME_ROTTERDAM">
			<Text>로테르담</Text>
		</Row>
		<Row Tag="TXT_KEY_CITY_NAME_RUSADIR">
			<Text>루사디르</Text>
			<Plurality>2</Plurality>
		</Row>
		<Row Tag="TXT_KEY_CITY_NAME_SAALBACH">
			<Text>잘아흐</Text>
			<Plurality>2</Plurality>
		</Row>
		<Row Tag="TXT_KEY_CITY_NAME_SABRATHE">
			<Text>사브라타</Text>
			<Plurality>2</Plurality>
		</Row>
		<Row Tag="TXT_KEY_CITY_NAME_SAGUNTUM">
			<Text>사군툼</Text>
		</Row>
		<Row Tag="TXT_KEY_CITY_NAME_SAINT_MALO">
			<Text>생말로</Text>
			<Plurality>2</Plurality>
		</Row>
		<Row Tag="TXT_KEY_CITY_NAME_SAINT_NAZAIRE">
			<Text>생나제르</Text>
			<Plurality>2</Plurality>
		</Row>
		<Row Tag="TXT_KEY_CITY_NAME_SALAMANCA">
			<Text>살라망카</Text>
			<Plurality>2</Plurality>
		</Row>
		<Row Tag="TXT_KEY_CITY_NAME_SALDAE">
			<Text>살대</Text>
			<Plurality>2</Plurality>
		</Row>
		<Row Tag="TXT_KEY_CITY_NAME_SALZBURG">
			<Text>잘츠부르크</Text>
			<Plurality>2</Plurality>
		</Row>
		<Row Tag="TXT_KEY_CITY_NAME_SAMOSATA">
			<Text>사모사타</Text>
			<Plurality>2</Plurality>
		</Row>
		<Row Tag="TXT_KEY_CITY_NAME_SAN_SEBASTIAN">
			<Text>산세바스티안</Text>
		</Row>
		<Row Tag="TXT_KEY_CITY_NAME_SANBARTOLO">
			<Text>산바톨로</Text>
			<Plurality>2</Plurality>
		</Row>
		<Row Tag="TXT_KEY_CITY_NAME_SANTANDER">
			<Text>산탄데르</Text>
			<Plurality>2</Plurality>
		</Row>
		<Row Tag="TXT_KEY_CITY_NAME_SANTIAGO">
			<Text>산티아고</Text>
			<Plurality>2</Plurality>
		</Row>
		<Row Tag="TXT_KEY_CITY_NAME_SARDICA">
			<Text>사르디카</Text>
			<Plurality>2</Plurality>
		</Row>
		<Row Tag="TXT_KEY_CITY_NAME_SEBETA">
			<Text>세베타</Text>
			<Plurality>2</Plurality>
		</Row>
		<Row Tag="TXT_KEY_CITY_NAME_SEIBAL">
			<Text>세이발</Text>
		</Row>
		<Row Tag="TXT_KEY_CITY_NAME_SELYMBRIA">
			<Text>셀림브리아</Text>
			<Plurality>2</Plurality>
		</Row>
		<Row Tag="TXT_KEY_CITY_NAME_SEVILLE">
			<Text>세비야</Text>
			<Plurality>2</Plurality>
		</Row>
		<Row Tag="TXT_KEY_CITY_NAME_SHASHAMANE">
			<Text>샤샤메인</Text>
		</Row>
		<Row Tag="TXT_KEY_CITY_NAME_SHERTOGENBOSCH">
			<Text>스헤르토헨보스</Text>
			<Plurality>2</Plurality>
		</Row>
		<Row Tag="TXT_KEY_CITY_NAME_SHIRE">
			<Text>샤이어</Text>
			<Plurality>2</Plurality>
		</Row>
		<Row Tag="TXT_KEY_CITY_NAME_SIGTUNA">
			<Text>시그투나</Text>
			<Plurality>2</Plurality>
		</Row>
		<Row Tag="TXT_KEY_CITY_NAME_SILLYON">
			<Text>실리온</Text>
		</Row>
		<Row Tag="TXT_KEY_CITY_NAME_SKARA">
			<Text>스카라</Text>
			<Plurality>2</Plurality>
		</Row>
		<Row Tag="TXT_KEY_CITY_NAME_SODO">
			<Text>소도</Text>
			<Plurality>2</Plurality>
		</Row>
		<Row Tag="TXT_KEY_CITY_NAME_SOLKI">
			<Text>술키</Text>
			<Plurality>2</Plurality>
		</Row>
		<Row Tag="TXT_KEY_CITY_NAME_SOLUNTUM">
			<Text>소룬툼</Text>
		</Row>
		<Row Tag="TXT_KEY_CITY_NAME_ST_AUSTELL">
			<Text>세인트오스텔</Text>
		</Row>
		<Row Tag="TXT_KEY_CITY_NAME_ST_IVES">
			<Text>세인트이베스</Text>
			<Plurality>2</Plurality>
		</Row>
		<Row Tag="TXT_KEY_CITY_NAME_STEYR">
			<Text>슈타이어</Text>
			<Plurality>2</Plurality>
		</Row>
		<Row Tag="TXT_KEY_CITY_NAME_STIRLING">
			<Text>스털링</Text>
		</Row>
		<Row Tag="TXT_KEY_CITY_NAME_STPOLTEN">
			<Text>장크트픨텐</Text>
		</Row>
		<Row Tag="TXT_KEY_CITY_NAME_STRANGNAS">
			<Text>스트랭나스</Text>
			<Plurality>2</Plurality>
		</Row>
		<Row Tag="TXT_KEY_CITY_NAME_SUNDSVALL">
			<Text>선츠발</Text>
		</Row>
		<Row Tag="TXT_KEY_CITY_NAME_SWANSEA">
			<Text>스완지</Text>
			<Plurality>2</Plurality>
		</Row>
		<Row Tag="TXT_KEY_CITY_NAME_TAKALIKABAJ">
			<Text>아바흐 타칼리크</Text>
			<Plurality>2</Plurality>
		</Row>
		<Row Tag="TXT_KEY_CITY_NAME_TAMPERE">
			<Text>탐페레</Text>
			<Plurality>2</Plurality>
		</Row>
		<Row Tag="TXT_KEY_CITY_NAME_TENERIFE">
			<Text>테네리페</Text>
			<Plurality>2</Plurality>
		</Row>
		<Row Tag="TXT_KEY_CITY_NAME_TERUEL">
			<Text>테루엘</Text>
		</Row>
		<Row Tag="TXT_KEY_CITY_NAME_THAPSUS">
			<Text>탑수스</Text>
			<Plurality>2</Plurality>
		</Row>
		<Row Tag="TXT_KEY_CITY_NAME_THARROS">
			<Text>타로스</Text>
			<Plurality>2</Plurality>
		</Row>
		<Row Tag="TXT_KEY_CITY_NAME_THEHAGUE">
			<Text>헤이그</Text>
			<Plurality>2</Plurality>
		</Row>
		<Row Tag="TXT_KEY_CITY_NAME_THEODOSIOPOLIS">
			<Text>테오도시오폴리스</Text>
			<Plurality>2</Plurality>
		</Row>
		<Row Tag="TXT_KEY_CITY_NAME_THEVESTE">
			<Text>테베스테</Text>
			<Plurality>2</Plurality>
		</Row>
		<Row Tag="TXT_KEY_CITY_NAME_TILBURG">
			<Text>틸뷔르흐</Text>
			<Plurality>2</Plurality>
		</Row>
		<Row Tag="TXT_KEY_CITY_NAME_TINGIS">
			<Text>틴기스</Text>
			<Plurality>2</Plurality>
		</Row>
		<Row Tag="TXT_KEY_CITY_NAME_TOLEDO">
			<Text>톨레도</Text>
			<Plurality>2</Plurality>
		</Row>
		<Row Tag="TXT_KEY_CITY_NAME_TRAIANOUPOLI">
			<Text>트라야누폴리</Text>
			<Plurality>2</Plurality>
		</Row>
		<Row Tag="TXT_KEY_CITY_NAME_TRAUN">
			<Text>트라운</Text>
			<Plurality>2</Plurality>
		</Row>
		<Row Tag="TXT_KEY_CITY_NAME_TREBIZOND">
			<Text>트레비존드</Text>
			<Plurality>2</Plurality>
		</Row>
		<Row Tag="TXT_KEY_CITY_NAME_TRURO">
			<Text>트루노</Text>
			<Plurality>2</Plurality>
		</Row>
		<Row Tag="TXT_KEY_CITY_NAME_TULUM">
			<Text>툴룸</Text>
		</Row>
		<Row Tag="TXT_KEY_CITY_NAME_TURKU">
			<Text>트르쿠</Text>
			<Plurality>2</Plurality>
		</Row>
		<Row Tag="TXT_KEY_CITY_NAME_TYANA">
			<Text>티아나</Text>
			<Plurality>2</Plurality>
		</Row>
		<Row Tag="TXT_KEY_CITY_NAME_UAXACTUN">
			<Text>우아작툰</Text>
		</Row>
		<Row Tag="TXT_KEY_CITY_NAME_UDEN">
			<Text>우덴</Text>
		</Row>
		<Row Tag="TXT_KEY_CITY_NAME_UMEA">
			<Text>우메오</Text>
			<Plurality>2</Plurality>
		</Row>
		<Row Tag="TXT_KEY_CITY_NAME_UPPSALA">
			<Text>웁살라</Text>
			<Plurality>2</Plurality>
		</Row>
		<Row Tag="TXT_KEY_CITY_NAME_UTIQUE">
			<Text>우티쿠</Text>
			<Plurality>2</Plurality>
		</Row>
		<Row Tag="TXT_KEY_CITY_NAME_UTRECHT">
			<Text>위트레흐트</Text>
			<Plurality>2</Plurality>
		</Row>
		<Row Tag="TXT_KEY_CITY_NAME_UXMAL">
			<Text>욱스말</Text>
		</Row>
		<Row Tag="TXT_KEY_CITY_NAME_VAASA">
			<Text>바사</Text>
			<Plurality>2</Plurality>
		</Row>
		<Row Tag="TXT_KEY_CITY_NAME_VALENCIA">
			<Text>발렌시아</Text>
			<Plurality>2</Plurality>
		</Row>
		<Row Tag="TXT_KEY_CITY_NAME_VALLADOLID">
			<Text>바야돌리드</Text>
			<Plurality>2</Plurality>
		</Row>
		<Row Tag="TXT_KEY_CITY_NAME_VANTAA">
			<Text>반타</Text>
			<Plurality>2</Plurality>
		</Row>
		<Row Tag="TXT_KEY_CITY_NAME_VARNA">
			<Text>바르나</Text>
			<Plurality>2</Plurality>
		</Row>
		<Row Tag="TXT_KEY_CITY_NAME_VASTERAS">
			<Text>베스터로스</Text>
			<Plurality>2</Plurality>
		</Row>
		<Row Tag="TXT_KEY_CITY_NAME_VAXJO">
			<Text>벡셰</Text>
			<Plurality>2</Plurality>
		</Row>
		<Row Tag="TXT_KEY_CITY_NAME_VENLO">
			<Text>벤로</Text>
			<Plurality>2</Plurality>
		</Row>
		<Row Tag="TXT_KEY_CITY_NAME_VIENNA">
			<Text>빈</Text>
		</Row>
		<Row Tag="TXT_KEY_CITY_NAME_VIGO">
			<Text>비고</Text>
			<Plurality>2</Plurality>
		</Row>
		<Row Tag="TXT_KEY_CITY_NAME_VILLACH">
			<Text>필라흐</Text>
			<Plurality>2</Plurality>
		</Row>
		<Row Tag="TXT_KEY_CITY_NAME_VISBY">
			<Text>비스비</Text>
			<Plurality>2</Plurality>
		</Row>
		<Row Tag="TXT_KEY_CITY_NAME_VITORIA">
			<Text>비토리아</Text>
			<Plurality>2</Plurality>
		</Row>
		<Row Tag="TXT_KEY_CITY_NAME_VLISSINGEN">
			<Text>플리싱겐</Text>
		</Row>
		<Row Tag="TXT_KEY_CITY_NAME_VODENA">
			<Text>보데나</Text>
			<Plurality>2</Plurality>
		</Row>
		<Row Tag="TXT_KEY_CITY_NAME_WAIDHOFEN">
			<Text>바이트호펜</Text>
		</Row>
		<Row Tag="TXT_KEY_CITY_NAME_WEESP">
			<Text>위스프</Text>
			<Plurality>2</Plurality>
		</Row>
		<Row Tag="TXT_KEY_CITY_NAME_WELDIYA">
			<Text>웰디야</Text>
			<Plurality>2</Plurality>
		</Row>
		<Row Tag="TXT_KEY_CITY_NAME_WELS">
			<Text>벨스</Text>
			<Plurality>2</Plurality>
		</Row>
		<Row Tag="TXT_KEY_CITY_NAME_WOLFSBERG">
			<Text>볼프스부르크</Text>
			<Plurality>2</Plurality>
		</Row>
		<Row Tag="TXT_KEY_CITY_NAME_XUNANTUNICH">
			<Text>주난투니치</Text>
			<Plurality>2</Plurality>
		</Row>
		<Row Tag="TXT_KEY_CITY_NAME_YAXHA">
			<Text>야스하</Text>
			<Plurality>2</Plurality>
		</Row>
		<Row Tag="TXT_KEY_CITY_NAME_YSTAD">
			<Text>위스타드</Text>
			<Plurality>2</Plurality>
		</Row>
		<Row Tag="TXT_KEY_CITY_NAME_ZACULEU">
			<Text>사쿨레우</Text>
			<Plurality>2</Plurality>
		</Row>
		<Row Tag="TXT_KEY_CITY_NAME_ZAMAREGIA">
			<Text>자마레기아</Text>
			<Plurality>2</Plurality>
		</Row>
		<Row Tag="TXT_KEY_CITY_NAME_ZAMORA">
			<Text>사모라</Text>
			<Plurality>2</Plurality>
		</Row>
		<Row Tag="TXT_KEY_CITY_NAME_ZARAGOZA">
			<Text>사라고사</Text>
			<Plurality>2</Plurality>
		</Row>
		<Row Tag="TXT_KEY_CITY_NAME_ZIWAY">
			<Text>지웨이</Text>
			<Plurality>2</Plurality>
		</Row>
		<Row Tag="TXT_KEY_CITY_NAME_ZUTPHEN">
			<Text>주트펜</Text>
		</Row>
		<Row Tag="TXT_KEY_CITY_NAME_ZWETTL">
			<Text>츠베틀</Text>
		</Row>
		<Row Tag="TXT_KEY_CITY_NAME_ZWOLLE">
			<Text>주올라</Text>
			<Plurality>2</Plurality>
		</Row>
	</Language_KO_KR>
</GameData>