﻿<?xml version="1.0" encoding="utf-8"?>
<!--Generated with LocalizationBuddy.-->
<!--Copyright Firaxis Games 2010-->
<!--All Rights Reserved-->
<GameData>
	<Language_KO_KR>
		<Row Tag="TXT_KEY_CITY_NAME_ALCORCON">
			<Text>알코르콘</Text>
		</Row>
		<Row Tag="TXT_KEY_CITY_NAME_ALICANTE">
			<Text>알리칸테</Text>
			<Plurality>2</Plurality>
		</Row>
		<Row Tag="TXT_KEY_CITY_NAME_ALMERIA">
			<Text>알메리아</Text>
			<Plurality>2</Plurality>
		</Row>
		<Row Tag="TXT_KEY_CITY_NAME_ANDAHUAYLAS">
			<Text>안다우일라스</Text>
			<Plurality>2</Plurality>
		</Row>
		<Row Tag="TXT_KEY_CITY_NAME_AREQUIPA">
			<Text>아레키파</Text>
			<Plurality>2</Plurality>
		</Row>
		<Row Tag="TXT_KEY_CITY_NAME_ASTURIAS">
			<Text>아스투리아스</Text>
			<Plurality>2</Plurality>
		</Row>
		<Row Tag="TXT_KEY_CITY_NAME_ATICO">
			<Text>아티코</Text>
			<Plurality>2</Plurality>
		</Row>
		<Row Tag="TXT_KEY_CITY_NAME_BADAJOZ">
			<Text>바다호스</Text>
			<Plurality>2</Plurality>
		</Row>
		<Row Tag="TXT_KEY_CITY_NAME_BARCELONA">
			<Text>바르셀로나</Text>
			<Plurality>2</Plurality>
		</Row>
		<Row Tag="TXT_KEY_CITY_NAME_BILBAO">
			<Text>빌바오</Text>
			<Plurality>2</Plurality>
		</Row>
		<Row Tag="TXT_KEY_CITY_NAME_BURGOS">
			<Text>부르고스</Text>
			<Plurality>2</Plurality>
		</Row>
		<Row Tag="TXT_KEY_CITY_NAME_CADIZ">
			<Text>카디스</Text>
			<Plurality>2</Plurality>
		</Row>
		<Row Tag="TXT_KEY_CITY_NAME_CAXAMALCA">
			<Text>칵사말카</Text>
			<Plurality>2</Plurality>
		</Row>
		<Row Tag="TXT_KEY_CITY_NAME_CHAN_CHAN">
			<Text>찬찬</Text>
		</Row>
		<Row Tag="TXT_KEY_CITY_NAME_CHUCUITO">
			<Text>추퀴토</Text>
			<Plurality>2</Plurality>
		</Row>
		<Row Tag="TXT_KEY_CITY_NAME_CHUITO">
			<Text>취토</Text>
			<Plurality>2</Plurality>
		</Row>
		<Row Tag="TXT_KEY_CITY_NAME_CHUQUIAPO">
			<Text>추쿠에아포</Text>
			<Plurality>2</Plurality>
		</Row>
		<Row Tag="TXT_KEY_CITY_NAME_CORDOBA">
			<Text>코르도바</Text>
			<Plurality>2</Plurality>
		</Row>
		<Row Tag="TXT_KEY_CITY_NAME_CORIHUAYACHINA">
			<Text>코리와랴치나</Text>
			<Plurality>2</Plurality>
		</Row>
		<Row Tag="TXT_KEY_CITY_NAME_CUSCO">
			<Text>쿠스코</Text>
			<Plurality>2</Plurality>
		</Row>
		<Row Tag="TXT_KEY_CITY_NAME_ELCHE">
			<Text>엘체</Text>
			<Plurality>2</Plurality>
		</Row>
		<Row Tag="TXT_KEY_CITY_NAME_GRANADA">
			<Text>그라나다</Text>
			<Plurality>2</Plurality>
		</Row>
		<Row Tag="TXT_KEY_CITY_NAME_HUACA">
			<Text>후아카</Text>
			<Plurality>2</Plurality>
		</Row>
		<Row Tag="TXT_KEY_CITY_NAME_HUAMANGA">
			<Text>우아망가</Text>
			<Plurality>2</Plurality>
		</Row>
		<Row Tag="TXT_KEY_CITY_NAME_HUANUCOPAMPA">
			<Text>후아누코 팜파</Text>
			<Plurality>2</Plurality>
		</Row>
		<Row Tag="TXT_KEY_CITY_NAME_HUARAS">
			<Text>우아라스</Text>
			<Plurality>2</Plurality>
		</Row>
		<Row Tag="TXT_KEY_CITY_NAME_HUELVA">
			<Text>웰바</Text>
			<Plurality>2</Plurality>
		</Row>
		<Row Tag="TXT_KEY_CITY_NAME_IBIZA">
			<Text>이비자</Text>
			<Plurality>2</Plurality>
		</Row>
		<Row Tag="TXT_KEY_CITY_NAME_ICA">
			<Text>이카</Text>
			<Plurality>2</Plurality>
		</Row>
		<Row Tag="TXT_KEY_CITY_NAME_JAEN">
			<Text>하엔</Text>
		</Row>
		<Row Tag="TXT_KEY_CITY_NAME_JULI">
			<Text>쥴리</Text>
			<Plurality>2</Plurality>
		</Row>
		<Row Tag="TXT_KEY_CITY_NAME_KUELAP">
			<Text>큐에랍</Text>
		</Row>
		<Row Tag="TXT_KEY_CITY_NAME_LA_CORUNA">
			<Text>라 코루냐</Text>
			<Plurality>2</Plurality>
		</Row>
		<Row Tag="TXT_KEY_CITY_NAME_LAS_PALMAS">
			<Text>라스 팔마스</Text>
			<Plurality>2</Plurality>
		</Row>
		<Row Tag="TXT_KEY_CITY_NAME_LEON">
			<Text>레옹</Text>
		</Row>
		<Row Tag="TXT_KEY_CITY_NAME_LLACTAPATA">
			<Text>락타파타</Text>
			<Plurality>2</Plurality>
		</Row>
		<Row Tag="TXT_KEY_CITY_NAME_LOGRONO">
			<Text>로그로뇨</Text>
			<Plurality>2</Plurality>
		</Row>
		<Row Tag="TXT_KEY_CITY_NAME_LUGO">
			<Text>루고</Text>
			<Plurality>2</Plurality>
		</Row>
		<Row Tag="TXT_KEY_CITY_NAME_MACHU">
			<Text>마추</Text>
			<Plurality>2</Plurality>
		</Row>
		<Row Tag="TXT_KEY_CITY_NAME_MADRID">
			<Text>마드리드</Text>
			<Plurality>2</Plurality>
		</Row>
		<Row Tag="TXT_KEY_CITY_NAME_MERIDA">
			<Text>메리다</Text>
			<Plurality>2</Plurality>
		</Row>
		<Row Tag="TXT_KEY_CITY_NAME_MIDA">
			<Text>미다</Text>
			<Plurality>2</Plurality>
		</Row>
		<Row Tag="TXT_KEY_CITY_NAME_MURCIA">
			<Text>무르시아</Text>
			<Plurality>2</Plurality>
		</Row>
		<Row Tag="TXT_KEY_CITY_NAME_NASCA">
			<Text>나스카</Text>
			<Plurality>2</Plurality>
		</Row>
		<Row Tag="TXT_KEY_CITY_NAME_OLLANTAYTAMBO">
			<Text>올란타이탐보</Text>
			<Plurality>2</Plurality>
		</Row>
		<Row Tag="TXT_KEY_CITY_NAME_OVIEDO">
			<Text>오비에도</Text>
			<Plurality>2</Plurality>
		</Row>
		<Row Tag="TXT_KEY_CITY_NAME_PACHACAMAC">
			<Text>파차카막</Text>
		</Row>
		<Row Tag="TXT_KEY_CITY_NAME_PAJATEN">
			<Text>파자텐</Text>
		</Row>
		<Row Tag="TXT_KEY_CITY_NAME_PALMA">
			<Text>팔마</Text>
			<Plurality>2</Plurality>
		</Row>
		<Row Tag="TXT_KEY_CITY_NAME_PAMPLONA">
			<Text>팜플로나</Text>
			<Plurality>2</Plurality>
		</Row>
		<Row Tag="TXT_KEY_CITY_NAME_PISAC">
			<Text>피삭</Text>
		</Row>
		<Row Tag="TXT_KEY_CITY_NAME_RIOBAMBA">
			<Text>리오밤바</Text>
			<Plurality>2</Plurality>
		</Row>
		<Row Tag="TXT_KEY_CITY_NAME_SALAMANCA">
			<Text>살라망카</Text>
			<Plurality>2</Plurality>
		</Row>
		<Row Tag="TXT_KEY_CITY_NAME_SAN_SEBASTIAN">
			<Text>산 세바스티안</Text>
		</Row>
		<Row Tag="TXT_KEY_CITY_NAME_SANTANDER">
			<Text>산탄데르</Text>
			<Plurality>2</Plurality>
		</Row>
		<Row Tag="TXT_KEY_CITY_NAME_SANTIAGO">
			<Text>산티아고</Text>
			<Plurality>2</Plurality>
		</Row>
		<Row Tag="TXT_KEY_CITY_NAME_SAUSA">
			<Text>소우사</Text>
			<Plurality>2</Plurality>
		</Row>
		<Row Tag="TXT_KEY_CITY_NAME_SEVILLE">
			<Text>세빌랴</Text>
		</Row>
		<Row Tag="TXT_KEY_CITY_NAME_SIPAN">
			<Text>시판</Text>
		</Row>
		<Row Tag="TXT_KEY_CITY_NAME_TAMBOCCOCHA">
			<Text>탐보코챠</Text>
			<Plurality>2</Plurality>
		</Row>
		<Row Tag="TXT_KEY_CITY_NAME_TAMBOCOLORADO">
			<Text>탐보 콜로라도</Text>
			<Plurality>2</Plurality>
		</Row>
		<Row Tag="TXT_KEY_CITY_NAME_TENERIFE">
			<Text>테네리페</Text>
			<Plurality>2</Plurality>
		</Row>
		<Row Tag="TXT_KEY_CITY_NAME_TERUEL">
			<Text>테루엘</Text>
		</Row>
		<Row Tag="TXT_KEY_CITY_NAME_TIWANAKU">
			<Text>티와나쿠</Text>
			<Plurality>2</Plurality>
		</Row>
		<Row Tag="TXT_KEY_CITY_NAME_TOLEDO">
			<Text>톨레노</Text>
			<Plurality>2</Plurality>
		</Row>
		<Row Tag="TXT_KEY_CITY_NAME_TUMBES">
			<Text>툼베스</Text>
			<Plurality>2</Plurality>
		</Row>
		<Row Tag="TXT_KEY_CITY_NAME_VALENCIA">
			<Text>발렌시아</Text>
			<Plurality>2</Plurality>
		</Row>
		<Row Tag="TXT_KEY_CITY_NAME_VALLADOLID">
			<Text>바야돌리드</Text>
			<Plurality>2</Plurality>
		</Row>
		<Row Tag="TXT_KEY_CITY_NAME_VIGO">
			<Text>비고</Text>
			<Plurality>2</Plurality>
		</Row>
		<Row Tag="TXT_KEY_CITY_NAME_VILCABAMBA">
			<Text>빌카밤바</Text>
			<Plurality>2</Plurality>
		</Row>
		<Row Tag="TXT_KEY_CITY_NAME_VILCAS">
			<Text>빌카스</Text>
			<Plurality>2</Plurality>
		</Row>
		<Row Tag="TXT_KEY_CITY_NAME_VITCOS">
			<Text>비코스</Text>
			<Plurality>2</Plurality>
		</Row>
		<Row Tag="TXT_KEY_CITY_NAME_VITORIA">
			<Text>비토리아</Text>
			<Plurality>2</Plurality>
		</Row>
		<Row Tag="TXT_KEY_CITY_NAME_ZAMORA">
			<Text>사모라</Text>
			<Plurality>2</Plurality>
		</Row>
		<Row Tag="TXT_KEY_CITY_NAME_ZARAGOZA">
			<Text>사라고사</Text>
			<Plurality>2</Plurality>
		</Row>
	</Language_KO_KR>
</GameData>