﻿<?xml version="1.0" encoding="utf-8"?>
<!--Generated with LocalizationBuddy.-->
<!--Copyright Firaxis Games 2010-->
<!--All Rights Reserved-->
<GameData>
    <Language_KO_KR>
        <Row Tag="TXT_KEY_CITY_NAME_ACAPULCO">
            <Text>아카풀코</Text>
            <Plurality>2</Plurality>
        </Row>
        <Row Tag="TXT_KEY_CITY_NAME_ANTIGUA">
            <Text>안티가</Text>
            <Plurality>2</Plurality>
        </Row>
        <Row Tag="TXT_KEY_CITY_NAME_ASUNCION">
            <Text>아순시온</Text>
        </Row>
        <Row Tag="TXT_KEY_CITY_NAME_BUENOS_AIRES">
            <Text>부에노스 아이레스</Text>
            <Plurality>2</Plurality>
        </Row>
        <Row Tag="TXT_KEY_CITY_NAME_CALLAO">
            <Text>카야오</Text>
            <Plurality>2</Plurality>
        </Row>
        <Row Tag="TXT_KEY_CITY_NAME_CARTAGENA">
            <Text>카르타헤나</Text>
            <Plurality>2</Plurality>
        </Row>
        <Row Tag="TXT_KEY_CITY_NAME_CAYENNE">
            <Text>카이엔</Text>
        </Row>
        <Row Tag="TXT_KEY_CITY_NAME_CHARLESBOURG_ROYALE">
            <Text>찰스버그 로얄</Text>
        </Row>
        <Row Tag="TXT_KEY_CITY_NAME_DOMINICA">
            <Text>도미니카</Text>
            <Plurality>2</Plurality>
        </Row>
        <Row Tag="TXT_KEY_CITY_NAME_FORT_CAROLINE">
            <Text>포트 캐롤라인</Text>
        </Row>
        <Row Tag="TXT_KEY_CITY_NAME_FORT_SAINT_PIERRE">
            <Text>포트 세인트 피에르</Text>
            <Plurality>2</Plurality>
        </Row>
        <Row Tag="TXT_KEY_CITY_NAME_FRANCE_ANTARCTIQUE">
            <Text>프랑스 앙따르띠끄</Text>
            <Plurality>2</Plurality>
        </Row>
        <Row Tag="TXT_KEY_CITY_NAME_HAVANA">
            <Text>아바나</Text>
            <Plurality>2</Plurality>
        </Row>
        <Row Tag="TXT_KEY_CITY_NAME_JAMESTOWN">
            <Text>제임스타운</Text>
        </Row>
        <Row Tag="TXT_KEY_CITY_NAME_LA_GRENADE">
            <Text>라 그레나데</Text>
            <Plurality>2</Plurality>
        </Row>
        <Row Tag="TXT_KEY_CITY_NAME_MONTREAL">
            <Text>몬트리올</Text>
        </Row>
        <Row Tag="TXT_KEY_CITY_NAME_NOMBRE_DE_DIOS">
            <Text>놈브레 데 디오스</Text>
            <Plurality>2</Plurality>
        </Row>
        <Row Tag="TXT_KEY_CITY_NAME_PANAMA">
            <Text>파나마</Text>
            <Plurality>2</Plurality>
        </Row>
        <Row Tag="TXT_KEY_CITY_NAME_PLYMOUTH_COLONY">
            <Text>플리머스 식민지</Text>
            <Plurality>2</Plurality>
        </Row>
        <Row Tag="TXT_KEY_CITY_NAME_PORT_ROYAL">
            <Text>포트 로얄</Text>
        </Row>
        <Row Tag="TXT_KEY_CITY_NAME_PROVIDENCE">
            <Text>프로비던스</Text>
            <Plurality>2</Plurality>
        </Row>
        <Row Tag="TXT_KEY_CITY_NAME_QUEBEC">
            <Text>퀘백</Text>
        </Row>
        <Row Tag="TXT_KEY_CITY_NAME_ROANOKE_ISLAND">
            <Text>로아노크 아일랜드</Text>
            <Plurality>2</Plurality>
        </Row>
        <Row Tag="TXT_KEY_CITY_NAME_SAINT_CRISTOPHE">
            <Text>세잉 크리스또프</Text>
            <Plurality>2</Plurality>
        </Row>
        <Row Tag="TXT_KEY_CITY_NAME_SALEM">
            <Text>세일럼</Text>
        </Row>
        <Row Tag="TXT_KEY_CITY_NAME_SAN_JUAN">
            <Text>산 후안</Text>
        </Row>
        <Row Tag="TXT_KEY_CITY_NAME_SANTO_DOMINGO">
            <Text>산토 도밍고</Text>
            <Plurality>2</Plurality>
        </Row>
        <Row Tag="TXT_KEY_CITY_NAME_SAYBROOK">
            <Text>세이브룩</Text>
        </Row>
        <Row Tag="TXT_KEY_CITY_NAME_ST_GEORGE">
            <Text>세인트 조지</Text>
            <Plurality>2</Plurality>
        </Row>
        <Row Tag="TXT_KEY_CITY_NAME_ST_JOHNS">
            <Text>세인트 존스</Text>
            <Plurality>2</Plurality>
        </Row>
        <Row Tag="TXT_KEY_CITY_NAME_ST_MARYS_CITY">
            <Text>세인트 매리스 시티</Text>
            <Plurality>2</Plurality>
        </Row>
        <Row Tag="TXT_KEY_CITY_NAME_TADOUSSAC">
            <Text>타두삭</Text>
        </Row>
        <Row Tag="TXT_KEY_CITY_NAME_TROIS_RIVIERES">
            <Text>트로이스 라이비에레스</Text>
            <Plurality>2</Plurality>
        </Row>
        <Row Tag="TXT_KEY_CITY_NAME_VALPARAISO">
            <Text>발파라이소</Text>
            <Plurality>2</Plurality>
        </Row>
        <Row Tag="TXT_KEY_CITY_NAME_VERACRUZ">
            <Text>베라크루즈</Text>
            <Plurality>2</Plurality>
        </Row>
        <Row Tag="TXT_KEY_CITY_NAME_WETHERSFIELD">
            <Text>웨더즈필드</Text>
            <Plurality>2</Plurality>
        </Row>
        <Row Tag="TXT_KEY_CITY_NAME_WINDSOR">
            <Text>윈저</Text>
            <Plurality>2</Plurality>
        </Row>
    </Language_KO_KR>
</GameData>