﻿<?xml version="1.0" encoding="utf-8"?>
<!--Generated with LocalizationBuddy.-->
<!--Copyright Firaxis Games 2010-->
<!--All Rights Reserved-->
<GameData>
	<Language_KO_KR>
		<Row Tag="TXT_KEY_CIV_INCA_ADJECTIVE">
			<Text>[COLOR:200:230:0:255]잉카[ENDCOLOR]의</Text>
		</Row>
		<Row Tag="TXT_KEY_CIV_INCA_DESC">
			<Text>잉카 제국</Text>
		</Row>
		<Row Tag="TXT_KEY_CIV_INCA_SHORT_DESC">
			<Text>[COLOR:200:230:0:255]잉카[ENDCOLOR]</Text>
			<Plurality>2</Plurality>
		</Row>
		<Row Tag="TXT_KEY_CIV_SPAIN_ADJECTIVE">
			<Text>[COLOR:255:60:90:255]스페인[ENDCOLOR]의</Text>
		</Row>
		<Row Tag="TXT_KEY_CIV_SPAIN_DESC">
			<Text>스페인 제국</Text>
		</Row>
		<Row Tag="TXT_KEY_CIV_SPAIN_SHORT_DESC">
			<Text>[COLOR:255:60:90:255]스페인[ENDCOLOR]</Text>
		</Row>
	</Language_KO_KR>
</GameData>