﻿<?xml version="1.0" encoding="utf-8"?>
<!--Generated with LocalizationBuddy.-->
<!--Copyright Firaxis Games 2010-->
<!--All Rights Reserved-->
<GameData>
  <Language_KO_KR>
		<Row Tag="TXT_KEY_LEADER_GENGHIS_AGREE_SHORT_1">
			<Text>좋소.</Text>
		</Row>
		<Row Tag="TXT_KEY_LEADER_GENGHIS_AGREE_SHORT_2">
			<Text>그것 참 좋군.</Text>
		</Row>
		<Row Tag="TXT_KEY_LEADER_GENGHIS_AGREE_SHORT_3">
			<Text>물론이지.</Text>
		</Row>
		<Row Tag="TXT_KEY_LEADER_GENGHIS_AGREE_SHORT_4">
			<Text>그렇소.</Text>
		</Row>	
		<Row Tag="TXT_KEY_LEADER_GENGHIS_ATTACKED_1">
			<Text>당신을 광기 속으로 몰아넣어 주지. 그런 당신을 파멸시킬 것이고 세상은 기뻐할 것이야.</Text>
		</Row>
		<Row Tag="TXT_KEY_LEADER_GENGHIS_ATTACKED_2">
			<Text>오만의 대가를 치를 것이야!</Text>
		</Row>
		<Row Tag="TXT_KEY_LEADER_GENGHIS_ATTACKED_3">
			<Text>좋군! 우리 전사들이 그대의 땅으로 갈 것이오!</Text>
		</Row>		
		<Row Tag="TXT_KEY_LEADER_GENGHIS_DECLAREWAR_1">
			<Text>이것은 피할 수 없는 흐름이지 그리고 지금이 바로 그 때인 것이야!</Text>
		</Row>
		<Row Tag="TXT_KEY_LEADER_GENGHIS_DECLAREWAR_2">
			<Text>이런 약골 같은 이라니. 죽어라!</Text>
		</Row>
		<Row Tag="TXT_KEY_LEADER_GENGHIS_DECLAREWAR_3">
			<Text>파멸의 시간이 다가왔소.</Text>
		</Row>    
		<Row Tag="TXT_KEY_LEADER_GENGHIS_DEFEATED_1">
			<Text>나보다 강하군. 축하해주지.</Text>
		</Row>
		<Row Tag="TXT_KEY_LEADER_GENGHIS_DEFEATED_2">
			<Text>졌소, 대가를 치러야 하겠지. 처벌을 달게받겠소.</Text>
		</Row>
		<Row Tag="TXT_KEY_LEADER_GENGHIS_DEFEATED_3">
			<Text>나의 파멸로 당신은 당신의 길을 갈 수 있겠지. 기억하시오. 당신의 적을 부수고 세계를 정복해야 한다는 걸!</Text>
		</Row>
		<Row Tag="TXT_KEY_LEADER_GENGHIS_DEMANDTRIBUTE_ANGRY">
			<Text>우리가 원하는 것을 주던가 죽음을 택하던가 선택하라!</Text>
		</Row>
		<Row Tag="TXT_KEY_LEADER_GENGHIS_DEMANDTRIBUTE_HAPPY">
			<Text>우리의 계속된 우정은 값진 것이지. 여기 있소.</Text>
		</Row>
		<Row Tag="TXT_KEY_LEADER_GENGHIS_DEMANDTRIBUTE_NEUTRAL">
			<Text>허락하던가 아니면 고통을 맛볼 것이오.</Text>
		</Row>    
		<Row Tag="TXT_KEY_LEADER_GENGHIS_DISAGREE_SHORT_1">
			<Text>낮게 깔린 목소리로 "아니"라고 내 귓가에 속삭였습니다.</Text>
		</Row>
		<Row Tag="TXT_KEY_LEADER_GENGHIS_DISAGREE_SHORT_2">
			<Text>아니오.</Text>
		</Row>
		<Row Tag="TXT_KEY_LEADER_GENGHIS_DISAGREE_SHORT_3">
			<Text>아니라니까!</Text>
		</Row>
		<Row Tag="TXT_KEY_LEADER_GENGHIS_DISAGREE_SHORT_4">
			<Text>허락할 수 없소.</Text>
		</Row>
		<Row Tag="TXT_KEY_LEADER_GENGHIS_DISAGREE_SHORT_5">
			<Text>안되오.</Text>
		</Row>
		<Row Tag="TXT_KEY_LEADER_GENGHIS_DISAGREE_SHORT_6">
			<Text>받아들이기 어렵군.</Text>
		</Row>
		<Row Tag="TXT_KEY_LEADER_GENGHIS_DISAGREE_SHORT_7">
			<Text>진지하지 못하군!</Text>
		</Row>		
		<Row Tag="TXT_KEY_LEADER_GENGHIS_FIRSTGREETING_1">
			<Text>용감무쌍한 몽골 전사가 당신을 맞이하니, 존경으로 대하라. 그러면 내일의 해를 볼 수 없을 것이다.</Text>
		</Row>
		<Row Tag="TXT_KEY_LEADER_GENGHIS_FIRSTGREETING_2">
			<Text>테무친이라 하오, 초원의 지배자이자 도시의 정복자지. 조심하지 않으면 공포를 맛보게 될 것이다.</Text>
		</Row>
		<Row Tag="TXT_KEY_LEADER_GENGHIS_FIRSTGREETING_3">
			<Text>반갑소. 나는 테무친이오. 당신이 믿을 수 있는 친구이거나 싸울 가치 있는 적이기를 바라겠소.</Text>
		</Row>    
		<Row Tag="TXT_KEY_LEADER_GENGHIS_GOODBYE_1">
			<Text>잘 가시오.</Text>
		</Row>
		<Row Tag="TXT_KEY_LEADER_GENGHIS_GOODBYE_2">
			<Text>가시오.</Text>
		</Row>
		<Row Tag="TXT_KEY_LEADER_GENGHIS_GOODBYE_3">
			<Text>다음에 다시 만날 때까지.</Text>
		</Row>
		<Row Tag="TXT_KEY_LEADER_GENGHIS_GOODBYE_4">
			<Text>당장 가시오.</Text>
		</Row>
		<Row Tag="TXT_KEY_LEADER_GENGHIS_GOODBYE_5">
			<Text>끝났소.</Text>
		</Row>
    	<Row Tag="TXT_KEY_LEADER_GENGHIS_GOODBYE_6">
	        <Text>우리의 일은 여기서 끝이오.</Text>
		</Row>    
		<Row Tag="TXT_KEY_LEADER_GENGHIS_GREETING_1">
			<Text>어서오시오.</Text>
		</Row>
		<Row Tag="TXT_KEY_LEADER_GENGHIS_GREETING_2">
			<Text>안녕하시오.</Text>
		</Row>
		<Row Tag="TXT_KEY_LEADER_GENGHIS_GREETING_3">
			<Text>반갑군.</Text>
		</Row>
		<Row Tag="TXT_KEY_LEADER_GENGHIS_GREETING_4">
			<Text>오, 그대인가?</Text>
		</Row>
		<Row Tag="TXT_KEY_LEADER_GENGHIS_GREETING_5">
			<Text>음?</Text>
		</Row>
		<Row Tag="TXT_KEY_LEADER_GENGHIS_GREETING_6">
			<Text>무엇을 원하시오?</Text>
		</Row>    
		<Row Tag="TXT_KEY_LEADER_GENGHIS_LETSHEARIT_1">
			<Text>계속해보시오.</Text>
		</Row>
		<Row Tag="TXT_KEY_LEADER_GENGHIS_LETSHEARIT_2">
			<Text>계속.</Text>
		</Row>
		<Row Tag="TXT_KEY_LEADER_GENGHIS_LETSHEARIT_3">
			<Text>계속하시오.</Text>
		</Row>
		<Row Tag="TXT_KEY_LEADER_GENGHIS_LETSHEARIT_4">
			<Text>듣고 있소.</Text>
		</Row>
		<Row Tag="TXT_KEY_LEADER_GENGHIS_LETSHEARIT_5">
			<Text>흠?</Text>
		</Row>		
		<Row Tag="TXT_KEY_LEADER_GENGHIS_LOSEWAR_1">
			<Text>너무 얕잡아봤군. 두 번 다시 이런 일은 없을 것이야!</Text>
		</Row>		
		<Row Tag="TXT_KEY_LEADER_GENGHIS_TRADE_NEEDMORE_ANGRY_1">
			<Text>내 시간을 낭비하지 마라, 미물아. 할 말이 있으면 하고 없으면 꺼져라.</Text>
		</Row>
		<Row Tag="TXT_KEY_LEADER_GENGHIS_TRADE_NEEDMORE_ANGRY_2">
			<Text>모자란 것 같군.</Text>
		</Row>
		<Row Tag="TXT_KEY_LEADER_GENGHIS_TRADE_NEEDMORE_ANGRY_3">
			<Text>이게 좀 더 나아 보이는군.</Text>
		</Row>
		<Row Tag="TXT_KEY_LEADER_GENGHIS_TRADE_NEEDMORE_ANGRY_4">
			<Text>거의...</Text>
		</Row>
		<Row Tag="TXT_KEY_LEADER_GENGHIS_TRADE_NEEDMORE_HAPPY_1">
			<Text>포기하고 말도 안 되는 가격에 넘긴다면 부족민들이 반역을 일으킬 것 이야. 좀 더 내놓으라고.</Text>
		</Row>
		<Row Tag="TXT_KEY_LEADER_GENGHIS_TRADE_NEEDMORE_HAPPY_2">
			<Text>이게 그대가 할 수 있는 최선이란 것인가?</Text>
		</Row>
		<Row Tag="TXT_KEY_LEADER_GENGHIS_TRADE_NEEDMORE_HAPPY_3">
			<Text>거의 다됐어...</Text>
		</Row>		
		<Row Tag="TXT_KEY_LEADER_GENGHIS_TRADE_NEEDMORE_NEUTRAL_1">
			<Text>날 바보 취급하지 마라. 난 전 생애에 걸쳐 말을 거래하면서 살아왔소. 좀 더 내놓아야 할 것이야.</Text>
		</Row>
		<Row Tag="TXT_KEY_LEADER_GENGHIS_TRADE_NEEDMORE_NEUTRAL_2">
			<Text>좀 더 줄 수 없나?</Text>
		</Row>
		<Row Tag="TXT_KEY_LEADER_GENGHIS_TRADE_NEEDMORE_NEUTRAL_3">
			<Text>나쁘지 않은 양이군. 충분해.</Text>
		</Row>
		<Row Tag="TXT_KEY_LEADER_GENGHIS_TRADE_NEEDMORE_NEUTRAL_4">
			<Text>거의...</Text>
		</Row>    
		<Row Tag="TXT_KEY_LEADER_GENGHIS_TRADE_NO_ANGRY">
			<Text>쉽게 약탈할 수 있는 것을 왜 우리가 지불해야 하지? 안 해.</Text>
		</Row>
		<Row Tag="TXT_KEY_LEADER_GENGHIS_TRADE_NO_HAPPY">
			<Text>우리의 우애가 아니었다면 나는 너의 제안에 극도의 모욕을 느꼈을걸세.</Text>
		</Row>
		<Row Tag="TXT_KEY_LEADER_GENGHIS_TRADE_NO_NEUTRAL">
			<Text>이런 미친 제안을 가져와 날 모욕하다니. 거절이야.</Text>
		</Row>    
		<Row Tag="TXT_KEY_LEADER_GENGHIS_TRADE_YES_ANGRY">
			<Text>왜 안돼? 우리의 마음이 바뀌면 언제든지 다시 가져갈 거야.</Text>
		</Row>
		<Row Tag="TXT_KEY_LEADER_GENGHIS_TRADE_YES_HAPPY">
			<Text>기쁘군!</Text>
		</Row>
		<Row Tag="TXT_KEY_LEADER_GENGHIS_TRADE_YES_NEUTRAL">
			<Text>적당하군. 빋아들이지.</Text>
		</Row>    
		<Row Tag="TXT_KEY_LEADER_GENGHIS_TRADEREQUEST_ANGRY">
			<Text>이런 합리적이면서 공정한 제안을 받아들일 거라 믿소.</Text>
		</Row>
		<Row Tag="TXT_KEY_LEADER_GENGHIS_TRADEREQUEST_HAPPY">
			<Text>이 거래에 관심있나?</Text>
		</Row>
		<Row Tag="TXT_KEY_LEADER_GENGHIS_TRADEREQUEST_NEUTRAL">
			<Text>내가 추천한 이 거래를 승낙하기 바라오. 나는 매우 관대한 편이지.</Text>
		</Row>    
		<Row Tag="TXT_KEY_LEADER_GENGHIS_TRIBUTE_NO_ANGRY">
			<Text>자살을 하고 싶은 것이냐? 꺼져버려.</Text>
		</Row>
		<Row Tag="TXT_KEY_LEADER_GENGHIS_TRIBUTE_NO_HAPPY">
			<Text>전쟁에서 우리를 도발하고 싶겠지? 좀 더 노력해 거의 다됐어.</Text>
		</Row>
		<Row Tag="TXT_KEY_LEADER_GENGHIS_TRIBUTE_NO_NEUTRAL">
			<Text>네가 지금 미친 소리를 하고 있구나. 너의 건방짐을 단죄하지는 않으마! 썩 꺼져라!</Text>
		</Row>    
		<Row Tag="TXT_KEY_LEADER_GENGHIS_TRIBUTE_YES_ANGRY">
			<Text>좋소. 하지만, 이것이 결국 당신의 목을 조일 날이 올 것이오.</Text>
		</Row>
		<Row Tag="TXT_KEY_LEADER_GENGHIS_TRIBUTE_YES_HAPPY">
			<Text>축하해주마. 우리를 갈취해가는 이 행위를 말이지. 그대의 요구를 따를 것이야.</Text>
		</Row>
		<Row Tag="TXT_KEY_LEADER_GENGHIS_TRIBUTE_YES_NEUTRAL">
			<Text>그대는 우리에게 약점을 가지고 있지그래 맞아. 지금 말이지.</Text>
		</Row>    
		<Row Tag="TXT_KEY_LEADER_GENGHIS_WARBLUFF_1">
			<Text>너의 용기를 칭찬해주지.</Text>
		</Row>
		<Row Tag="TXT_KEY_LEADER_GENGHIS_WARBLUFF_2">
			<Text>어리석음을 깨닫지 못하는군. 이 일을 후회하게 될 것 이야!</Text>
		</Row>
		<Row Tag="TXT_KEY_LEADER_GENGHIS_WARBLUFF_3">
			<Text>바보 같은 녀석.</Text>
		</Row>
		<Row Tag="TXT_KEY_LEADER_GENGHIS_WINWAR_1">
			<Text>살려줄 테니 너의 행운에 감사해라.</Text>
		</Row>		
  </Language_KO_KR>
</GameData>