﻿<?xml version="1.0" encoding="utf-8"?>
<!--Generated with LocalizationBuddy.-->
<!--Copyright Firaxis Games 2010-->
<!--All Rights Reserved-->
<GameData>
  <Language_KO_KR>
    <Row Tag="TXT_KEY_LEADER_KAMEHAMEHA_AGREE_SHORT_1">
      <Text>그럽시다.</Text>
    </Row>
    <Row Tag="TXT_KEY_LEADER_KAMEHAMEHA_AGREE_SHORT_2">
      <Text>좋습니다.</Text>
    </Row>
    <Row Tag="TXT_KEY_LEADER_KAMEHAMEHA_AGREE_SHORT_3">
      <Text>물론입니다.</Text>
    </Row>
    <Row Tag="TXT_KEY_LEADER_KAMEHAMEHA_AGREE_SHORT_4">
      <Text>아, 알겠습니다.</Text>
    </Row>
    <Row Tag="TXT_KEY_LEADER_KAMEHAMEHA_ATTACKED_1">
      <Text>감히 신성한 부서진 노의 율법을 무시하는 것입니까? 싸움을 싫지만 나는 내 백성을 지킬 의무가 있습니다.</Text>
    </Row>
    <Row Tag="TXT_KEY_LEADER_KAMEHAMEHA_ATTACKED_2">
      <Text>그대를 믿고 재물을 나누었다니, 내가 참으로 어리석었군. 다른 곳 어디에서도 같은 짓을 하지 못하게 만들어 주겠소!</Text>
    </Row>
    <Row Tag="TXT_KEY_LEADER_KAMEHAMEHA_ATTACKED_3">
      <Text>그대는 우리의 환대를 이용하고 그것을 기만으로 되갚았습니다! 그 속내를 잘못 알았음을 이제야 깨닫게 되다니!</Text>
    </Row>
    <Row Tag="TXT_KEY_LEADER_KAMEHAMEHA_DECLAREWAR_1">
      <Text>하늘에 반짝이는 고대의 불빛이 이런 날을 예언했으나, 어리석게도 나는 그것이 빗나가기만을 바랬지. 파멸을 맞을 준비를 하십시오.</Text>
    </Row>
    <Row Tag="TXT_KEY_LEADER_KAMEHAMEHA_DECLAREWAR_2">
      <Text>나하의 돌을 들어올린 나에게 아직도 맞설 셈인가... 내가 이 땅을 통일할 것은 이미 예언된 바입니다. 그대는 그런 내 앞을 막아서고 있습니다.</Text>
    </Row>
    <Row Tag="TXT_KEY_LEADER_KAMEHAMEHA_DECLAREWAR_3">
      <Text>부서진 노의 율법은 두 번 다시 침해되지 않을 것이니, 그대가 파멸을 맞이할 때 자식의 죽음을 슬퍼하는 아버지의 마음으로 눈물을 흘려드리리다.</Text>
    </Row>
    <Row Tag="TXT_KEY_LEADER_KAMEHAMEHA_DEFEATED_1">
      <Text>별들은 나로 인해 부족장들이 최후를 맞으리라 예언했습니다. 이런 결말을 바라지는 않았지만, 예언은 결국 실현되고 마는군요.</Text>
    </Row>
    <Row Tag="TXT_KEY_LEADER_KAMEHAMEHA_DEFEATED_2">
      <Text>우리 백성은 그대를 소재 삼아 훌라춤을 만들 것입니다. 어쩌면 언젠가는 신께서 우리를 저버린 이유를 알 수 있게 될지도...</Text>
    </Row>
    <Row Tag="TXT_KEY_LEADER_KAMEHAMEHA_DEFEATED_3">
      <Text>단단한 껍질 속의 게는 마침내 굴복하였고, 혜성의 자손은 그 빛을 잃고 말았구려. 이제 카날로아 신께서 날 데려갈 것입니다.</Text>
    </Row>
    <Row Tag="TXT_KEY_LEADER_KAMEHAMEHA_DEMANDTRIBUTE_ANGRY">
      <Text>축제를 열자면 모든 이들이 마땅히 보태야 하지 않겠습니까.</Text>
    </Row>
    <Row Tag="TXT_KEY_LEADER_KAMEHAMEHA_DEMANDTRIBUTE_HAPPY">
      <Text>친구여, 훌라춤의 축복을 나누기 위해 지불해야 할 몫을 아직 내지 않은 듯합니다만?</Text>
    </Row>
    <Row Tag="TXT_KEY_LEADER_KAMEHAMEHA_DEMANDTRIBUTE_NEUTRAL">
      <Text>그대의 도움이 필요합니다, 친구여!</Text>
    </Row>
    <Row Tag="TXT_KEY_LEADER_KAMEHAMEHA_DISAGREE_SHORT_1">
      <Text>아니, 그럴 수 없습니다.</Text>
    </Row>
    <Row Tag="TXT_KEY_LEADER_KAMEHAMEHA_DISAGREE_SHORT_2">
      <Text>거절하겠습니다.</Text>
    </Row>
    <Row Tag="TXT_KEY_LEADER_KAMEHAMEHA_DISAGREE_SHORT_3">
      <Text>그럴 수는 없습니다.</Text>
    </Row>
    <Row Tag="TXT_KEY_LEADER_KAMEHAMEHA_DISAGREE_SHORT_4">
      <Text>받아들일 수 없습니다.</Text>
    </Row>
    <Row Tag="TXT_KEY_LEADER_KAMEHAMEHA_DISAGREE_SHORT_5">
      <Text>물론 안 됩니다.</Text>
    </Row>
    <Row Tag="TXT_KEY_LEADER_KAMEHAMEHA_DISAGREE_SHORT_6">
      <Text>받아들일 수 없습니다.</Text>
    </Row>
    <Row Tag="TXT_KEY_LEADER_KAMEHAMEHA_DISAGREE_SHORT_7">
      <Text>장난치지 마십시오!</Text>
    </Row>
    <Row Tag="TXT_KEY_LEADER_KAMEHAMEHA_FIRSTGREETING_1">
      <Text>아, 친구여! 천혜의 섬 폴리네시아에 온 것을 환영합니다! 나, 위대한 카메하메하가 모닥불 곁에서의 만찬으로 그대를 초대하는 바입니다.</Text>
    </Row>
    <Row Tag="TXT_KEY_LEADER_KAMEHAMEHA_FIRSTGREETING_2">
      <Text>환영합니다. 이방인이여! 나는 폴리네시아의 통치자 카메하메하라 합니다. 자, 우리의 만남을 축하하며 성대한 훌라춤을 추도록 합시다.</Text>
    </Row>
    <Row Tag="TXT_KEY_LEADER_KAMEHAMEHA_FIRSTGREETING_3">
      <Text>반갑습니다, 친구여. 그대에게 축복이 내리길! 나는 폴리네시아의 위대한 지도자인 카메하메하라고 합니다. 서로가 지닌 재물을 나누며 조화롭게 살아가도록 합시다!</Text>
    </Row>
    <Row Tag="TXT_KEY_LEADER_KAMEHAMEHA_GOODBYE_1">
      <Text>다시 만날 때까지.</Text>
    </Row>
    <Row Tag="TXT_KEY_LEADER_KAMEHAMEHA_GOODBYE_2">
      <Text>잘가십시오.</Text>
    </Row>
    <Row Tag="TXT_KEY_LEADER_KAMEHAMEHA_GOODBYE_3">
      <Text>잘가십시오, 친구여.</Text>
    </Row>
    <Row Tag="TXT_KEY_LEADER_KAMEHAMEHA_GOODBYE_4">
      <Text>안녕히 가십시오.</Text>
    </Row>
    <Row Tag="TXT_KEY_LEADER_KAMEHAMEHA_GOODBYE_5">
      <Text>용건은 마쳤군요.</Text>
    </Row>
    <Row Tag="TXT_KEY_LEADER_KAMEHAMEHA_GOODBYE_6">
      <Text>이제 그만 가 보시오.</Text>
    </Row>
    <Row Tag="TXT_KEY_LEADER_KAMEHAMEHA_GREETING_1">
      <Text>좋은 날이 되기를.</Text>
    </Row>
    <Row Tag="TXT_KEY_LEADER_KAMEHAMEHA_GREETING_2">
      <Text>안녕하십니까.</Text>
    </Row>
    <Row Tag="TXT_KEY_LEADER_KAMEHAMEHA_GREETING_3">
      <Text>반갑습니다, 친구.</Text>
    </Row>
    <Row Tag="TXT_KEY_LEADER_KAMEHAMEHA_GREETING_4">
      <Text>항상 즐거움이 가득하길.</Text>
    </Row>
    <Row Tag="TXT_KEY_LEADER_KAMEHAMEHA_GREETING_5">
      <Text>무슨 일로 온 겁니까?</Text>
    </Row>
    <Row Tag="TXT_KEY_LEADER_KAMEHAMEHA_GREETING_6">
      <Text>원하는 것이라도 있습니까?</Text>
    </Row>
    <Row Tag="TXT_KEY_LEADER_KAMEHAMEHA_LETSHEARIT_1">
      <Text>말씀하십시오.</Text>
    </Row>
    <Row Tag="TXT_KEY_LEADER_KAMEHAMEHA_LETSHEARIT_2">
      <Text>말해보십시오.</Text>
    </Row>
    <Row Tag="TXT_KEY_LEADER_KAMEHAMEHA_LETSHEARIT_3">
      <Text>계속하십시오.</Text>
    </Row>
    <Row Tag="TXT_KEY_LEADER_KAMEHAMEHA_LETSHEARIT_4">
      <Text>듣고 있습니다.</Text>
    </Row>
    <Row Tag="TXT_KEY_LEADER_KAMEHAMEHA_LETSHEARIT_5">
      <Text>뭐라고 하셨습니까?</Text>
    </Row>
    <Row Tag="TXT_KEY_LEADER_KAMEHAMEHA_LOSEWAR_1">
      <Text>어쩌면 별들이 틀렸을지도… 이 일은 카후나들과 반드시 상의를 해봐야겠군.</Text>
    </Row>
    <Row Tag="TXT_KEY_LEADER_KAMEHAMEHA_LOSEWAR_2">
      <Text>펠레 여신께서 춤으로 그대를 축복하시나 보군. 그대는 여신의 가호를 입은 듯하군요. 하지만 그 은총이 영원하리라 생각하지는 마십시오.</Text>
    </Row>
    <Row Tag="TXT_KEY_LEADER_KAMEHAMEHA_TRADE_NEEDMORE_ANGRY_1">
      <Text>도대체 왜 나를 기만하려 하는지 이해할 수가 없군. 더 나은 제안을 하십시오.</Text>
    </Row>
    <Row Tag="TXT_KEY_LEADER_KAMEHAMEHA_TRADE_NEEDMORE_ANGRY_2">
      <Text>안타깝지만 그것으로는 안 됩니다.</Text>
    </Row>
    <Row Tag="TXT_KEY_LEADER_KAMEHAMEHA_TRADE_NEEDMORE_ANGRY_3">
      <Text>좀 더 나은 제안을 해보십시오.</Text>
    </Row>
    <Row Tag="TXT_KEY_LEADER_KAMEHAMEHA_TRADE_NEEDMORE_ANGRY_4">
      <Text>아직은 모자랍니다...</Text>
    </Row>
    <Row Tag="TXT_KEY_LEADER_KAMEHAMEHA_TRADE_NEEDMORE_HAPPY_1">
      <Text>내 비록 그대를 형제로 여기기는 하지만, 내 가족이라 해도 그런 무리한 요구는 감당하기 어렵겠군요.</Text>
    </Row>
    <Row Tag="TXT_KEY_LEADER_KAMEHAMEHA_TRADE_NEEDMORE_HAPPY_2">
      <Text>그게 그대가 제안할 수 있는 전부입니까?</Text>
    </Row>
    <Row Tag="TXT_KEY_LEADER_KAMEHAMEHA_TRADE_NEEDMORE_HAPPY_3">
      <Text>조금만 더 써보시지요.</Text>
    </Row>
    <Row Tag="TXT_KEY_LEADER_KAMEHAMEHA_TRADE_NEEDMORE_NEUTRAL_1">
      <Text>뜻이 좋은 건 알겠지만, 그 제안으로는 어렵습니다.</Text>
    </Row>
    <Row Tag="TXT_KEY_LEADER_KAMEHAMEHA_TRADE_NEEDMORE_NEUTRAL_2">
      <Text>그걸로는 안 됩니다.</Text>
    </Row>
    <Row Tag="TXT_KEY_LEADER_KAMEHAMEHA_TRADE_NEEDMORE_NEUTRAL_3">
      <Text>그건 좀...</Text>
    </Row>
    <Row Tag="TXT_KEY_LEADER_KAMEHAMEHA_TRADE_NO_ANGRY">
      <Text>카후나들이 내 목을 치는 꼴을 보려는 것입니까? 이걸로는 안 됩니다.</Text>
    </Row>
    <Row Tag="TXT_KEY_LEADER_KAMEHAMEHA_TRADE_NO_HAPPY">
      <Text>고맙지만 안 되겠습니다.</Text>
    </Row>
    <Row Tag="TXT_KEY_LEADER_KAMEHAMEHA_TRADE_NO_NEUTRAL">
      <Text>별로 흥미가 없군요.</Text>
    </Row>
    <Row Tag="TXT_KEY_LEADER_KAMEHAMEHA_TRADE_YES_ANGRY">
      <Text>좋습니다.</Text>
    </Row>
    <Row Tag="TXT_KEY_LEADER_KAMEHAMEHA_TRADE_YES_HAPPY">
      <Text>당연한 말을! 여기 있습니다!</Text>
    </Row>
    <Row Tag="TXT_KEY_LEADER_KAMEHAMEHA_TRADE_YES_NEUTRAL">
      <Text>물론입니다!</Text>
    </Row>
    <Row Tag="TXT_KEY_LEADER_KAMEHAMEHA_TRADEREQUEST_ANGRY">
      <Text>이전에 양국간에 입장 차이가 있었으나, 이제 보상을 받아도 될 때라고 생각합니다만.</Text>
    </Row>
    <Row Tag="TXT_KEY_LEADER_KAMEHAMEHA_TRADEREQUEST_HAPPY">
      <Text>자, 함께 축제를 즐깁시다!</Text>
    </Row>
    <Row Tag="TXT_KEY_LEADER_KAMEHAMEHA_TRADEREQUEST_NEUTRAL">
      <Text>그대도 이만하면 만족스럽지 않겠습니까?</Text>
    </Row>
    <Row Tag="TXT_KEY_LEADER_KAMEHAMEHA_TRIBUTE_NO_ANGRY">
      <Text>이런 요구에 응한다면 카후나들이 내 목숨을 거두려 들 것입니다.</Text>
    </Row>
    <Row Tag="TXT_KEY_LEADER_KAMEHAMEHA_TRIBUTE_NO_HAPPY">
      <Text>뭐, 오늘은 그런 농담도 실컷 해도 좋습니다!</Text>
    </Row>
    <Row Tag="TXT_KEY_LEADER_KAMEHAMEHA_TRIBUTE_NO_NEUTRAL">
      <Text>미안하지만 드릴 것이 없군요. 그냥 돌아가 주셔야겠습니다.</Text>
    </Row>
    <Row Tag="TXT_KEY_LEADER_KAMEHAMEHA_TRIBUTE_YES_ANGRY">
      <Text>별들이 내게 동의하라 이르는군. 하지만 도저히 이해가 되질 않는데...</Text>
    </Row>
    <Row Tag="TXT_KEY_LEADER_KAMEHAMEHA_TRIBUTE_YES_HAPPY">
      <Text>친구끼리 부를 나눔은 당연한 일 아니겠습니까?</Text>
    </Row>
    <Row Tag="TXT_KEY_LEADER_KAMEHAMEHA_TRIBUTE_YES_NEUTRAL">
      <Text>그대의 태도가 좀 더 정중했다면 좋았겠지만, 어쨌든 부를 나눔은 좋은 일이지요.</Text>
    </Row>
    <Row Tag="TXT_KEY_LEADER_KAMEHAMEHA_WARBLUFF_1">
      <Text>뭐 언젠가는 그런 으름장이 먹힐지도 모르지요.</Text>
    </Row>
    <Row Tag="TXT_KEY_LEADER_KAMEHAMEHA_WARBLUFF_2">
      <Text>누울 자리를 보고 발을 뻗으십시오, 친구...</Text>
    </Row>
    <Row Tag="TXT_KEY_LEADER_KAMEHAMEHA_WARBLUFF_3">
      <Text>그대는 우리 카후나들이 생각한 것보다 훨씬 더 영악한 모양이군요.</Text>
    </Row>
    <Row Tag="TXT_KEY_LEADER_KAMEHAMEHA_WINWAR_1">
      <Text>위대한 신 쿠께서 이 승리에 나와 함께 하시니... 그분의 뜻을 전하겠습니다. 이 싸움을 멈추고 더 이상 그분을 진노케 하지 마십시오.</Text>
    </Row>
    <Row Tag="TXT_KEY_LEADER_KAMEHAMEHA_WINWAR_2">
      <Text>폴리네시아의 혜성에 맞설 수 있다고 생각했습니까? 앞으로는 이런 바보짓을 저지르기 전에 카후나들과 상의하도록 하십시오.</Text>
    </Row>
  </Language_KO_KR>
</GameData>