﻿<?xml version="1.0" encoding="utf-8"?>
<!--Generated with LocalizationBuddy.-->
<!--Copyright Firaxis Games 2010-->
<!--All Rights Reserved-->
<GameData>
    <Language_KO_KR>
        <Row Tag="TXT_KEY_FEATURE_EL_DORADO">
            <Text>엘도라도</Text>
            <Plurality>2</Plurality>
        </Row>
        <Row Tag="TXT_KEY_FEATURE_FOUNTAIN_YOUTH">
            <Text>젊음의 샘</Text>
        </Row>
        <Row Tag="TXT_KEY_FEATURE_POTOSI">
            <Text>세로데파스코</Text>
            <Plurality>2</Plurality>
        </Row>
    </Language_KO_KR>
</GameData>