﻿<?xml version="1.0" encoding="utf-8"?>
<!--Generated with LocalizationBuddy.-->
<!--Copyright Firaxis Games 2010-->
<!--All Rights Reserved-->
<GameData>
  <Language_KO_KR>
    <Row Tag="TXT_KEY_CIV5_FEATURES_EL_DORADO_HELP">
			<Text>이것을 처음으로 발견하는 문명이 [COLOR_POSITIVE_TEXT]500[ENDCOLOR] [ICON_GOLD]골드를 획득합니다.</Text>
    </Row>
    <Row Tag="TXT_KEY_CIV5_FEATURES_EL_DORADO_TEXT">
			<Text>이 전설적인 "잃어버린 황금 도시"는 일확천금을 꿈꾸는 수많은 스페인 정복자들을 신세계로 끌어들였습니다. 이 전설적인 신화는 거의 3세기에 걸쳐 탐험가들을 남아메리카 해안으로 오게 이끌었고 그들은 탐험 도중에 만난 많은 도시를 약탈했습니다. 엘도라도는 계속하여 사람들을 매혹했고 1804년에는 이 위치를 알아내기 위해 탐험단이 구성되었습니다. 그러나 오늘날에는 이 전설적인 도시가 무이스카 사제가 종교의식의 일종으로 온몸을 금으로 덮은 다음 과타비타 호수로 뛰어든 일화에 의해 유래되었다고 전해집니다.</Text>
    </Row>
    <Row Tag="TXT_KEY_CIV5_FEATURES_FOUNTAIN_YOUTH_HELP">
			<Text>젊음의 샘과 인접한 유닛은 [COLOR_PLAYER_PURPLE]두 배속 치유[ENDCOLOR] (체력 회복 속도 [COLOR_POSITIVE_TEXT]두 배[ENDCOLOR]) 승급이 부여됩니다.</Text>
    </Row>
    <Row Tag="TXT_KEY_CIV5_FEATURES_FOUNTAIN_YOUTH_TEXT">
			<Text>이 전설적인 샘에 대한 가장 오래된 설명은 그리스의 역사가 헤로도토스로부터 전해집니다. 그는 이 샘을 "생명의 샘"이라고 일컬으며 이 물을 마시는 자는 장수한다고 기록하였습니다. 비슷한 이야기는 또 카리브 해와 남아메리카 토착민들로부터 전해지기도 합니다. 그들은 스페인 정복기에 젊음의 샘을 이미 알고 있었던 것으로 전해집니다. 한 유명한 이야기로는, 스페인 정복자인 후안 폰세 데 레온은 푸에르토리코에서 이 샘에 대한 이야기를 듣고 이를 찾기 위해 항해하였습니다. 이 결과로 그는 플로리다(그리고 미국에 정착한 첫 번째 유럽인들 중 하나가 되었음)를 발견하였지만, 이 미스테리한 샘은 결국 찾지 못했습니다. 이 샘은 오늘날에도 많은 이들을 매혹하고 있습니다. 영화, 책, 만화, 그리고 게임에서 종종 이 전설적인 샘을 찾기 위한 인류의 영원한 과제를 그립니다.</Text>
    </Row>
    <Row Tag="TXT_KEY_CIV5_FEATURES_POTOSI_TEXT">
			<Text>남부 볼리비아에 있는 포토시 산은 스페인 정복기 당시 생산되던 은 대부분을 제공하였습니다. 은은 채굴되어 야마나 노새에 의해 해안으로 운반되어 유럽으로 반출되었습니다. 41,000톤 규모의 순은이 200년간 채굴되었고 8,200톤은 스페인 국왕에게 돌아갔습니다. 1800년 이후에는 은 광산들이 고갈되었지만, 포토시 산의 채굴은 오늘날에도 멈추지 않고 있습니다. 오늘날의 포토시 광산들은 주로 주석을 채굴하지만, 은도 채굴하기도 합니다.</Text>
    </Row>
  </Language_KO_KR>
</GameData>