﻿<?xml version="1.0" encoding="utf-8"?>
<!--Generated with LocalizationBuddy.-->
<!--Copyright Firaxis Games 2010-->
<!--All Rights Reserved-->
<GameData>
    <Language_KO_KR>
        <Row Tag="TXT_KEY_BELIEF_ANCESTOR_WORSHIP_SHORT">
            <Text>조상 숭배</Text>
            <Plurality>2</Plurality>
        </Row>
        <Row Tag="TXT_KEY_BELIEF_ASCETISM_SHORT">
            <Text>금욕주의</Text>
            <Plurality>2</Plurality>
        </Row>
        <Row Tag="TXT_KEY_BELIEF_CATHEDRALS_SHORT">
            <Text>대성당</Text>
        </Row>
        <Row Tag="TXT_KEY_BELIEF_CEREMONIAL_BURIAL_SHORT">
            <Text>매장 의식</Text>
        </Row>
        <Row Tag="TXT_KEY_BELIEF_CHORAL_MUSIC_SHORT">
            <Text>합창곡</Text>
        </Row>
        <Row Tag="TXT_KEY_BELIEF_CHURCH_PROPERTY_SHORT">
            <Text>교회 재산권</Text>
        </Row>
        <Row Tag="TXT_KEY_BELIEF_DANCE_AURORA_SHORT">
            <Text>오로라의 춤</Text>
        </Row>
        <Row Tag="TXT_KEY_BELIEF_DEFENDER_FAITH_SHORT">
            <Text>신앙의 수호자</Text>
            <Plurality>2</Plurality>
        </Row>
        <Row Tag="TXT_KEY_BELIEF_DESERT_FOLKLORE_SHORT">
            <Text>사막의 전설</Text>
        </Row>
        <Row Tag="TXT_KEY_BELIEF_DIVINE_INSPIRATION_SHORT">
            <Text>신의 계시</Text>
            <Plurality>2</Plurality>
        </Row>
        <Row Tag="TXT_KEY_BELIEF_FAITH_HEALERS_SHORT">
            <Text>신앙 치료사</Text>
            <Plurality>2</Plurality>
        </Row>
        <Row Tag="TXT_KEY_BELIEF_FEED_WORLD_SHORT">
            <Text>기아 대책</Text>
        </Row>
        <Row Tag="TXT_KEY_BELIEF_FERTILITY_RITES_SHORT">
            <Text>풍년 기원제</Text>
            <Plurality>2</Plurality>
        </Row>
        <Row Tag="TXT_KEY_BELIEF_FLOURISHING_OF_ARTS_SHORT">
            <Text>예술 번성</Text>
        </Row>
        <Row Tag="TXT_KEY_BELIEF_FORMAL_LITURGY_SHORT">
            <Text>우상 숭배</Text>
        </Row>
        <Row Tag="TXT_KEY_BELIEF_GOD_CRAFTSMEN_SHORT">
            <Text>장인의 신</Text>
        </Row>
        <Row Tag="TXT_KEY_BELIEF_GOD_FESTIVALS_SHORT">
            <Text>축제의 여신</Text>
        </Row>
        <Row Tag="TXT_KEY_BELIEF_GOD_SEA_SHORT">
            <Text>바다의 신</Text>
        </Row>
        <Row Tag="TXT_KEY_BELIEF_GOD_WAR_SHORT">
            <Text>전쟁의 신</Text>
        </Row>
        <Row Tag="TXT_KEY_BELIEF_GODDESS_HUNT_SHORT">
            <Text>사냥의 여신</Text>
        </Row>
        <Row Tag="TXT_KEY_BELIEF_GODDESS_LOVE_SHORT">
            <Text>사랑의 여신</Text>
        </Row>
        <Row Tag="TXT_KEY_BELIEF_GODDESS_STRATEGY_SHORT">
            <Text>수호의 여신</Text>
        </Row>
        <Row Tag="TXT_KEY_BELIEF_GURUSHIP_SHORT">
            <Text>구루</Text>
            <Plurality>2</Plurality>
        </Row>
        <Row Tag="TXT_KEY_BELIEF_HARVEST_FESTIVAL_SHORT">
            <Text>추수제</Text>
            <Plurality>2</Plurality>
        </Row>
        <Row Tag="TXT_KEY_BELIEF_HOLY_ORDER_SHORT">
            <Text>종교 단체</Text>
            <Plurality>2</Plurality>
        </Row>
        <Row Tag="TXT_KEY_BELIEF_HOLY_WARRIORS_SHORT">
            <Text>성전사</Text>
            <Plurality>2</Plurality>
        </Row>
        <Row Tag="TXT_KEY_BELIEF_INITIATION_RITES_SHORT">
            <Text>통과 의례</Text>
            <Plurality>2</Plurality>
        </Row>
        <Row Tag="TXT_KEY_BELIEF_INTERFAITH_DIALOGUE_SHORT">
            <Text>종교 회담</Text>
        </Row>
        <Row Tag="TXT_KEY_BELIEF_ITINERANT_PREACHERS_SHORT">
            <Text>순회 전도사</Text>
            <Plurality>2</Plurality>
        </Row>
        <Row Tag="TXT_KEY_BELIEF_JUST_WAR_SHORT">
            <Text>정의로운 전쟁</Text>
        </Row>
        <Row Tag="TXT_KEY_BELIEF_LITURGICAL_DRAMA_SHORT">
            <Text>전례극</Text>
        </Row>
        <Row Tag="TXT_KEY_BELIEF_MESSENGER_GODS_SHORT">
            <Text>신의 사자</Text>
            <Plurality>2</Plurality>
        </Row>
        <Row Tag="TXT_KEY_BELIEF_MESSIAH_SHORT">
            <Text>구세주</Text>
            <Plurality>2</Plurality>
        </Row>
        <Row Tag="TXT_KEY_BELIEF_MISSIONARY_ZEAL_SHORT">
            <Text>선교 열정</Text>
        </Row>
        <Row Tag="TXT_KEY_BELIEF_MONASTERIES_SHORT">
            <Text>수도원</Text>
        </Row>
        <Row Tag="TXT_KEY_BELIEF_MONUMENT_GODS_SHORT">
            <Text>신에게 바치는 기념비</Text>
            <Plurality>2</Plurality>
        </Row>
        <Row Tag="TXT_KEY_BELIEF_MOSQUES_SHORT">
            <Text>모스크</Text>
            <Plurality>2</Plurality>
        </Row>
        <Row Tag="TXT_KEY_BELIEF_ONE_WITH_NATURE_SHORT">
            <Text>자연합일</Text>
        </Row>
        <Row Tag="TXT_KEY_BELIEF_OPEN_SKY_SHORT">
            <Text>창공의 신</Text>
        </Row>
        <Row Tag="TXT_KEY_BELIEF_ORAL_TRADITION_SHORT">
            <Text>구전 전통</Text>
        </Row>
        <Row Tag="TXT_KEY_BELIEF_PAGODAS_SHORT">
            <Text>파고다</Text>
            <Plurality>2</Plurality>
        </Row>
        <Row Tag="TXT_KEY_BELIEF_PAPAL_PRIMACY_SHORT">
            <Text>교황직</Text>
        </Row>
        <Row Tag="TXT_KEY_BELIEF_PEACE_GARDENS_SHORT">
            <Text>평화로운 정원</Text>
        </Row>
        <Row Tag="TXT_KEY_BELIEF_PEACE_LOVING_SHORT">
            <Text>평화주의</Text>
            <Plurality>2</Plurality>
        </Row>
        <Row Tag="TXT_KEY_BELIEF_PILGRIMAGE_SHORT">
            <Text>성지순례</Text>
            <Plurality>2</Plurality>
        </Row>
        <Row Tag="TXT_KEY_BELIEF_RELIGIOUS_ART_SHORT">
            <Text>종교 예술</Text>
        </Row>
        <Row Tag="TXT_KEY_BELIEF_RELIGIOUS_CENTER_SHORT">
            <Text>종교 중심지</Text>
            <Plurality>2</Plurality>
        </Row>
        <Row Tag="TXT_KEY_BELIEF_RELIGIOUS_COMMUNITY_SHORT">
            <Text>종교 공동체</Text>
            <Plurality>2</Plurality>
        </Row>
        <Row Tag="TXT_KEY_BELIEF_RELIGIOUS_SETTLEMENTS_SHORT">
            <Text>신자 이주 정책</Text>
        </Row>
        <Row Tag="TXT_KEY_BELIEF_RELIGIOUS_TEXTS_SHORT">
            <Text>종교 문서</Text>
            <Plurality>2</Plurality>
        </Row>
        <Row Tag="TXT_KEY_BELIEF_RELIGIOUS_UNITY_SHORT">
            <Text>단일 종교</Text>
            <Plurality>2</Plurality>
        </Row>
        <Row Tag="TXT_KEY_BELIEF_RELIQUARY_SHORT">
            <Text>유골함</Text>
        </Row>
        <Row Tag="TXT_KEY_BELIEF_SACRED_ANIMALS_SHORT">
            <Text>신성한 동물</Text>
        </Row>
        <Row Tag="TXT_KEY_BELIEF_SACRED_PATH_SHORT">
            <Text>신성한 길</Text>
        </Row>
        <Row Tag="TXT_KEY_BELIEF_SACRED_WATERS_SHORT">
            <Text>신성한 물</Text>
        </Row>
        <Row Tag="TXT_KEY_BELIEF_STONE_CIRCLES_SHORT">
            <Text>환상열석</Text>
        </Row>
        <Row Tag="TXT_KEY_BELIEF_SWORD_PLOWSHARES_SHORT">
            <Text>칼을 쟁기로</Text>
            <Plurality>2</Plurality>
        </Row>
        <Row Tag="TXT_KEY_BELIEF_TITHE_SHORT">
            <Text>십일조</Text>
            <Plurality>2</Plurality>
        </Row>
        <Row Tag="TXT_KEY_BELIEF_WORLD_CHURCH_SHORT">
            <Text>초교파교회</Text>
            <Plurality>2</Plurality>
        </Row>
        <Row Tag="TXT_KEY_RELIGION_BUDDHISM">
            <Text>불교</Text>
            <Plurality>2</Plurality>
        </Row>
        <Row Tag="TXT_KEY_RELIGION_CHRISTIANITY">
            <Text>기독교</Text>
            <Plurality>2</Plurality>
        </Row>
        <Row Tag="TXT_KEY_RELIGION_CONFUCIANISM">
            <Text>유교</Text>
            <Plurality>2</Plurality>
        </Row>
        <Row Tag="TXT_KEY_RELIGION_HINDUISM">
            <Text>힌두교</Text>
            <Plurality>2</Plurality>
        </Row>
        <Row Tag="TXT_KEY_RELIGION_ISLAM">
            <Text>이슬람교</Text>
            <Plurality>2</Plurality>
        </Row>
        <Row Tag="TXT_KEY_RELIGION_JUDAISM">
            <Text>유대교</Text>
            <Plurality>2</Plurality>
        </Row>
        <Row Tag="TXT_KEY_RELIGION_PANTHEON">
            <Text>종교관</Text>
        </Row>
        <Row Tag="TXT_KEY_RELIGION_SHINTO">
            <Text>신토교</Text>
            <Plurality>2</Plurality>
        </Row>
        <Row Tag="TXT_KEY_RELIGION_SIKHISM">
            <Text>시크교</Text>
            <Plurality>2</Plurality>
        </Row>
        <Row Tag="TXT_KEY_RELIGION_TAOISM">
            <Text>도교</Text>
            <Plurality>2</Plurality>
        </Row>
        <Row Tag="TXT_KEY_RELIGION_TENGRIISM">
            <Text>텡그리 신앙</Text>
        </Row>
        <Row Tag="TXT_KEY_RELIGION_ZOROASTRIANISM">
            <Text>조로아스터교</Text>
            <Plurality>2</Plurality>
        </Row>
    </Language_KO_KR>
</GameData>