﻿<?xml version="1.0" encoding="utf-8"?>
<!--Generated with LocalizationBuddy.-->
<!--Copyright Firaxis Games 2010-->
<!--All Rights Reserved-->
<GameData>
	<Language_KO_KR>
		<Row Tag="TXT_KEY_LEADER_AHMAD_ALMANSUR">
			<Text>아흐마드 알만수르</Text>
			<Plurality>2</Plurality>
		</Row>
		<Row Tag="TXT_KEY_LEADER_ASHURBANIPAL">
			<Text>아슈르바니팔</Text>
		</Row>
		<Row Tag="TXT_KEY_LEADER_CASIMIR">
			<Text>카지미에시 3세</Text>
			<Plurality>2</Plurality>
		</Row>
		<Row Tag="TXT_KEY_LEADER_ENRICO_DANDOLO">
			<Text>엔리코 단돌로</Text>
			<Plurality>2</Plurality>
		</Row>
		<Row Tag="TXT_KEY_LEADER_GAJAH_MADA">
			<Text>가자 마다</Text>
			<Plurality>2</Plurality>
		</Row>
		<Row Tag="TXT_KEY_LEADER_MARIA_I">
			<Text>마리아 1세</Text>
			<Plurality>2</Plurality>
		</Row>
		<Row Tag="TXT_KEY_LEADER_PEDRO">
			<Text>페드루 2세</Text>
			<Plurality>2</Plurality>
		</Row>
		<Row Tag="TXT_KEY_LEADER_POCATELLO">
			<Text>포카텔로</Text>
			<Plurality>2</Plurality>
		</Row>
		<Row Tag="TXT_KEY_LEADER_SHAKA">
			<Text>샤카</Text>
			<Plurality>2</Plurality>
		</Row>
	</Language_KO_KR>
</GameData>