﻿<?xml version="1.0" encoding="utf-8"?>
<!--Generated with LocalizationBuddy.-->
<!--Copyright Firaxis Games 2010-->
<!--All Rights Reserved-->
<GameData>
    <Language_KO_KR>
        <Row Tag="TXT_KEY_CIVIL_WAR_SCENARIO_TECH_BALLOON_RECONNAISSANCE_TITLE">
            <Text>기구 정찰</Text>
        </Row>
        <Row Tag="TXT_KEY_CIVIL_WAR_SCENARIO_TECH_CAVALRY_RAIDS_TITLE">
            <Text>기병대 습격조</Text>
            <Plurality>2</Plurality>
        </Row>
        <Row Tag="TXT_KEY_CIVIL_WAR_SCENARIO_TECH_ENGINEERING_TITLE">
            <Text>공학</Text>
        </Row>
        <Row Tag="TXT_KEY_CIVIL_WAR_SCENARIO_TECH_ENTRENCHMENT_TITLE">
            <Text>참호</Text>
            <Plurality>2</Plurality>
        </Row>
        <Row Tag="TXT_KEY_CIVIL_WAR_SCENARIO_TECH_FIELD_HOSPITALS_TITLE">
            <Text>야전 병원</Text>
        </Row>
        <Row Tag="TXT_KEY_CIVIL_WAR_SCENARIO_TECH_INDUSTRIALIZATION_TITLE">
            <Text>산업화</Text>
            <Plurality>2</Plurality>
        </Row>
        <Row Tag="TXT_KEY_CIVIL_WAR_SCENARIO_TECH_IRONCLADS_TITLE">
            <Text>철갑함</Text>
        </Row>
        <Row Tag="TXT_KEY_CIVIL_WAR_SCENARIO_TECH_MILITARY_RAILROADS_TITLE">
            <Text>군용 철도</Text>
            <Plurality>2</Plurality>
        </Row>
        <Row Tag="TXT_KEY_CIVIL_WAR_SCENARIO_TECH_MILITARY_SCIENCE_TITLE">
            <Text>군사 과학</Text>
        </Row>
        <Row Tag="TXT_KEY_CIVIL_WAR_SCENARIO_TECH_REPEATING_RIFLES_TITLE">
            <Text>연발 소총</Text>
        </Row>
        <Row Tag="TXT_KEY_CIVIL_WAR_SCENARIO_TECH_RIFLED_ARTILLERY_TITLE">
            <Text>강선 대포</Text>
            <Plurality>2</Plurality>
        </Row>
        <Row Tag="TXT_KEY_CIVIL_WAR_SCENARIO_TECH_SCORCHED_EARTH_TITLE">
            <Text>초토화 작전</Text>
        </Row>
    </Language_KO_KR>
</GameData>