﻿<?xml version="1.0" encoding="utf-8"?>
<!--Generated with LocalizationBuddy.-->
<!--Copyright Firaxis Games 2010-->
<!--All Rights Reserved-->
<GameData>
  <Language_KO_KR>
    <Row Tag="TXT_KEY_BUILDING_AIRPORT">
      <Text>공항</Text>
    </Row>
    <Row Tag="TXT_KEY_BUILDING_ARTISTS_GUILD">
      <Text>예술가 길드</Text>
	  <Plurality>2</Plurality>
    </Row>
    <Row Tag="TXT_KEY_BUILDING_BOROBUDUR">
      <Text>보로부두르 사원</Text>
    </Row>
    <Row Tag="TXT_KEY_BUILDING_BROADWAY">
      <Text>브로드웨이</Text>
	  <Plurality>2</Plurality>
    </Row>
    <Row Tag="TXT_KEY_BUILDING_CANDI_DESC">
      <Text>찬디</Text>
	  <Plurality>2</Plurality>
    </Row>
    <Row Tag="TXT_KEY_BUILDING_CARAVANSARY">
      <Text>대상 숙소</Text>
	  <Plurality>2</Plurality>
    </Row>
    <Row Tag="TXT_KEY_BUILDING_COLOSSUS">
      <Text>로도스의 거상</Text>
    </Row>
    <Row Tag="TXT_KEY_BUILDING_DUCAL_STABLE_DESC">
      <Text>공작의 마구간</Text>
    </Row>
    <Row Tag="TXT_KEY_BUILDING_EAST_INDIA">
      <Text>동인도 회사</Text>
	  <Plurality>2</Plurality>
    </Row>
    <Row Tag="TXT_KEY_BUILDING_FORBIDDEN_PALACE">
      <Text>자금성</Text>
    </Row>
    <Row Tag="TXT_KEY_BUILDING_GLOBE_THEATER">
      <Text>글로브 극장</Text>
    </Row>
    <Row Tag="TXT_KEY_BUILDING_GREAT_LIBRARY">
      <Text>알렉산드리아 도서관</Text>
    </Row>
    <Row Tag="TXT_KEY_BUILDING_GREAT_LIGHTHOUSE">
      <Text>파로스 등대</Text>
	  <Plurality>2</Plurality>
    </Row>
    <Row Tag="TXT_KEY_BUILDING_GREAT_WALL">
      <Text>만리장성</Text>
    </Row>
    <Row Tag="TXT_KEY_BUILDING_HAGIA_SOPHIA">
      <Text>아야 소피아</Text>
	  <Plurality>2</Plurality>
    </Row>
    <Row Tag="TXT_KEY_BUILDING_HANGING_GARDEN">
      <Text>공중 정원</Text>
    </Row>
    <Row Tag="TXT_KEY_BUILDING_HANSE_DESC">
      <Text>한자</Text>
	  <Plurality>2</Plurality>
    </Row>
    <Row Tag="TXT_KEY_BUILDING_HOTEL">
      <Text>호텔</Text>
    </Row>
    <Row Tag="TXT_KEY_BUILDING_IKANDA_DESC">
      <Text>이칸다</Text>
	  <Plurality>2</Plurality>
    </Row>
    <Row Tag="TXT_KEY_BUILDING_INTERNATIONAL_SPACE_STATION">
      <Text>국제 우주 정거장</Text>
    </Row>
    <Row Tag="TXT_KEY_BUILDING_KREMLIN">
      <Text>크렘린 궁전</Text>
    </Row>
    <Row Tag="TXT_KEY_BUILDING_LOUVRE">
      <Text>루브르 박물관</Text>
    </Row>
    <Row Tag="TXT_KEY_BUILDING_MUSICIANS_GUILD">
      <Text>음악가 길드</Text>
	  <Plurality>2</Plurality>
    </Row>
    <Row Tag="TXT_KEY_BUILDING_ORACLE">
      <Text>오라클</Text>
    </Row>
    <Row Tag="TXT_KEY_BUILDING_PARTHENON">
      <Text>파르테논 신전</Text>
    </Row>
    <Row Tag="TXT_KEY_BUILDING_PORCELAIN_TOWER">
      <Text>영곡탑</Text>
    </Row>
    <Row Tag="TXT_KEY_BUILDING_PRORA_RESORT">
      <Text>프로라 해변 리조트</Text>
	  <Plurality>2</Plurality>
    </Row>
    <Row Tag="TXT_KEY_BUILDING_PYRAMID">
      <Text>피라미드</Text>
	  <Plurality>2</Plurality>
    </Row>
    <Row Tag="TXT_KEY_BUILDING_RED_FORT">
      <Text>붉은 요새</Text>
	  <Plurality>2</Plurality>
    </Row>
    <Row Tag="TXT_KEY_BUILDING_ROYAL_LIBRARY_DESC">
      <Text>왕립 도서관</Text>
    </Row>
    <Row Tag="TXT_KEY_BUILDING_THEATRE">
      <Text>동물원</Text>
    </Row>
    <Row Tag="TXT_KEY_BUILDING_TOURIST_CENTER">
      <Text>외국인 관광 안내소</Text>
	  <Plurality>2</Plurality>
    </Row>
    <Row Tag="TXT_KEY_BUILDING_UFFIZI">
      <Text>우피치 미술관</Text>
    </Row>
    <Row Tag="TXT_KEY_BUILDING_WRITERS_GUILD">
      <Text>작가 길드</Text>
	  <Plurality>2</Plurality>
    </Row>
  </Language_KO_KR>
</GameData>