﻿<?xml version="1.0" encoding="utf-8"?>
<!--Generated with LocalizationBuddy.-->
<!--Copyright Firaxis Games 2010-->
<!--All Rights Reserved-->
<GameData>
  <Language_KO_KR>
    <Row Tag="TXT_KEY_TECH_BRONZE_WORKING_HELP"> <!--청동기술-->
      <Text>지도에 [ICON_RES_IRON]철 자원을 표시하고 정글 타일에 다른 시설을 건설할 수 있도록 노동자에게 정글 개간 명령을 내릴 수 있습니다.  기마 유닛에 강한 [COLOR_POSITIVE_TEXT]창병[ENDCOLOR]을 생산할 수 있습니다.</Text>
    </Row>
    <Row Tag="TXT_KEY_TECH_INTERNET_TITLE">
      <Text>인터넷</Text>
    </Row>
    <Row Tag="TXT_KEY_TECH_IRON_WORKING_HELP"> <!--철제기술-->
      <Text>매우 강력한 접근전 유닛인 [COLOR_POSITIVE_TEXT]검사[ENDCOLOR]를 생산할 수 있습니다.</Text>
    </Row>
  </Language_KO_KR>
</GameData>