﻿<?xml version="1.0" encoding="utf-8"?>
<!--Generated with LocalizationBuddy. Modified by N-->
<!--Copyright Firaxis Games 2010-->
<!--All Rights Reserved-->
<GameData>
  <Language_KO_KR>
    <Row Tag="TXT_KEY_CITYSTATE_ANTANANARIVO">
      <Text>안타나나리보</Text>
	  <Plurality>2</Plurality>
    </Row>
    <Row Tag="TXT_KEY_CITYSTATE_ANTANANARIVO_ADJ">
      <Text>[COLOR:240:240:140:255]안타나나리보[ENDCOLOR]의</Text>
    </Row>
    <Row Tag="TXT_KEY_CITYSTATE_BOGOTA">
      <Text>보고타</Text>
	  <Plurality>2</Plurality>
    </Row>
    <Row Tag="TXT_KEY_CITYSTATE_BOGOTA_ADJ">
      <Text>[COLOR:240:240:140:255]보고타[ENDCOLOR]의</Text>
    </Row>
    <Row Tag="TXT_KEY_CITYSTATE_BRATISLAVA">
      <Text>브라타슬라바</Text>
	  <Plurality>2</Plurality>
    </Row>
    <Row Tag="TXT_KEY_CITYSTATE_BRATISLAVA_ADJ">
      <Text>[COLOR:240:240:140:255]브라타슬라바[ENDCOLOR]의</Text>
    </Row>
    <Row Tag="TXT_KEY_CITYSTATE_BUENOS_AIRES">
      <Text>부에노스 아이레스</Text>
	  <Plurality>2</Plurality>
    </Row>
    <Row Tag="TXT_KEY_CITYSTATE_BUENOS_AIRES_ADJ">
      <Text>[COLOR:240:240:140:255]부에노스 아이레스[ENDCOLOR]의</Text>
    </Row>
    <Row Tag="TXT_KEY_CITYSTATE_BYBLOS">
      <Text>비블로스</Text>
	  <Plurality>2</Plurality>
    </Row>
    <Row Tag="TXT_KEY_CITYSTATE_BYBLOS_ADJ">
      <Text>[COLOR:240:240:140:255]비블로스[ENDCOLOR]의</Text>
    </Row>
    <Row Tag="TXT_KEY_CITYSTATE_IFE">
      <Text>이페</Text>
	  <Plurality>2</Plurality>
    </Row>
    <Row Tag="TXT_KEY_CITYSTATE_IFE_ADJ">
      <Text>[COLOR:240:240:140:255]이페[ENDCOLOR]의</Text>
    </Row>
    <Row Tag="TXT_KEY_CITYSTATE_KABUL">
      <Text>카불</Text>
    </Row>
    <Row Tag="TXT_KEY_CITYSTATE_KABUL_ADJ">
      <Text>[COLOR:240:240:140:255]카불[ENDCOLOR]의</Text>
    </Row>
    <Row Tag="TXT_KEY_CITYSTATE_KATHMANDU">
      <Text>카트만두</Text>
	  <Plurality>2</Plurality>
    </Row>
    <Row Tag="TXT_KEY_CITYSTATE_KATHMANDU_ADJ">
      <Text>[COLOR:240:240:140:255]카트만두[ENDCOLOR]의</Text>
    </Row>
    <Row Tag="TXT_KEY_CITYSTATE_KIEV">
      <Text>키예프</Text>
	  <Plurality>2</Plurality>
    </Row>
    <Row Tag="TXT_KEY_CITYSTATE_KIEV_ADJ">
      <Text>[COLOR:240:240:140:255]키예프[ENDCOLOR]의</Text>
    </Row>
    <Row Tag="TXT_KEY_CITYSTATE_KYZYL">
      <Text>키질</Text>
    </Row>
    <Row Tag="TXT_KEY_CITYSTATE_KYZYL_ADJ">
      <Text>[COLOR:240:240:140:255]키질[ENDCOLOR]의</Text>
    </Row>
    <Row Tag="TXT_KEY_CITYSTATE_MALACCA">
      <Text>말라카</Text>
	  <Plurality>2</Plurality>
    </Row>
    <Row Tag="TXT_KEY_CITYSTATE_MALACCA_ADJ">
      <Text>[COLOR:240:240:140:255]말라카[ENDCOLOR]의</Text>
    </Row>
    <Row Tag="TXT_KEY_CITYSTATE_MBANZA_KONGO">
      <Text>음반자콩고</Text>
	  <Plurality>2</Plurality>
    </Row>
    <Row Tag="TXT_KEY_CITYSTATE_MBANZA_KONGO_ADJ">
      <Text>[COLOR:240:240:140:255]음반자콩고[ENDCOLOR]의</Text>
    </Row>
    <Row Tag="TXT_KEY_CITYSTATE_MELBOURNE">
      <Text>멜버른</Text>
    </Row>
    <Row Tag="TXT_KEY_CITYSTATE_MELBOURNE_ADJ">
      <Text>[COLOR:240:240:140:255]멜버른[ENDCOLOR]의</Text>
    </Row>
    <Row Tag="TXT_KEY_CITYSTATE_MOGADISHU">
      <Text>모가디슈</Text>
	  <Plurality>2</Plurality>
    </Row>
    <Row Tag="TXT_KEY_CITYSTATE_MOGADISHU_ADJ">
      <Text>[COLOR:240:240:140:255]모가디슈[ENDCOLOR]의</Text>
    </Row>
    <Row Tag="TXT_KEY_CITYSTATE_ORMUS">
      <Text>오르무스</Text>
	  <Plurality>2</Plurality>
    </Row>
    <Row Tag="TXT_KEY_CITYSTATE_ORMUS_ADJ">
      <Text>[COLOR:240:240:140:255]오르무스[ENDCOLOR]의</Text>
    </Row>
    <Row Tag="TXT_KEY_CITYSTATE_PANAMA_CITY">
      <Text>파나마시티</Text>
	  <Plurality>2</Plurality>
    </Row>
    <Row Tag="TXT_KEY_CITYSTATE_PANAMA_CITY_ADJ">
      <Text>[COLOR:240:240:140:255]파나마시티[ENDCOLOR]의</Text>
    </Row>
    <Row Tag="TXT_KEY_CITYSTATE_QUEBEC_CITY">
      <Text>퀘벡</Text>
    </Row>
    <Row Tag="TXT_KEY_CITYSTATE_QUEBEC_CITY_ADJ">
      <Text>[COLOR:240:240:140:255]퀘벡[ENDCOLOR]의</Text>
    </Row>
    <Row Tag="TXT_KEY_CITYSTATE_RIGA">
      <Text>리가</Text>
	  <Plurality>2</Plurality>
    </Row>
    <Row Tag="TXT_KEY_CITYSTATE_RIGA_ADJ">
      <Text>[COLOR:240:240:140:255]리가[ENDCOLOR]의</Text>
    </Row>
    <Row Tag="TXT_KEY_CITYSTATE_SAMARKAND">
      <Text>사마르칸트</Text>
	  <Plurality>2</Plurality>
    </Row>
    <Row Tag="TXT_KEY_CITYSTATE_SAMARKAND_ADJ">
      <Text>[COLOR:240:240:140:255]사마르칸트[ENDCOLOR]의</Text>
    </Row>
    <Row Tag="TXT_KEY_CITYSTATE_SOFIA">
      <Text>소피아</Text>
	  <Plurality>2</Plurality>
    </Row>
    <Row Tag="TXT_KEY_CITYSTATE_SOFIA_ADJ">
      <Text>[COLOR:240:240:140:255]소피아[ENDCOLOR]의</Text>
    </Row>
    <Row Tag="TXT_KEY_CITYSTATE_SYDNEY">
      <Text>시드니</Text>
	  <Plurality>2</Plurality>
    </Row>
    <Row Tag="TXT_KEY_CITYSTATE_SYDNEY_ADJ">
      <Text>[COLOR:240:240:140:255]시드니[ENDCOLOR]의</Text>
    </Row>
    <Row Tag="TXT_KEY_CITYSTATE_UR">
      <Text>우르</Text>
	  <Plurality>2</Plurality>
    </Row>
    <Row Tag="TXT_KEY_CITYSTATE_UR_ADJ">
      <Text>[COLOR:240:240:140:255]우르[ENDCOLOR]의</Text>
    </Row>
    <Row Tag="TXT_KEY_CITYSTATE_VANCOUVER">
      <Text>밴쿠버</Text>
	  <Plurality>2</Plurality>
    </Row>
    <Row Tag="TXT_KEY_CITYSTATE_VANCOUVER_ADJ">
      <Text>[COLOR:240:240:140:255]밴쿠버[ENDCOLOR]의</Text>
    </Row>
    <Row Tag="TXT_KEY_CITYSTATE_VILNIUS">
      <Text>빌뉴스</Text>
	  <Plurality>2</Plurality>
    </Row>
    <Row Tag="TXT_KEY_CITYSTATE_VILNIUS_ADJ">
      <Text>[COLOR:240:240:140:255]빌뉴스[ENDCOLOR]의</Text>
    </Row>
    <Row Tag="TXT_KEY_CITYSTATE_WELLINGTON">
      <Text>웰링턴</Text>
    </Row>
    <Row Tag="TXT_KEY_CITYSTATE_WELLINGTON_ADJ">
      <Text>[COLOR:240:240:140:255]웰링턴[ENDCOLOR]의</Text>
    </Row>
  </Language_KO_KR>
</GameData>