﻿<?xml version="1.0" encoding="utf-8"?>
<!--Generated with LocalizationBuddy.-->
<!--Copyright Firaxis Games 2010-->
<!--All Rights Reserved-->
<GameData>
    <Language_KO_KR>
        <Row Tag="TXT_KEY_CITY_NAME_CHANGCHUN">
            <Text>창춘</Text>
        </Row>
        <Row Tag="TXT_KEY_CITY_NAME_FE_ALA">
            <Text>페 알라</Text>
            <Plurality>2</Plurality>
        </Row>
        <Row Tag="TXT_KEY_CITY_NAME_FUSHUN">
            <Text>푸순</Text>
        </Row>
        <Row Tag="TXT_KEY_CITY_NAME_GIRIN_ULA">
            <Text>지린성</Text>
        </Row>
        <Row Tag="TXT_KEY_CITY_NAME_HARBIN">
            <Text>하얼빈</Text>
        </Row>
        <Row Tag="TXT_KEY_CITY_NAME_JINAN">
            <Text>지난</Text>
        </Row>
        <Row Tag="TXT_KEY_CITY_NAME_LIANYUNGANG">
            <Text>롄윈강</Text>
        </Row>
        <Row Tag="TXT_KEY_CITY_NAME_LIAOYANG">
            <Text>랴오양</Text>
        </Row>
        <Row Tag="TXT_KEY_CITY_NAME_LIAOYUAN">
            <Text>랴오위안</Text>
        </Row>
        <Row Tag="TXT_KEY_CITY_NAME_MUKDEN">
            <Text>선양</Text>
        </Row>
        <Row Tag="TXT_KEY_CITY_NAME_NANLING">
            <Text>난링</Text>
        </Row>
        <Row Tag="TXT_KEY_CITY_NAME_NINGDOTA">
            <Text>닝도타</Text>
            <Plurality>2</Plurality>
        </Row>
        <Row Tag="TXT_KEY_CITY_NAME_NINGYUAN">
            <Text>닝귀안</Text>
        </Row>
        <Row Tag="TXT_KEY_CITY_NAME_QINGHE">
            <Text>칭허</Text>
            <Plurality>2</Plurality>
        </Row>
        <Row Tag="TXT_KEY_CITY_NAME_SARHU">
            <Text>싸얼후</Text>
            <Plurality>2</Plurality>
        </Row>
        <Row Tag="TXT_KEY_CITY_NAME_SHANHAIGUAN">
            <Text>산해관</Text>
        </Row>
        <Row Tag="TXT_KEY_CITY_NAME_SIPING">
            <Text>쓰핑</Text>
        </Row>
        <Row Tag="TXT_KEY_CITY_NAME_TIELING">
            <Text>톄링</Text>
        </Row>
        <Row Tag="TXT_KEY_CITY_NAME_UIJU">
            <Text>의주</Text>
            <Plurality>2</Plurality>
        </Row>
        <Row Tag="TXT_KEY_CITY_NAME_XINGJING">
            <Text>진싱</Text>
        </Row>
        <Row Tag="TXT_KEY_CITY_NAME_YENDEN">
            <Text>옌데</Text>
            <Plurality>2</Plurality>
        </Row>
    </Language_KO_KR>
</GameData>