﻿<?xml version="1.0" encoding="utf-8"?>
<!--Generated with LocalizationBuddy.-->
<!--Copyright Firaxis Games 2010-->
<!--All Rights Reserved-->
<GameData>
    <Language_KO_KR>
        <Row Tag="TXT_KEY_TRAIT_SCHOLARS_JADE_HALL">
            <Text>모든 전문가와 모든 위인의 타일 시설에서 [ICON_RESEARCH]과학이 [COLOR_POSITIVE_TEXT]2[ENDCOLOR] 증가합니다. 한국의 [ICON_CAPITAL]수도에 과학 관련 건물과 불가사의가 건설될 때마다 연구 중인 기술의 속도를 증가시켜주는 [ICON_RESEARCH]과학을 획득할 수 있습니다.</Text>
        </Row>
        <Row Tag="TXT_KEY_TRAIT_SCHOLARS_JADE_HALL_SHORT">
            <Text>집현전 학자</Text>
            <Plurality>2</Plurality>
        </Row>
    </Language_KO_KR>
</GameData>