﻿<?xml version="1.0" encoding="utf-8"?>
<!--Generated with LocalizationBuddy.-->
<!--Copyright Firaxis Games 2010-->
<!--All Rights Reserved-->
<GameData>
    <Language_KO_KR>
        <Row Tag="TXT_KEY_KOREA_SCENARIO_UNIT_GENERAL_KATO">
            <Text>가토 기요마사</Text>
            <Plurality>2</Plurality>
        </Row>
        <Row Tag="TXT_KEY_KOREA_SCENARIO_UNIT_GENERAL_KONISHI">
            <Text>고니시 유키나가</Text>
            <Plurality>2</Plurality>
        </Row>
        <Row Tag="TXT_KEY_KOREA_SCENARIO_UNIT_GENERAL_NURHACI">
            <Text>누르하치</Text>
            <Plurality>2</Plurality>
        </Row>
        <Row Tag="TXT_KEY_KOREA_SCENARIO_UNIT_MONGOL_KESHIK">
            <Text>정예 기마궁병</Text>
        </Row>
        <Row Tag="TXT_KEY_KOREA_SCENARIO_UNIT_SETTLER">
            <Text>부족민</Text>
        </Row>
    </Language_KO_KR>
</GameData>