<?xml version="1.0" encoding="utf-8"?>
<GameData>
	<Language_KO_KR>
		<Row Tag="TXT_KEY_LEADER_SULEIMAN_AGREE_SHORT_1">
			<Text>아주 좋소.</Text>
		</Row>
		<Row Tag="TXT_KEY_LEADER_SULEIMAN_AGREE_SHORT_2">
			<Text>알겠소.</Text>
		</Row>
		<Row Tag="TXT_KEY_LEADER_SULEIMAN_AGREE_SHORT_3">
			<Text>물론이오.</Text>
		</Row>
		<Row Tag="TXT_KEY_LEADER_SULEIMAN_AGREE_SHORT_4">
			<Text>동의하오.</Text>
		</Row>
		<Row Tag="TXT_KEY_LEADER_SULEIMAN_AGREE_SHORT_5">
			<Text>오, 매우 좋소.</Text>
		</Row>
		<Row Tag="TXT_KEY_LEADER_SULEIMAN_AGREE_SHORT_6">
			<Text>그래야만 할 것 같소.</Text>
		</Row>
		<Row Tag="TXT_KEY_LEADER_SULEIMAN_AGREE_SHORT_7">
			<Text>훌륭하오.</Text>
		</Row>
		<Row Tag="TXT_KEY_LEADER_SULEIMAN_ATTACKED_1">
			<Text>놀랍군. 그대가 이런 면을 가지고 있었다니, 그래. 한판 벌여보자구.</Text>
		</Row>
		<Row Tag="TXT_KEY_LEADER_SULEIMAN_ATTACKED_2">
			<Text>가망 없는 사람 같으니, 당신의 욕망이 그대를 내리막으로 몰아세울 것이오.</Text>
		</Row>
		<Row Tag="TXT_KEY_LEADER_SULEIMAN_ATTACKED_3">
			<Text>멍청하군! 스스로를 파멸로 내몰다니!</Text>
		</Row>
		<Row Tag="TXT_KEY_LEADER_SULEIMAN_DECLAREWAR_1">
			<Text>당신의 태도는 갈수록 협박 조인걸 보니 짓밟아줘야겠군.</Text>
		</Row>
		<Row Tag="TXT_KEY_LEADER_SULEIMAN_DECLAREWAR_2">
			<Text>당신이 쓸모없어진 지도 꽤 오래됐지. 죽을 준비하시게나.</Text>
		</Row>
		<Row Tag="TXT_KEY_LEADER_SULEIMAN_DECLAREWAR_3">
			<Text>내 턱수염을 걸고, 그대를 파멸로 인도하겠소! 끝장날 생각이나 하시게!</Text>
		</Row>
		<Row Tag="TXT_KEY_LEADER_SULEIMAN_DEFEATED_1">
			<Text>끔찍하도다! 내가 패배하다니! 어찌 이런 일이 일어났단 말인가?</Text>
		</Row>
		<Row Tag="TXT_KEY_LEADER_SULEIMAN_DEFEATED_2">
			<Text>내 군대를 몽땅 격파해버리다니, 이게 정녕 가능하단 말인가?</Text>
		</Row>
		<Row Tag="TXT_KEY_LEADER_SULEIMAN_DEFEATED_3">
			<Text>이 악몽이 정말 현실이란 말인가? 어떻게 당신이 나를 이런 꼴로 만들 수 있지?</Text>
		</Row>
		<Row Tag="TXT_KEY_LEADER_SULEIMAN_DEMANDTRIBUTE_ANGRY">
			<Text>내게 응한다면 당신의 파멸은 뒤로 미뤄두겠소.</Text>
		</Row>
		<Row Tag="TXT_KEY_LEADER_SULEIMAN_DEMANDTRIBUTE_HAPPY">
			<Text>그대의 둘도 없는 친구를 좀 도와줄 수 없겠는가?</Text>
		</Row>
		<Row Tag="TXT_KEY_LEADER_SULEIMAN_DEMANDTRIBUTE_NEUTRAL">
			<Text>장성들이 나의 출정 명령만을 기다리고 있으니, 우리가 원하는 것을 들어주는 게 그대에게도 이익일걸세.</Text>
		</Row>
		<Row Tag="TXT_KEY_LEADER_SULEIMAN_DISAGREE_SHORT_1">
			<Text>싫소.</Text>
		</Row>
		<Row Tag="TXT_KEY_LEADER_SULEIMAN_DISAGREE_SHORT_2">
			<Text>안되오.</Text>
		</Row>
		<Row Tag="TXT_KEY_LEADER_SULEIMAN_DISAGREE_SHORT_3">
			<Text>거절하오.</Text>
		</Row>
		<Row Tag="TXT_KEY_LEADER_SULEIMAN_DISAGREE_SHORT_4">
			<Text>물론 안되오.</Text>
		</Row>
		<Row Tag="TXT_KEY_LEADER_SULEIMAN_DISAGREE_SHORT_5">
			<Text>납득할 수 없소.</Text>
		</Row>
		<Row Tag="TXT_KEY_LEADER_SULEIMAN_DISAGREE_SHORT_6">
			<Text>진심이 아닌 것 같군!</Text>
		</Row>
		<Row Tag="TXT_KEY_LEADER_SULEIMAN_DISAGREE_SHORT_7">
			<Text>뭐라고 했소?</Text>
		</Row>
		<Row Tag="TXT_KEY_LEADER_SULEIMAN_FIRSTGREETING_1">
			<Text>내 턱수염과 배를 걸고, 그대를 환영하네! 나는 강대한 오스만의 지도자 술레이만이라고 하지!</Text>
		</Row>
		<Row Tag="TXT_KEY_LEADER_SULEIMAN_FIRSTGREETING_2">
			<Text>오스만 제국은 그대를 환영하네. 이방인이여! 나는 술레이만이라고 하지!</Text>
		</Row>
		<Row Tag="TXT_KEY_LEADER_SULEIMAN_FIRSTGREETING_3">
			<Text>이방인이여, 반갑소! 나는 오스만의 지도자 술레이만이오! 나와 함께 이 만남을 기릴 축배를 듭시다!</Text>
		</Row>
		<Row Tag="TXT_KEY_LEADER_SULEIMAN_GOODBYE_1">
			<Text>좋은 하루 되시오.</Text>
		</Row>
		<Row Tag="TXT_KEY_LEADER_SULEIMAN_GOODBYE_2">
			<Text>잘 가시오!</Text>
		</Row>
		<Row Tag="TXT_KEY_LEADER_SULEIMAN_GOODBYE_3">
			<Text>안녕히.</Text>
		</Row>
		<Row Tag="TXT_KEY_LEADER_SULEIMAN_GOODBYE_4">
			<Text>다음에 또 만납시다!</Text>
		</Row>
		<Row Tag="TXT_KEY_LEADER_SULEIMAN_GOODBYE_5">
			<Text>어서 사라지시오.</Text>
		</Row>
		<Row Tag="TXT_KEY_LEADER_SULEIMAN_GOODBYE_6">
			<Text>이제 끝났소.</Text>
		</Row>
		<Row Tag="TXT_KEY_LEADER_SULEIMAN_GOODBYE_7">
			<Text>우리 용무는 여기서 끝이오.</Text>
		</Row>
		<Row Tag="TXT_KEY_LEADER_SULEIMAN_GREETING_1">
			<Text>환영하오!</Text>
		</Row>
		<Row Tag="TXT_KEY_LEADER_SULEIMAN_GREETING_2">
			<Text>안녕하시오!</Text>
		</Row>
		<Row Tag="TXT_KEY_LEADER_SULEIMAN_GREETING_3">
			<Text>반갑소.</Text>
		</Row>
		<Row Tag="TXT_KEY_LEADER_SULEIMAN_GREETING_4">
			<Text>좋은 하루군요.</Text>
		</Row>
		<Row Tag="TXT_KEY_LEADER_SULEIMAN_GREETING_5">
			<Text>오, 당신이군요.</Text>
		</Row>
		<Row Tag="TXT_KEY_LEADER_SULEIMAN_GREETING_6">
			<Text>네?</Text>
		</Row>
		<Row Tag="TXT_KEY_LEADER_SULEIMAN_GREETING_7">
			<Text>뭘 원하시오?</Text>
		</Row>
		<Row Tag="TXT_KEY_LEADER_SULEIMAN_LETSHEARIT_1">
			<Text>말씀하시죠.</Text>
		</Row>
		<Row Tag="TXT_KEY_LEADER_SULEIMAN_LETSHEARIT_2">
			<Text>계속하시오.</Text>
		</Row>
		<Row Tag="TXT_KEY_LEADER_SULEIMAN_LETSHEARIT_3">
			<Text>듣고 있소.</Text>
		</Row>
		<Row Tag="TXT_KEY_LEADER_SULEIMAN_LETSHEARIT_4">
			<Text>음?</Text>
		</Row>
		<Row Tag="TXT_KEY_LEADER_SULEIMAN_LETSHEARIT_5">
			<Text>그래서요?</Text>
		</Row>
		<Row Tag="TXT_KEY_LEADER_SULEIMAN_LETSHEARIT_6">
			<Text>그리고요?</Text>
		</Row>
		<Row Tag="TXT_KEY_LEADER_SULEIMAN_LETSHEARIT_7">
			<Text>계속하시오.</Text>
		</Row>
		<Row Tag="TXT_KEY_LEADER_SULEIMAN_LOSEWAR_1">
			<Text>그대의 승리를 축하하오. 앞으로는 평화가 지속했으면 좋겠소.</Text>
		</Row>
		<Row Tag="TXT_KEY_LEADER_SULEIMAN_TRADE_NEEDMORE_ANGRY_1">
			<Text>승낙할 수 없군. 다시 생각해보게나.</Text>
		</Row>
		<Row Tag="TXT_KEY_LEADER_SULEIMAN_TRADE_NEEDMORE_ANGRY_2">
			<Text>이 정도로는 안되오.</Text>
		</Row>
		<Row Tag="TXT_KEY_LEADER_SULEIMAN_TRADE_NEEDMORE_ANGRY_3">
			<Text>이것보다는 잘할 것 같소.</Text>
		</Row>
		<Row Tag="TXT_KEY_LEADER_SULEIMAN_TRADE_NEEDMORE_HAPPY_1">
			<Text>이봐, 이봐! 날 거지로 만들 작정인가? 좀 더 더하면 덧이라도 나는가!</Text>
		</Row>
		<Row Tag="TXT_KEY_LEADER_SULEIMAN_TRADE_NEEDMORE_HAPPY_2">
			<Text>더 나은 것은 없소?</Text>
		</Row>
		<Row Tag="TXT_KEY_LEADER_SULEIMAN_TRADE_NEEDMORE_HAPPY_3">
			<Text>뭔가 조금 더 있었으면 좋겠소...</Text>
		</Row>
		<Row Tag="TXT_KEY_LEADER_SULEIMAN_TRADE_NEEDMORE_NEUTRAL_1">
			<Text>당신 욕심은 무슨 자식이 잔뜩 딸린 생선장수 같이 구는군! 좀 더 잘 쳐주면 안 되겠는가!</Text>
		</Row>
		<Row Tag="TXT_KEY_LEADER_SULEIMAN_TRADE_NEEDMORE_NEUTRAL_2">
			<Text>좀 더 좋은 생각은 없는가?</Text>
		</Row>
		<Row Tag="TXT_KEY_LEADER_SULEIMAN_TRADE_NEEDMORE_NEUTRAL_3">
			<Text>이 정도로 될 것 같지 않소.</Text>
		</Row>
		<Row Tag="TXT_KEY_LEADER_SULEIMAN_TRADE_NEEDMORE_NEUTRAL_4">
			<Text>조금만 더요...</Text>
		</Row>
		<Row Tag="TXT_KEY_LEADER_SULEIMAN_TRADE_NO_ANGRY">
			<Text>난 당신의 헛소리나 듣고 있을 시간은 없소. 보스포루스 해협에나 뛰어내려 죽어버렸으면 좋겠군.</Text>
		</Row>
		<Row Tag="TXT_KEY_LEADER_SULEIMAN_TRADE_NO_HAPPY">
			<Text>친구, 자네 터번도 없이 햇볕을 너무 쬔 거 같군. 정신 좀 차리게.</Text>
		</Row>
		<Row Tag="TXT_KEY_LEADER_SULEIMAN_TRADE_NO_NEUTRAL">
			<Text>웃기는군! 술이라도 취한건가?</Text>
		</Row>
		<Row Tag="TXT_KEY_LEADER_SULEIMAN_TRADE_YES_ANGRY">
			<Text>당신은 때때로 원하는 바를 넌지시 말하곤 했지. 알겠소.</Text>
		</Row>
		<Row Tag="TXT_KEY_LEADER_SULEIMAN_TRADE_YES_HAPPY">
			<Text>끝내주는 생각일세! 그렇게 하지!</Text>
		</Row>
		<Row Tag="TXT_KEY_LEADER_SULEIMAN_TRADE_YES_NEUTRAL">
			<Text>휼륭하군! 동의하겠네!</Text>
		</Row>
		<Row Tag="TXT_KEY_LEADER_SULEIMAN_TRADEREQUEST_ANGRY">
			<Text>그대도 이 거래가 그대에게 유리하다는 것을 알 수 있을 거라 생각하오.</Text>
		</Row>
		<Row Tag="TXT_KEY_LEADER_SULEIMAN_TRADEREQUEST_HAPPY">
			<Text>친구여, 이 정도면 괜찮은가?</Text>
		</Row>
		<Row Tag="TXT_KEY_LEADER_SULEIMAN_TRADEREQUEST_NEUTRAL">
			<Text>자자, 어서 얘기를 나눠보세, 어떤 것이 맘에 드는가?</Text>
		</Row>
		<Row Tag="TXT_KEY_LEADER_SULEIMAN_TRIBUTE_NO_ANGRY">
			<Text>원숭이 같은 놈! 감히 내 보물을 갈취하려 드는 건가? 미친 게 틀림없군!</Text>
		</Row>
		<Row Tag="TXT_KEY_LEADER_SULEIMAN_TRIBUTE_NO_HAPPY">
			<Text>이게 정말 친구를 대하는 그대의 태도입니까? 참 아니하군!</Text>
		</Row>
		<Row Tag="TXT_KEY_LEADER_SULEIMAN_TRIBUTE_NO_NEUTRAL">
			<Text>뭐 안되면, 내 장남이라도 내놓으라고 할 건가? 거절일세!</Text>
		</Row>
		<Row Tag="TXT_KEY_LEADER_SULEIMAN_TRIBUTE_YES_ANGRY">
			<Text>지금은 당신이 위에 있지만, 내 기필코 당신을 끌어내리겠소. 언젠가!</Text>
		</Row>
		<Row Tag="TXT_KEY_LEADER_SULEIMAN_TRIBUTE_YES_HAPPY">
			<Text>물론이오! 나는 관대한 편이니. 아니오?</Text>
		</Row>
		<Row Tag="TXT_KEY_LEADER_SULEIMAN_TRIBUTE_YES_NEUTRAL">
			<Text>음, 이 방법이 당신을 쓸어버리는 것보다는 싸게 먹힐 것 같으니 그리하겠소.</Text>
		</Row>
		<Row Tag="TXT_KEY_LEADER_SULEIMAN_WARBLUFF_1">
			<Text>자네 위험한 장난을 치고 있군.</Text>
		</Row>
		<Row Tag="TXT_KEY_LEADER_SULEIMAN_WARBLUFF_2">
			<Text>아주 좋군. 다음번엔 자네의 응석을 받아주지 않을 것이오!</Text>
		</Row>
		<Row Tag="TXT_KEY_LEADER_SULEIMAN_WARBLUFF_3">
			<Text>실망스럽군.</Text>
		</Row>
		<Row Tag="TXT_KEY_LEADER_SULEIMAN_WARBLUFF_4">
			<Text>참으로 실망스럽군.</Text>
		</Row>
		<Row Tag="TXT_KEY_LEADER_SULEIMAN_WARBLUFF_5">
			<Text>진심인가? 난 당신이 그 짧은 생각을 후회할 틈도 없게 될 거라 믿소.</Text>
		</Row>
		<Row Tag="TXT_KEY_LEADER_SULEIMAN_WARBLUFF_6">
			<Text>참으로 어리석군.</Text>
		</Row>
		<Row Tag="TXT_KEY_LEADER_SULEIMAN_WINWAR_1">
			<Text>다시는 우리를 가로막지 않는 게 좋을 것이오. 다음번엔 봐줄 생각이 없으니 말이지!</Text>
		</Row>
	</Language_KO_KR>
</GameData>