﻿<?xml version="1.0" encoding="utf-8"?>
<!--Generated with LocalizationBuddy.-->
<!--Copyright Firaxis Games 2010-->
<!--All Rights Reserved-->
<GameData>
  <Language_KO_KR>
    <Row Tag="TXT_KEY_LEADER_DIDO_AGREE_SHORT_1">
      <Text>좋습니다.</Text>
    </Row>
    <Row Tag="TXT_KEY_LEADER_DIDO_AGREE_SHORT_2">
      <Text>그렇게 합시다.</Text>
    </Row>
    <Row Tag="TXT_KEY_LEADER_DIDO_AGREE_SHORT_3">
      <Text>훌륭합니다.</Text>
    </Row>
    <Row Tag="TXT_KEY_LEADER_DIDO_AGREE_SHORT_4">
      <Text>그래야 할 것 같군요.</Text>
    </Row>
    <Row Tag="TXT_KEY_LEADER_DIDO_ATTACKED_1">
      <Text>이 야비한 악당! 이제 아무리 빌어도 용서하지 않겠습니다! 당신의 행동 때문에 두고두고 악감정이 생길 겁니다.</Text>
    </Row>
    <Row Tag="TXT_KEY_LEADER_DIDO_ATTACKED_2">
      <Text>도대체 어떤 결과를 바라고 그런 야비한 짓을 했습니까? 내가 코끼리 군단을 보내 당신의 비뚤어진 생각을 바로잡겠습니다!</Text>
    </Row>
    <Row Tag="TXT_KEY_LEADER_DIDO_ATTACKED_3">
      <Text>당신은 속임수를 일삼는 위선자요 능구렁이 같은 작자입니다. 신들에게 맹세코 당신의 죗값은 피로 치르게 될 것입니다.</Text>
    </Row>
    <Row Tag="TXT_KEY_LEADER_DIDO_DECLAREWAR_1">
      <Text>나는 전부터 평화를 모르고 자랐지요. 사람들을 공포에 떨게 하는 당신의 행동을 더이상 묵인하지 않겠습니다. 오늘 밤 전쟁이 시작될 것입니다!</Text>
    </Row>
    <Row Tag="TXT_KEY_LEADER_DIDO_DECLAREWAR_2">
      <Text>당신의 운이 다했습니다. 위대한 카르타고는 더이상 당신의 조롱과 협박을 참지 않을 겁니다. 죽을 준비나 하시지요.</Text>
    </Row>
    <Row Tag="TXT_KEY_LEADER_DIDO_DECLAREWAR_3">
      <Text>카르타고의 군세나 코끼리 군단의 위용, 전선의 수 정도는 파악하고 전쟁을 시작했습니까? 모른다고요? 곧 알게 되겠지요.</Text>
    </Row>
    <Row Tag="TXT_KEY_LEADER_DIDO_DEFEATED_1">
      <Text>하늘과 땅이 모두 나를 버린듯하군요. 이것이 내 운명이라면 어쩔 수 없지. 패배를 받아들이겠습니다.</Text>
    </Row>
    <Row Tag="TXT_KEY_LEADER_DIDO_DEFEATED_2">
      <Text>카르타고의 도시가 모두 불타고 무너지는 안타까운 일이 일어나도 내 이름은 후세에 길이 남겠지요.</Text>
    </Row>
    <Row Tag="TXT_KEY_LEADER_DIDO_DEFEATED_3">
      <Text>별은 총총한데 맹렬한 불꽃이 카르타고의 도시를 차례로 삼키는군요. 이제 내게 남은 것은 죽음뿐. </Text>
    </Row>
    <Row Tag="TXT_KEY_LEADER_DIDO_DEMANDTRIBUTE_ANGRY">
      <Text>당신의 능구렁이 같은 변명을 듣는 것도 이제 지쳤습니다. 내 요구사항을 당장 이행하십시오.</Text>
    </Row>
    <Row Tag="TXT_KEY_LEADER_DIDO_DEMANDTRIBUTE_HAPPY">
      <Text>방금 멋진 생각이 떠올랐습니다. 당신도 듣고 싶을 거예요.</Text>
    </Row>
    <Row Tag="TXT_KEY_LEADER_DIDO_DEMANDTRIBUTE_NEUTRAL">
      <Text>맞아, 당신이 금화를 바치면 내 생각을 실현할 수 있겠군요. 우물쭈물하지 말고 당장 금화를 넘기시지요.</Text>
    </Row>
    <Row Tag="TXT_KEY_LEADER_DIDO_DISAGREE_SHORT_1">
      <Text>거절하겠습니다.</Text>
    </Row>
    <Row Tag="TXT_KEY_LEADER_DIDO_DISAGREE_SHORT_2">
      <Text>싫습니다.</Text>
    </Row>
    <Row Tag="TXT_KEY_LEADER_DIDO_DISAGREE_SHORT_3">
      <Text>그럴 수는 없습니다.</Text>
    </Row>
    <Row Tag="TXT_KEY_LEADER_DIDO_DISAGREE_SHORT_4">
      <Text>거부하겠습니다.</Text>
    </Row>
    <Row Tag="TXT_KEY_LEADER_DIDO_DISAGREE_SHORT_5">
      <Text>뭐라고요?</Text>
    </Row>
    <Row Tag="TXT_KEY_LEADER_DIDO_DISAGREE_SHORT_6">
      <Text>수락할 수 없습니다.</Text>
    </Row>
    <Row Tag="TXT_KEY_LEADER_DIDO_DISAGREE_SHORT_7">
      <Text>말도 안 되는 소리를!</Text>
    </Row>
    <Row Tag="TXT_KEY_LEADER_DIDO_FIRSTGREETING_1">
      <Text>세상에서 가장 안전한 항구도시 카르타고에 온 것을 환영합니다, 이방인. 나는 티레의 방랑자 디도라고 합니다.</Text>
    </Row>
    <Row Tag="TXT_KEY_LEADER_DIDO_FIRSTGREETING_2">
      <Text>카르타고의 여왕이 그대를 환영합니다. 많은 이들이 나를 엘리사로 알고 있지만 그대는 나를 디도라고 불러도 좋습니다.
</Text>
    </Row>
    <Row Tag="TXT_KEY_LEADER_DIDO_FIRSTGREETING_3">
      <Text>우리 문명을 방문한 그대를 페키니아의 이름으로 환영합니다. 나는 카르타고의 여왕 디도라고 합니다.
</Text>
    </Row>
    <Row Tag="TXT_KEY_LEADER_DIDO_GOODBYE_1">
      <Text>다음을 기약합시다.</Text>
    </Row>
    <Row Tag="TXT_KEY_LEADER_DIDO_GOODBYE_2">
      <Text>잘 가세요.</Text>
    </Row>
    <Row Tag="TXT_KEY_LEADER_DIDO_GOODBYE_3">
      <Text>안녕히.</Text>
    </Row>
    <Row Tag="TXT_KEY_LEADER_DIDO_GOODBYE_4">
      <Text>잘 가세요.</Text>
    </Row>
    <Row Tag="TXT_KEY_LEADER_DIDO_GOODBYE_5">
      <Text>이상입니다.</Text>
    </Row>
    <Row Tag="TXT_KEY_LEADER_DIDO_GOODBYE_6">
      <Text>물러가세요.</Text>
    </Row>
    <Row Tag="TXT_KEY_LEADER_DIDO_GREETING_1">
      <Text>만나서 반갑습니다.</Text>
    </Row>
    <Row Tag="TXT_KEY_LEADER_DIDO_GREETING_2">
      <Text>안녕하십니까?</Text>
    </Row>
    <Row Tag="TXT_KEY_LEADER_DIDO_GREETING_3">
      <Text>환영합니다.</Text>
    </Row>
    <Row Tag="TXT_KEY_LEADER_DIDO_GREETING_4">
      <Text>다시 만나서 반갑습니다.</Text>
    </Row>
    <Row Tag="TXT_KEY_LEADER_DIDO_GREETING_5">
      <Text>예?</Text>
    </Row>
    <Row Tag="TXT_KEY_LEADER_DIDO_GREETING_6">
      <Text>웬일이지요?</Text>
    </Row>
    <Row Tag="TXT_KEY_LEADER_DIDO_LETSHEARIT_1">
      <Text>들어보기로 하지요.</Text>
    </Row>
    <Row Tag="TXT_KEY_LEADER_DIDO_LETSHEARIT_2">
      <Text>얘기하세요.</Text>
    </Row>
    <Row Tag="TXT_KEY_LEADER_DIDO_LETSHEARIT_3">
      <Text>계속하세요.</Text>
    </Row>
    <Row Tag="TXT_KEY_LEADER_DIDO_LETSHEARIT_4">
      <Text>듣고 있습니다.</Text>
    </Row>
    <Row Tag="TXT_KEY_LEADER_DIDO_LETSHEARIT_5">
      <Text>그리고?</Text>
    </Row>
    <Row Tag="TXT_KEY_LEADER_DIDO_LOSEWAR_1">
      <Text>내 군대에 무슨 짓을 한 것이냐? 사악한 마법이라도 사용한 것이란 말인가? 다음부터는 당신을 조심해야겠군.
</Text>
    </Row>
    <Row Tag="TXT_KEY_LEADER_DIDO_LOSEWAR_2">
      <Text>아무래도 내가 운명의 여신을 화나게 한 모양이군. 신께서 돕지 않으셨다면 그대와 같은 자가 나를 이길 리가 없는데...
</Text>
    </Row>
    <Row Tag="TXT_KEY_LEADER_DIDO_TRADE_NEEDMORE_ANGRY_1">
      <Text>도대체 뭘 하자는 것인지... 이상한 소리 하지 말고 제대로 된 제안을 하십시오.
</Text>
    </Row>
    <Row Tag="TXT_KEY_LEADER_DIDO_TRADE_NEEDMORE_ANGRY_2">
      <Text>그것으로는 부족합니다.
</Text>
    </Row>
    <Row Tag="TXT_KEY_LEADER_DIDO_TRADE_NEEDMORE_ANGRY_3">
      <Text>좀 더 나은 제안을 하세요.
</Text>
    </Row>
    <Row Tag="TXT_KEY_LEADER_DIDO_TRADE_NEEDMORE_ANGRY_4">
      <Text>그걸로는 좀...
</Text>
    </Row>
    <Row Tag="TXT_KEY_LEADER_DIDO_TRADE_NEEDMORE_HAPPY_1">
      <Text>아이네아스였더라도 그런 제안은 받아들이지 않을 겁니다. 다른 제안을 해보시지요.
</Text>
    </Row>
    <Row Tag="TXT_KEY_LEADER_DIDO_TRADE_NEEDMORE_HAPPY_2">
      <Text>이게 그대가 할 수 있는 최선입니까?
</Text>
    </Row>
    <Row Tag="TXT_KEY_LEADER_DIDO_TRADE_NEEDMORE_HAPPY_3">
      <Text>조금만 더 써보시지요.</Text>
    </Row>
    <Row Tag="TXT_KEY_LEADER_DIDO_TRADE_NEEDMORE_NEUTRAL_1">
      <Text>그대의 의도는 알겠지만 이 제안은 받아들일 수 없습니다. 더 좋은 조건을 제시하시기 바랍니다.</Text>
    </Row>
    <Row Tag="TXT_KEY_LEADER_DIDO_TRADE_NEEDMORE_NEUTRAL_2">
      <Text>좀 더 나은 제안을 할 수는 없나요?</Text>
    </Row>
    <Row Tag="TXT_KEY_LEADER_DIDO_TRADE_NEEDMORE_NEUTRAL_3">
      <Text>충분하지 않다고 하지 않았나요?</Text>
    </Row>
    <Row Tag="TXT_KEY_LEADER_DIDO_TRADE_NEEDMORE_NEUTRAL_4">
      <Text>그걸로는 좀...
</Text>
    </Row>
    <Row Tag="TXT_KEY_LEADER_DIDO_TRADE_NO_ANGRY">
      <Text>날 속일 생각입니까? 피그말리온과 티레의 영주들보다 지혜로운 나를? 구역질이 날 지경이로군...</Text>
    </Row>
    <Row Tag="TXT_KEY_LEADER_DIDO_TRADE_NO_HAPPY">
      <Text>고맙지만 사양하겠어요.</Text>
    </Row>
    <Row Tag="TXT_KEY_LEADER_DIDO_TRADE_NO_NEUTRAL">
      <Text>별로 흥미가 없군요.</Text>
    </Row>
    <Row Tag="TXT_KEY_LEADER_DIDO_TRADE_YES_ANGRY">
      <Text>그래요 좋아요.</Text>
    </Row>
    <Row Tag="TXT_KEY_LEADER_DIDO_TRADE_YES_HAPPY">
      <Text>동의해요.</Text>
    </Row>
    <Row Tag="TXT_KEY_LEADER_DIDO_TRADE_YES_NEUTRAL">
      <Text>아주 좋군요.</Text>
    </Row>
    <Row Tag="TXT_KEY_LEADER_DIDO_TRADEREQUEST_ANGRY">
      <Text>헛고생인 줄은 알지만 시도는 해봤으니 이 방에 있는 다른 이들보다는 낫지 않나요?</Text>
    </Row>
    <Row Tag="TXT_KEY_LEADER_DIDO_TRADEREQUEST_HAPPY">
      <Text>아주 멋진 생각이 떠올랐습니다. 그대도 기뻐할 게 분명합니다.</Text>
    </Row>
    <Row Tag="TXT_KEY_LEADER_DIDO_TRADEREQUEST_NEUTRAL">
      <Text>자, 같이 한번 놀아봅시다. 당신이 이기도록 해줄 수도 있습니다.</Text>
    </Row>
    <Row Tag="TXT_KEY_LEADER_DIDO_TRIBUTE_NO_ANGRY">
      <Text>그대는 이아르바스보다 한참 부족한 자입니다. 하나씩 짚어 드릴까요? 가지 마세요. 그대에게도 좋은 교육이 될 테니.</Text>
    </Row>
    <Row Tag="TXT_KEY_LEADER_DIDO_TRIBUTE_NO_HAPPY">
      <Text>이상한 말씀을 하시는군. 혹시 취했습니까?</Text>
    </Row>
    <Row Tag="TXT_KEY_LEADER_DIDO_TRIBUTE_NO_NEUTRAL">
      <Text>웃기는 사람이로군요! 대가도 없이 내게서 뭘 얻으려고 하지 마십시오.</Text>
    </Row>
    <Row Tag="TXT_KEY_LEADER_DIDO_TRIBUTE_YES_ANGRY">
      <Text>말도 안 되는 조건이지만 내가 다른 일로 바쁘다 보니 일단 받아들이기로 하겠습니다.</Text>
    </Row>
    <Row Tag="TXT_KEY_LEADER_DIDO_TRIBUTE_YES_HAPPY">
      <Text>음... 한 번 정도는 괜찮겠지. 내 보좌관이 보기 전에 빨리 챙기시지요.</Text>
    </Row>
    <Row Tag="TXT_KEY_LEADER_DIDO_TRIBUTE_YES_NEUTRAL">
      <Text>대체 뭘 어쩌려고 그러는 거지요? 하도 희한한 일이라 호기심이 생기는군요. 끝까지 지켜보겠어요.</Text>
    </Row>
    <Row Tag="TXT_KEY_LEADER_DIDO_WARBLUFF_1">
      <Text>이런. 내가 당신을 과대평가했나 봅니다.</Text>
    </Row>
    <Row Tag="TXT_KEY_LEADER_DIDO_WARBLUFF_2">
      <Text>멋진 전략이긴 하지만 날 이기기에는 부족한듯합니다.</Text>
    </Row>
    <Row Tag="TXT_KEY_LEADER_DIDO_WARBLUFF_3">
      <Text>정말 바보 같군요.</Text>
    </Row>
    <Row Tag="TXT_KEY_LEADER_DIDO_WINWAR_1">
      <Text>내가 여자라고 얕보았나요? 대가를 톡톡히 치른 셈이군요. 다시는 카르타고에 발을 들여놓지 마십시오.</Text>
    </Row>
    <Row Tag="TXT_KEY_LEADER_DIDO_WINWAR_2">
      <Text>비르사에 승전을 축하하는 종을 울리고 개선 군기를 걸도록 해야겠군요! 그쪽은 무슨 할 말 있나요?</Text>
    </Row>
  </Language_KO_KR>
</GameData>