﻿<?xml version="1.0" encoding="utf-8"?>
<!--Generated with LocalizationBuddy.-->
<!--Copyright Firaxis Games 2010-->
<!--All Rights Reserved-->
<GameData>
  <Language_KO_KR>
    <Row Tag="TXT_KEY_NEWWORLD_SCENARIO_LEADER_PACHACUTI_AGREE_SHORT_1">
      <Text>좋소.</Text>
    </Row>
    <Row Tag="TXT_KEY_NEWWORLD_SCENARIO_LEADER_PACHACUTI_AGREE_SHORT_2">
      <Text>아주 좋소.</Text>
    </Row>
    <Row Tag="TXT_KEY_NEWWORLD_SCENARIO_LEADER_PACHACUTI_AGREE_SHORT_3">
      <Text>물론이오.</Text>
    </Row>
    <Row Tag="TXT_KEY_NEWWORLD_SCENARIO_LEADER_PACHACUTI_AGREE_SHORT_4">
      <Text>그리합시다.</Text>
    </Row>
    <Row Tag="TXT_KEY_NEWWORLD_SCENARIO_LEADER_PACHACUTI_ATTACKED_1">
      <Text>당신이 어찌 나올지 예상은 하고 있었지. 우린 이미 이 침략에 대해 준비가 되어있습니다.</Text>
    </Row>
    <Row Tag="TXT_KEY_NEWWORLD_SCENARIO_LEADER_PACHACUTI_ATTACKED_2">
      <Text>감히 내게 전쟁을 선포하다니?!? 사실 내가 먼저 전쟁을 선포하였으므로 이 전쟁은 내가 시작한 것입니다!</Text>
    </Row>
    <Row Tag="TXT_KEY_NEWWORLD_SCENARIO_LEADER_PACHACUTI_ATTACKED_3">
      <Text>이런 꿈도 희망도 없는 버러지 같으니. 어찌 감히 위대한 잉카 제국을 협박한단 말인가!</Text>
    </Row>
    <Row Tag="TXT_KEY_NEWWORLD_SCENARIO_LEADER_PACHACUTI_DECLAREWAR_1">
      <Text>당신은 뒤처지고 미개한 종족입니다. 당신 나라의 정권이 완벽히 바뀌어야 할 때가 왔군요. 전쟁을 준비하시길!</Text>
    </Row>
    <Row Tag="TXT_KEY_NEWWORLD_SCENARIO_LEADER_PACHACUTI_DECLAREWAR_2">
      <Text>내 그대의 미개한 종족에 자비를 베풀어 위대한 잉카 제국의 일원으로 받아들여 주겠습니다. 전쟁을 준비하시오!</Text>
    </Row>
    <Row Tag="TXT_KEY_NEWWORLD_SCENARIO_LEADER_PACHACUTI_DECLAREWAR_3">
      <Text>쓸데없이 저항해 봤자 강대한 잉카 제국에 맞설 수는 없습니다. 당장 항복하든가, 그렇지 않으면 전쟁을 준비하시오!</Text>
    </Row>
    <Row Tag="TXT_KEY_NEWWORLD_SCENARIO_LEADER_PACHACUTI_DEFEATED_1">
      <Text>믿을 수 없다! 이건 가당치 않아! 꿈을 꾸고 있는 게 틀림없을 게야! 조만간 내가 잠에서 깰 것이고 그러면 이 악몽은 끝날 것이다.</Text>
    </Row>
    <Row Tag="TXT_KEY_NEWWORLD_SCENARIO_LEADER_PACHACUTI_DEFEATED_2">
      <Text>내가 졌다고? 이게 어찌 가능하단 말이냐? 내가 배신을 당한 게 틀림없구나!</Text>
    </Row>
    <Row Tag="TXT_KEY_NEWWORLD_SCENARIO_LEADER_PACHACUTI_DEFEATED_3">
      <Text>이럴 수가. 나의 위대함과 나의 탁월함이 모두 파멸했다. 당신 때문에? 누군가 나에게 설명을 해줘야 한다!</Text>
    </Row>
    <Row Tag="TXT_KEY_NEWWORLD_SCENARIO_LEADER_PACHACUTI_DEMANDTRIBUTE_ANGRY">
      <Text>우리가 원하는 걸 바친다면 아마도 당신의 미개한 문명이 약간의 지혜라도 배울 수 있도록 살아남을 수 있을 것입니다.</Text>
    </Row>
    <Row Tag="TXT_KEY_NEWWORLD_SCENARIO_LEADER_PACHACUTI_DEMANDTRIBUTE_HAPPY">
      <Text>친구여, 이런 말을 듣는 것이 놀랍겠지만 잉카인들은 그대의 도움이 절실합니다. 거절하지는 않으시겠지요?</Text>
    </Row>
    <Row Tag="TXT_KEY_NEWWORLD_SCENARIO_LEADER_PACHACUTI_DEMANDTRIBUTE_NEUTRAL">
      <Text>잉카의 우정과 보호에 보답할 기회를 드리지요. 부디 실망시키지 않길 바랍니다.</Text>
    </Row>
    <Row Tag="TXT_KEY_NEWWORLD_SCENARIO_LEADER_PACHACUTI_DISAGREE_SHORT_1">
      <Text>안 될 말입니다.</Text>
    </Row>
    <Row Tag="TXT_KEY_NEWWORLD_SCENARIO_LEADER_PACHACUTI_DISAGREE_SHORT_2">
      <Text>아니요.</Text>
    </Row>
    <Row Tag="TXT_KEY_NEWWORLD_SCENARIO_LEADER_PACHACUTI_DISAGREE_SHORT_3">
      <Text>거절하겠습니다.</Text>
    </Row>
    <Row Tag="TXT_KEY_NEWWORLD_SCENARIO_LEADER_PACHACUTI_DISAGREE_SHORT_4">
      <Text>당연히 안 됩니다.</Text>
    </Row>
    <Row Tag="TXT_KEY_NEWWORLD_SCENARIO_LEADER_PACHACUTI_DISAGREE_SHORT_5">
      <Text>뭐라고 했소?</Text>
    </Row>
    <Row Tag="TXT_KEY_NEWWORLD_SCENARIO_LEADER_PACHACUTI_DISAGREE_SHORT_6">
      <Text>받아들일 수 없소.</Text>
    </Row>
    <Row Tag="TXT_KEY_NEWWORLD_SCENARIO_LEADER_PACHACUTI_DISAGREE_SHORT_7">
      <Text>농담이 지나치오.</Text>
    </Row>
    <Row Tag="TXT_KEY_NEWWORLD_SCENARIO_LEADER_PACHACUTI_FIRSTGREETING_1">
      <Text>반갑습니다. 난 세상에서 가장 고귀하고 강하며 아름다운 잉카의 통치자 파차쿠티라고 합니다. 약소한 문명을 만나는 것은 언제나 즐거운 일이로군요.</Text>
    </Row>
    <Row Tag="TXT_KEY_NEWWORLD_SCENARIO_LEADER_PACHACUTI_FIRSTGREETING_2">
      <Text>반갑습니다, 이방인이여! 나는 잉카의 파차쿠티라고 합니다. 우릴 만나게 되다니 당신에겐 이 얼마나 영광스러운 일입니까.</Text>
    </Row>
    <Row Tag="TXT_KEY_NEWWORLD_SCENARIO_LEADER_PACHACUTI_FIRSTGREETING_3">
      <Text>어서 오십시오. 이방인! 난 위대한 잉카의 통치자 파차쿠티라고 합니다. 우리가 그대의 그 하찮은 문명을 도와줄 방법이 있다면 주저하지 말고 얘기하십시오.</Text>
    </Row>
    <Row Tag="TXT_KEY_NEWWORLD_SCENARIO_LEADER_PACHACUTI_GOODBYE_1">
      <Text>안녕히 가세요.</Text>
    </Row>
    <Row Tag="TXT_KEY_NEWWORLD_SCENARIO_LEADER_PACHACUTI_GOODBYE_2">
      <Text>잘 가시오.</Text>
    </Row>
    <Row Tag="TXT_KEY_NEWWORLD_SCENARIO_LEADER_PACHACUTI_GOODBYE_3">
      <Text>또 봅시다.</Text>
    </Row>
    <Row Tag="TXT_KEY_NEWWORLD_SCENARIO_LEADER_PACHACUTI_GOODBYE_4">
      <Text>잘 가시오.</Text>
    </Row>
    <Row Tag="TXT_KEY_NEWWORLD_SCENARIO_LEADER_PACHACUTI_GOODBYE_5">
      <Text>이상이오.</Text>
    </Row>
    <Row Tag="TXT_KEY_NEWWORLD_SCENARIO_LEADER_PACHACUTI_GOODBYE_6">
      <Text>용무는 끝난 듯하군.</Text>
    </Row>
    <Row Tag="TXT_KEY_NEWWORLD_SCENARIO_LEADER_PACHACUTI_GREETING_1">
      <Text>환영하오.</Text>
    </Row>
    <Row Tag="TXT_KEY_NEWWORLD_SCENARIO_LEADER_PACHACUTI_GREETING_2">
      <Text>안녕하십니까.</Text>
    </Row>
    <Row Tag="TXT_KEY_NEWWORLD_SCENARIO_LEADER_PACHACUTI_GREETING_3">
      <Text>반갑소.</Text>
    </Row>
    <Row Tag="TXT_KEY_NEWWORLD_SCENARIO_LEADER_PACHACUTI_GREETING_4">
      <Text>안녕하시오.</Text>
    </Row>
    <Row Tag="TXT_KEY_NEWWORLD_SCENARIO_LEADER_PACHACUTI_GREETING_5">
      <Text>오, 당신이군.</Text>
    </Row>
    <Row Tag="TXT_KEY_NEWWORLD_SCENARIO_LEADER_PACHACUTI_GREETING_6">
      <Text>원하는 게 뭐요?</Text>
    </Row>
    <Row Tag="TXT_KEY_NEWWORLD_SCENARIO_LEADER_PACHACUTI_LETSHEARIT_1">
      <Text>듣고 있소.</Text>
    </Row>
    <Row Tag="TXT_KEY_NEWWORLD_SCENARIO_LEADER_PACHACUTI_LETSHEARIT_2">
      <Text>음?</Text>
    </Row>
    <Row Tag="TXT_KEY_NEWWORLD_SCENARIO_LEADER_PACHACUTI_LETSHEARIT_3">
      <Text>계속하시오.</Text>
    </Row>
    <Row Tag="TXT_KEY_NEWWORLD_SCENARIO_LEADER_PACHACUTI_LETSHEARIT_4">
      <Text>뭐라고 했소?</Text>
    </Row>
    <Row Tag="TXT_KEY_NEWWORLD_SCENARIO_LEADER_PACHACUTI_LETSHEARIT_5">
      <Text>그래서?</Text>
    </Row>
    <Row Tag="TXT_KEY_NEWWORLD_SCENARIO_LEADER_PACHACUTI_LOSEWAR_1">
      <Text>예상외로 잘 싸웠습니다. 가까이서 날 연구한 게 틀림없군요.</Text>
    </Row>
    <Row Tag="TXT_KEY_NEWWORLD_SCENARIO_LEADER_PACHACUTI_TRADE_NEEDMORE_ANGRY_1">
      <Text>공정거래라는 개념을 이해는 한 것입니까? 그대의 제안은 가당치도 않습니다.</Text>
    </Row>
    <Row Tag="TXT_KEY_NEWWORLD_SCENARIO_LEADER_PACHACUTI_TRADE_NEEDMORE_ANGRY_2">
      <Text>그걸로는 충분치 않아요.</Text>
    </Row>
    <Row Tag="TXT_KEY_NEWWORLD_SCENARIO_LEADER_PACHACUTI_TRADE_NEEDMORE_ANGRY_3">
      <Text>더 나은 제안을 하시오.</Text>
    </Row>
    <Row Tag="TXT_KEY_NEWWORLD_SCENARIO_LEADER_PACHACUTI_TRADE_NEEDMORE_HAPPY_1">
      <Text>이 보게 친구. 고등 수학이 어려울 수 있다는 것은 내 잘 알고 있네만, 이 거래는 공평하지 않습니다. 더 나은 제안을 해주시길.</Text>
    </Row>
    <Row Tag="TXT_KEY_NEWWORLD_SCENARIO_LEADER_PACHACUTI_TRADE_NEEDMORE_HAPPY_2">
      <Text>그게 최선이오?</Text>
    </Row>
    <Row Tag="TXT_KEY_NEWWORLD_SCENARIO_LEADER_PACHACUTI_TRADE_NEEDMORE_HAPPY_3">
      <Text>조금만 더 써보시오.</Text>
    </Row>
    <Row Tag="TXT_KEY_NEWWORLD_SCENARIO_LEADER_PACHACUTI_TRADE_NEEDMORE_NEUTRAL_1">
      <Text>우릴 속이려 드는 건 아니겠지요? 만약 그렇다면 정말 큰 실수를 저지르게 되는 것입니다. 더 괜찮은 제안을 하시길 바랍니다.</Text>
    </Row>
    <Row Tag="TXT_KEY_NEWWORLD_SCENARIO_LEADER_PACHACUTI_TRADE_NEEDMORE_NEUTRAL_2">
      <Text>더 괜찮은 제안을 할 수는 없소?</Text>
    </Row>
    <Row Tag="TXT_KEY_NEWWORLD_SCENARIO_LEADER_PACHACUTI_TRADE_NEEDMORE_NEUTRAL_3">
      <Text>받아들이기에는 무리가 있는 제안입니다.</Text>
    </Row>
    <Row Tag="TXT_KEY_NEWWORLD_SCENARIO_LEADER_PACHACUTI_TRADE_NEEDMORE_NEUTRAL_4">
      <Text>조금만 더 써보시지요.</Text>
    </Row>
    <Row Tag="TXT_KEY_NEWWORLD_SCENARIO_LEADER_PACHACUTI_TRADE_NO_ANGRY">
      <Text>생긴 대로 당신의 제안도 역겹군요.</Text>
    </Row>
    <Row Tag="TXT_KEY_NEWWORLD_SCENARIO_LEADER_PACHACUTI_TRADE_NO_HAPPY">
      <Text>안됐지만 그건 받아들일 수 없습니다. 친구.</Text>
    </Row>
    <Row Tag="TXT_KEY_NEWWORLD_SCENARIO_LEADER_PACHACUTI_TRADE_NO_NEUTRAL">
      <Text>정녕 그대의 문명이 우리에게 필요한 걸 가지고 있다고 생각하는 것입니까?</Text>
    </Row>
    <Row Tag="TXT_KEY_NEWWORLD_SCENARIO_LEADER_PACHACUTI_TRADE_YES_ANGRY">
      <Text>타당하게 보이는군요. 당신이 그런 생각을 했다니 참으로 놀랐습니다.</Text>
    </Row>
    <Row Tag="TXT_KEY_NEWWORLD_SCENARIO_LEADER_PACHACUTI_TRADE_YES_HAPPY">
      <Text>정말 좋은 생각입니다! 위대한 지도자로서의 자질이 보이는군요.</Text>
    </Row>
    <Row Tag="TXT_KEY_NEWWORLD_SCENARIO_LEADER_PACHACUTI_TRADE_YES_NEUTRAL">
      <Text>물론입니다. 하등 문명과의 거래는 늘 유쾌한 법이지요.</Text>
    </Row>
    <Row Tag="TXT_KEY_NEWWORLD_SCENARIO_LEADER_PACHACUTI_TRADEREQUEST_ANGRY">
      <Text>위대한 잉카인들이 덜떨어진 당신에게 자비를 베풀고자 이 거래를 제안합니다.</Text>
    </Row>
    <Row Tag="TXT_KEY_NEWWORLD_SCENARIO_LEADER_PACHACUTI_TRADEREQUEST_HAPPY">
      <Text>이 보시게, 친구. 이 거래가 양 국민 모두에게 유익할 것으로 생각하네만.</Text>
    </Row>
    <Row Tag="TXT_KEY_NEWWORLD_SCENARIO_LEADER_PACHACUTI_TRADEREQUEST_NEUTRAL">
      <Text>잉카인들의 이름으로 그대에게 공정한 거래를 제안하는 바입니다.</Text>
    </Row>
    <Row Tag="TXT_KEY_NEWWORLD_SCENARIO_LEADER_PACHACUTI_TRIBUTE_NO_ANGRY">
      <Text>제정신인 겁니까?</Text>
    </Row>
    <Row Tag="TXT_KEY_NEWWORLD_SCENARIO_LEADER_PACHACUTI_TRIBUTE_NO_HAPPY">
      <Text>아아! 안됐지만 그대의 요구에 응할 수 없겠습니다. 이번엔 우리의 도움 없이 자력으로 극복하시길.</Text>
    </Row>
    <Row Tag="TXT_KEY_NEWWORLD_SCENARIO_LEADER_PACHACUTI_TRIBUTE_NO_NEUTRAL">
      <Text>당신의 오만함만이 탐욕을 넘어섰습니다. 말도 안 되는 당신 요구를 철저하게 거절하겠습니다.</Text>
    </Row>
    <Row Tag="TXT_KEY_NEWWORLD_SCENARIO_LEADER_PACHACUTI_TRIBUTE_YES_ANGRY">
      <Text>좋습니다. 먹고 떨어지십시오.</Text>
    </Row>
    <Row Tag="TXT_KEY_NEWWORLD_SCENARIO_LEADER_PACHACUTI_TRIBUTE_YES_HAPPY">
      <Text>물론입니다. 나의 친구여! 우리의 도움이 없다면 살아남지 못할 것이 확실하군요.</Text>
    </Row>
    <Row Tag="TXT_KEY_NEWWORLD_SCENARIO_LEADER_PACHACUTI_TRIBUTE_YES_NEUTRAL">
      <Text>우린 항상 즐거운 마음으로 하등문명을 돕습니다!</Text>
    </Row>
    <Row Tag="TXT_KEY_NEWWORLD_SCENARIO_LEADER_PACHACUTI_WARBLUFF_1">
      <Text>좋습니다. 일단 목숨은 살려주지요. </Text>
    </Row>
    <Row Tag="TXT_KEY_NEWWORLD_SCENARIO_LEADER_PACHACUTI_WARBLUFF_2">
      <Text>알겠습니다. 우리도 앞으로는 예의를 차리지 않겠습니다!</Text>
    </Row>
    <Row Tag="TXT_KEY_NEWWORLD_SCENARIO_LEADER_PACHACUTI_WARBLUFF_3">
      <Text>진심입니까? 내가 이런 어리석은 짓을 후회할 시간이라도 줄 줄 아십니까?</Text>
    </Row>
    <Row Tag="TXT_KEY_NEWWORLD_SCENARIO_LEADER_PACHACUTI_WINWAR_1">
      <Text>정녕 그대가 강대한 우리 잉카 제국을 이길 수 있을 것이라고 생각했단 말입니까? 하하하! 환상에 빠진 불쌍한 바보 같으니라고. 유감스러운 마음이 생길 지경이군요.</Text>
    </Row>
  </Language_KO_KR>
</GameData>