﻿<?xml version="1.0" encoding="utf-8"?>
<!--Generated with LocalizationBuddy.-->
<!--Copyright Firaxis Games 2010-->
<!--All Rights Reserved-->
<GameData>
  <Language_KO_KR>
    <Row Tag="TXT_KEY_NEWWORLD_SCENARIO_LEADER_WILLIAM_AGREE_SHORT_1">
      <Text>좋소.</Text>
    </Row>
    <Row Tag="TXT_KEY_NEWWORLD_SCENARIO_LEADER_WILLIAM_AGREE_SHORT_2">
      <Text>아주 좋소.</Text>
    </Row>
    <Row Tag="TXT_KEY_NEWWORLD_SCENARIO_LEADER_WILLIAM_AGREE_SHORT_3">
      <Text>물론이오.</Text>
    </Row>
    <Row Tag="TXT_KEY_NEWWORLD_SCENARIO_LEADER_WILLIAM_AGREE_SHORT_4">
      <Text>꼭 그래야 한다면 그렇게 합시다.</Text>
    </Row>
    <Row Tag="TXT_KEY_NEWWORLD_SCENARIO_LEADER_WILLIAM_ATTACKED_1">
      <Text>생명을 경시하는 이 끔찍한 행위를 절대 용납할 수 없소.</Text>
    </Row>
    <Row Tag="TXT_KEY_NEWWORLD_SCENARIO_LEADER_WILLIAM_ATTACKED_2">
      <Text>...마음대로 하시오.</Text>
    </Row>
    <Row Tag="TXT_KEY_NEWWORLD_SCENARIO_LEADER_WILLIAM_ATTACKED_3">
      <Text>당신은 자신을 통치자라 부르지만 내 눈엔 그저 화려한 장식을 걸친 야만인에 불과할 뿐이오.</Text>
    </Row>
    <Row Tag="TXT_KEY_NEWWORLD_SCENARIO_LEADER_WILLIAM_DECLAREWAR_1">
      <Text>당신은 스스로 지도자의 역량이 없다는 사실을 증명했소. 이제 더이상 당신 백성의 하소연을 모른 체할 수는 없소이다. 당신의 폭정으로부터 그들을 해방하겠소.</Text>
    </Row>
    <Row Tag="TXT_KEY_NEWWORLD_SCENARIO_LEADER_WILLIAM_DECLAREWAR_2">
      <Text>당신이 저지른 일 때문에... 이 안타까운 사태가 일어났다는 사살을 알고 있소?</Text>
    </Row>
    <Row Tag="TXT_KEY_NEWWORLD_SCENARIO_LEADER_WILLIAM_DECLAREWAR_3">
      <Text>전쟁을 싫어하기는 하지만, 사회봉사하는 셈 치고 당신을 없애주겠소.</Text>
    </Row>
    <Row Tag="TXT_KEY_NEWWORLD_SCENARIO_LEADER_WILLIAM_DEFEATED_1">
      <Text>신이시여 부디 자비를... 이 불쌍한 백성에게 자비를 베푸소서.</Text>
    </Row>
    <Row Tag="TXT_KEY_NEWWORLD_SCENARIO_LEADER_WILLIAM_DEFEATED_2">
      <Text>어쩌면 이게 나을 수도... 최소한 당신이 우리나라를 파괴하는 걸 지켜보지는 않아도 될 테니 말이오.</Text>
    </Row>
    <Row Tag="TXT_KEY_NEWWORLD_SCENARIO_LEADER_WILLIAM_DEFEATED_3">
      <Text>저주가 내리기를! 나는 타국의 굴레로부터 우리나라를 해방하려 했지만 당신의 통치하에 계속 고통을 당하게 될 운명이구려.</Text>
    </Row>
    <Row Tag="TXT_KEY_NEWWORLD_SCENARIO_LEADER_WILLIAM_DEMANDTRIBUTE_ANGRY">
      <Text>내 요구를 들어준다면 그 하잘 것 없는 목숨을 부지하게 해주겠소.</Text>
    </Row>
    <Row Tag="TXT_KEY_NEWWORLD_SCENARIO_LEADER_WILLIAM_DEMANDTRIBUTE_HAPPY">
      <Text>도와준다면 정말 고맙겠소, 친구. 당신은 자비와 관대함으로 유명하지 않소?</Text>
    </Row>
    <Row Tag="TXT_KEY_NEWWORLD_SCENARIO_LEADER_WILLIAM_DEMANDTRIBUTE_NEUTRAL">
      <Text>내 사정이 이러니 약간의 성의를 보여준다면 정말 고맙겠소.</Text>
    </Row>
    <Row Tag="TXT_KEY_NEWWORLD_SCENARIO_LEADER_WILLIAM_DISAGREE_SHORT_1">
      <Text>거절하겠어요.</Text>
    </Row>
    <Row Tag="TXT_KEY_NEWWORLD_SCENARIO_LEADER_WILLIAM_DISAGREE_SHORT_2">
      <Text>...안 되겠소.</Text>
    </Row>
    <Row Tag="TXT_KEY_NEWWORLD_SCENARIO_LEADER_WILLIAM_DISAGREE_SHORT_3">
      <Text>물론 거절하겠어요.</Text>
    </Row>
    <Row Tag="TXT_KEY_NEWWORLD_SCENARIO_LEADER_WILLIAM_DISAGREE_SHORT_4">
      <Text>거절하겠습니다.</Text>
    </Row>
    <Row Tag="TXT_KEY_NEWWORLD_SCENARIO_LEADER_WILLIAM_DISAGREE_SHORT_5">
      <Text>뭐라고 했소?</Text>
    </Row>
    <Row Tag="TXT_KEY_NEWWORLD_SCENARIO_LEADER_WILLIAM_DISAGREE_SHORT_6">
      <Text>받아들일 수 없소.</Text>
    </Row>
    <Row Tag="TXT_KEY_NEWWORLD_SCENARIO_LEADER_WILLIAM_DISAGREE_SHORT_7">
      <Text>농담이 지나치오.</Text>
    </Row>
    <Row Tag="TXT_KEY_NEWWORLD_SCENARIO_LEADER_WILLIAM_FIRSTGREETING_1">
      <Text>난 네덜란드의 오렌지공 윌리엄이오. 뭐 필요한 게 있소? 지금은 바쁘오만.</Text>
    </Row>
    <Row Tag="TXT_KEY_NEWWORLD_SCENARIO_LEADER_WILLIAM_FIRSTGREETING_2">
      <Text>무슨 일로 네덜란드에 오셨소? 난 이 나라의 최고 통치자 오렌지공 윌리엄이라 하오.</Text>
    </Row>
    <Row Tag="TXT_KEY_NEWWORLD_SCENARIO_LEADER_WILLIAM_FIRSTGREETING_3">
      <Text>네덜란드의 아버지 오렌지공 윌리엄의 왕궁에 온 걸 환영하오. 그곳에 서 있지만 말고 원하는 게 뭔지 말해보시오.</Text>
    </Row>
    <Row Tag="TXT_KEY_NEWWORLD_SCENARIO_LEADER_WILLIAM_GOODBYE_1">
      <Text>또 봅시다.</Text>
    </Row>
    <Row Tag="TXT_KEY_NEWWORLD_SCENARIO_LEADER_WILLIAM_GOODBYE_2">
      <Text>잘 가시오.</Text>
    </Row>
    <Row Tag="TXT_KEY_NEWWORLD_SCENARIO_LEADER_WILLIAM_GOODBYE_3">
      <Text>안녕히 가세요.</Text>
    </Row>
    <Row Tag="TXT_KEY_NEWWORLD_SCENARIO_LEADER_WILLIAM_GOODBYE_4">
      <Text>잘 가시오.</Text>
    </Row>
    <Row Tag="TXT_KEY_NEWWORLD_SCENARIO_LEADER_WILLIAM_GOODBYE_5">
      <Text>이상이오.</Text>
    </Row>
    <Row Tag="TXT_KEY_NEWWORLD_SCENARIO_LEADER_WILLIAM_GOODBYE_6">
      <Text>저리 가시오.</Text>
    </Row>
    <Row Tag="TXT_KEY_NEWWORLD_SCENARIO_LEADER_WILLIAM_GREETING_1">
      <Text>안녕하시오.</Text>
    </Row>
    <Row Tag="TXT_KEY_NEWWORLD_SCENARIO_LEADER_WILLIAM_GREETING_2">
      <Text>반갑소.</Text>
    </Row>
    <Row Tag="TXT_KEY_NEWWORLD_SCENARIO_LEADER_WILLIAM_GREETING_3">
      <Text>환영하오.</Text>
    </Row>
    <Row Tag="TXT_KEY_NEWWORLD_SCENARIO_LEADER_WILLIAM_GREETING_4">
      <Text>다시 만났군.</Text>
    </Row>
    <Row Tag="TXT_KEY_NEWWORLD_SCENARIO_LEADER_WILLIAM_GREETING_5">
      <Text>오, 당신이군.</Text>
    </Row>
    <Row Tag="TXT_KEY_NEWWORLD_SCENARIO_LEADER_WILLIAM_GREETING_6">
      <Text>원하는 게 뭐요?</Text>
    </Row>
    <Row Tag="TXT_KEY_NEWWORLD_SCENARIO_LEADER_WILLIAM_LETSHEARIT_1">
      <Text>뭣이오?</Text>
    </Row>
    <Row Tag="TXT_KEY_NEWWORLD_SCENARIO_LEADER_WILLIAM_LETSHEARIT_2">
      <Text>그렇소.</Text>
    </Row>
    <Row Tag="TXT_KEY_NEWWORLD_SCENARIO_LEADER_WILLIAM_LETSHEARIT_3">
      <Text>계속하시오.</Text>
    </Row>
    <Row Tag="TXT_KEY_NEWWORLD_SCENARIO_LEADER_WILLIAM_LETSHEARIT_4">
      <Text>듣고 있소.</Text>
    </Row>
    <Row Tag="TXT_KEY_NEWWORLD_SCENARIO_LEADER_WILLIAM_LETSHEARIT_5">
      <Text>말해 보시오.</Text>
    </Row>
    <Row Tag="TXT_KEY_NEWWORLD_SCENARIO_LEADER_WILLIAM_LOSEWAR_1">
      <Text>... 말도 안 되는! 대체 어떤 속임수를 써서 날 이긴 것이오?</Text>
    </Row>
    <Row Tag="TXT_KEY_NEWWORLD_SCENARIO_LEADER_WILLIAM_LOSEWAR_2">
      <Text>이 빚은 꼭 갚겠소! 두고 보시오!</Text>
    </Row>
    <Row Tag="TXT_KEY_NEWWORLD_SCENARIO_LEADER_WILLIAM_QUOTE_1">
      <Text>조국이 파괴되는 것을 보지 않는 확실한 한 가지 방법은 마지막까지 적에게 저항하다 죽는 것이다.</Text>
    </Row>
    <Row Tag="TXT_KEY_NEWWORLD_SCENARIO_LEADER_WILLIAM_QUOTE_2">
      <Text>행동하기 위해 희망을 품을 필요는 없을뿐더러 살아남기 위해 성공할 필요도 없다.</Text>
    </Row>
    <Row Tag="TXT_KEY_NEWWORLD_SCENARIO_LEADER_WILLIAM_TRADE_NEEDMORE_ANGRY_1">
      <Text>당신을 보면 완전히 돌아버린 두 번째 부인이 생각나는군.</Text>
    </Row>
    <Row Tag="TXT_KEY_NEWWORLD_SCENARIO_LEADER_WILLIAM_TRADE_NEEDMORE_ANGRY_2">
      <Text>그걸로는 충분치 않아요.</Text>
    </Row>
    <Row Tag="TXT_KEY_NEWWORLD_SCENARIO_LEADER_WILLIAM_TRADE_NEEDMORE_ANGRY_3">
      <Text>더 나은 제안을 하시오.</Text>
    </Row>
    <Row Tag="TXT_KEY_NEWWORLD_SCENARIO_LEADER_WILLIAM_TRADE_NEEDMORE_ANGRY_4">
      <Text>거의...</Text>
    </Row>
    <Row Tag="TXT_KEY_NEWWORLD_SCENARIO_LEADER_WILLIAM_TRADE_NEEDMORE_HAPPY_1">
      <Text>제정신으로는 이 제안을 수락할 수 없소.</Text>
    </Row>
    <Row Tag="TXT_KEY_NEWWORLD_SCENARIO_LEADER_WILLIAM_TRADE_NEEDMORE_HAPPY_2">
      <Text>그게 최선이오?</Text>
    </Row>
    <Row Tag="TXT_KEY_NEWWORLD_SCENARIO_LEADER_WILLIAM_TRADE_NEEDMORE_HAPPY_3">
      <Text>거의 근접 했소...</Text>
    </Row>
    <Row Tag="TXT_KEY_NEWWORLD_SCENARIO_LEADER_WILLIAM_TRADE_NEEDMORE_NEUTRAL_1">
      <Text>내가 왜 이것에 관심을 보여야 하는지 도무지 이해할 수 없소.</Text>
    </Row>
    <Row Tag="TXT_KEY_NEWWORLD_SCENARIO_LEADER_WILLIAM_TRADE_NEEDMORE_NEUTRAL_2">
      <Text>더 괜찮은 제안을 할 수는 없소?</Text>
    </Row>
    <Row Tag="TXT_KEY_NEWWORLD_SCENARIO_LEADER_WILLIAM_TRADE_NEEDMORE_NEUTRAL_3">
      <Text>받아들이기에는 무리가 있는 제안입니다.</Text>
    </Row>
    <Row Tag="TXT_KEY_NEWWORLD_SCENARIO_LEADER_WILLIAM_TRADE_NEEDMORE_NEUTRAL_4">
      <Text>거의...</Text>
    </Row>
    <Row Tag="TXT_KEY_NEWWORLD_SCENARIO_LEADER_WILLIAM_TRADE_NO_ANGRY">
      <Text>나를 정치판에서 제거하려는 수작이오? 사라지시오!</Text>
    </Row>
    <Row Tag="TXT_KEY_NEWWORLD_SCENARIO_LEADER_WILLIAM_TRADE_NO_HAPPY">
      <Text>...안 되겠소.</Text>
    </Row>
    <Row Tag="TXT_KEY_NEWWORLD_SCENARIO_LEADER_WILLIAM_TRADE_NO_NEUTRAL">
      <Text>관심 없소.</Text>
    </Row>
    <Row Tag="TXT_KEY_NEWWORLD_SCENARIO_LEADER_WILLIAM_TRADE_YES_ANGRY">
      <Text>동의하오.</Text>
    </Row>
    <Row Tag="TXT_KEY_NEWWORLD_SCENARIO_LEADER_WILLIAM_TRADE_YES_HAPPY">
      <Text>동의하오.</Text>
    </Row>
    <Row Tag="TXT_KEY_NEWWORLD_SCENARIO_LEADER_WILLIAM_TRADE_YES_NEUTRAL">
      <Text>좋습니다.</Text>
    </Row>
    <Row Tag="TXT_KEY_NEWWORLD_SCENARIO_LEADER_WILLIAM_TRADEREQUEST_ANGRY">
      <Text>억울하기는 하지만 내 명예보다는 국민이 먼저요. </Text>
    </Row>
    <Row Tag="TXT_KEY_NEWWORLD_SCENARIO_LEADER_WILLIAM_TRADEREQUEST_HAPPY">
      <Text>이번 합의로 양국 국민 모두에게 득이 될 것이라 믿소.</Text>
    </Row>
    <Row Tag="TXT_KEY_NEWWORLD_SCENARIO_LEADER_WILLIAM_TRADEREQUEST_NEUTRAL">
      <Text>자, 이것이라면 구미가 당길 것이오.</Text>
    </Row>
    <Row Tag="TXT_KEY_NEWWORLD_SCENARIO_LEADER_WILLIAM_TRIBUTE_NO_ANGRY">
      <Text>이런 조건엔 절대로 동의할 수 없소.</Text>
    </Row>
    <Row Tag="TXT_KEY_NEWWORLD_SCENARIO_LEADER_WILLIAM_TRIBUTE_NO_HAPPY">
      <Text>이보시오 친구. 지금은 곤란하구려. 나도 해결해야 할 문제가 산더미라서 말이오.</Text>
    </Row>
    <Row Tag="TXT_KEY_NEWWORLD_SCENARIO_LEADER_WILLIAM_TRIBUTE_NO_NEUTRAL">
      <Text>...진심이었소?</Text>
    </Row>
    <Row Tag="TXT_KEY_NEWWORLD_SCENARIO_LEADER_WILLIAM_TRIBUTE_YES_ANGRY">
      <Text>...좋소.</Text>
    </Row>
    <Row Tag="TXT_KEY_NEWWORLD_SCENARIO_LEADER_WILLIAM_TRIBUTE_YES_HAPPY">
      <Text>도움이 필요한 우방에는 기꺼이 도움을 줄 것이오.</Text>
    </Row>
    <Row Tag="TXT_KEY_NEWWORLD_SCENARIO_LEADER_WILLIAM_TRIBUTE_YES_NEUTRAL">
      <Text>내 약속하지만, 이번이 마지막이 될 것이오.</Text>
    </Row>
    <Row Tag="TXT_KEY_NEWWORLD_SCENARIO_LEADER_WILLIAM_WARBLUFF_1">
      <Text>시간 낭비였군.</Text>
    </Row>
    <Row Tag="TXT_KEY_NEWWORLD_SCENARIO_LEADER_WILLIAM_WARBLUFF_2">
      <Text>이런 터무니 없는!</Text>
    </Row>
    <Row Tag="TXT_KEY_NEWWORLD_SCENARIO_LEADER_WILLIAM_WARBLUFF_3">
      <Text>정말 바보 같군요.</Text>
    </Row>
    <Row Tag="TXT_KEY_NEWWORLD_SCENARIO_LEADER_WILLIAM_WINWAR_1">
      <Text>이번 일로 교훈을 얻었기를 바라겠소. 잘 기억하기를...</Text>
    </Row>
    <Row Tag="TXT_KEY_NEWWORLD_SCENARIO_LEADER_WILLIAM_WINWAR_2">
      <Text>한심한 외국 용병보다 나은 게 없군. 나를 이기려면 아직 멀었소이다.</Text>
    </Row>
  </Language_KO_KR>
</GameData>