﻿<?xml version="1.0" encoding="utf-8"?>
<!--Generated with LocalizationBuddy.-->
<!--Copyright Firaxis Games 2010-->
<!--All Rights Reserved-->
<GameData>
    <Language_KO_KR>
        <Row Tag="TXT_KEY_NEWWORLD_SCENARIO_CITYSTATE_ALGONQUIN">
            <Text>알곤킨</Text>
        </Row>
        <Row Tag="TXT_KEY_NEWWORLD_SCENARIO_CITYSTATE_ALGONQUIN_ADJ">
            <Text>알곤킨의</Text>
        </Row>
        <Row Tag="TXT_KEY_NEWWORLD_SCENARIO_CITYSTATE_ANASAZI">
            <Text>아나사지</Text>
            <Plurality>2</Plurality>
        </Row>
        <Row Tag="TXT_KEY_NEWWORLD_SCENARIO_CITYSTATE_ANASAZI_ADJ">
            <Text>아나사지의</Text>
        </Row>
        <Row Tag="TXT_KEY_NEWWORLD_SCENARIO_CITYSTATE_ARAWAK">
            <Text>아라와크</Text>
            <Plurality>2</Plurality>
        </Row>
        <Row Tag="TXT_KEY_NEWWORLD_SCENARIO_CITYSTATE_ARAWAK_ADJ">
            <Text>아라와크의</Text>
        </Row>
        <Row Tag="TXT_KEY_NEWWORLD_SCENARIO_CITYSTATE_CALUSA">
            <Text>칼루사</Text>
            <Plurality>2</Plurality>
        </Row>
        <Row Tag="TXT_KEY_NEWWORLD_SCENARIO_CITYSTATE_CALUSA_ADJ">
            <Text>칼루사의</Text>
        </Row>
        <Row Tag="TXT_KEY_NEWWORLD_SCENARIO_CITYSTATE_CARIB">
            <Text>카리브</Text>
            <Plurality>2</Plurality>
        </Row>
        <Row Tag="TXT_KEY_NEWWORLD_SCENARIO_CITYSTATE_CARIB_ADJ">
            <Text>카리브의</Text>
        </Row>
        <Row Tag="TXT_KEY_NEWWORLD_SCENARIO_CITYSTATE_CHEROKEE">
            <Text>체로키</Text>
            <Plurality>2</Plurality>
        </Row>
        <Row Tag="TXT_KEY_NEWWORLD_SCENARIO_CITYSTATE_CHEROKEE_ADJ">
            <Text>체로키의</Text>
        </Row>
        <Row Tag="TXT_KEY_NEWWORLD_SCENARIO_CITYSTATE_HOPI">
            <Text>호피</Text>
            <Plurality>2</Plurality>
        </Row>
        <Row Tag="TXT_KEY_NEWWORLD_SCENARIO_CITYSTATE_HOPI_ADJ">
            <Text>호피의</Text>
        </Row>
        <Row Tag="TXT_KEY_NEWWORLD_SCENARIO_CITYSTATE_INUIT">
            <Text>이누이트</Text>
            <Plurality>2</Plurality>
        </Row>
        <Row Tag="TXT_KEY_NEWWORLD_SCENARIO_CITYSTATE_INUIT_ADJ">
            <Text>이누이트의</Text>
        </Row>
        <Row Tag="TXT_KEY_NEWWORLD_SCENARIO_CITYSTATE_KAMBEBA">
            <Text>캄베바</Text>
            <Plurality>2</Plurality>
        </Row>
        <Row Tag="TXT_KEY_NEWWORLD_SCENARIO_CITYSTATE_KAMBEBA_ADJ">
            <Text>캄베바의</Text>
        </Row>
        <Row Tag="TXT_KEY_NEWWORLD_SCENARIO_CITYSTATE_KARANKAWA">
            <Text>카란카와</Text>
            <Plurality>2</Plurality>
        </Row>
        <Row Tag="TXT_KEY_NEWWORLD_SCENARIO_CITYSTATE_KARANKAWA_ADJ">
            <Text>카란카와의</Text>
        </Row>
        <Row Tag="TXT_KEY_NEWWORLD_SCENARIO_CITYSTATE_LAKOTA">
            <Text>라코타</Text>
            <Plurality>2</Plurality>
        </Row>
        <Row Tag="TXT_KEY_NEWWORLD_SCENARIO_CITYSTATE_LAKOTA_ADJ">
            <Text>라코타의</Text>
        </Row>
        <Row Tag="TXT_KEY_NEWWORLD_SCENARIO_CITYSTATE_MAPUCHE">
            <Text>마푸치</Text>
            <Plurality>2</Plurality>
        </Row>
        <Row Tag="TXT_KEY_NEWWORLD_SCENARIO_CITYSTATE_MAPUCHE_ADJ">
            <Text>마푸치의</Text>
        </Row>
        <Row Tag="TXT_KEY_NEWWORLD_SCENARIO_CITYSTATE_MAYA">
            <Text>마야</Text>
            <Plurality>2</Plurality>
        </Row>
        <Row Tag="TXT_KEY_NEWWORLD_SCENARIO_CITYSTATE_MAYA_ADJ">
            <Text>마야의</Text>
        </Row>
        <Row Tag="TXT_KEY_NEWWORLD_SCENARIO_CITYSTATE_MIXTEC">
            <Text>믹스텍</Text>
        </Row>
        <Row Tag="TXT_KEY_NEWWORLD_SCENARIO_CITYSTATE_MIXTEC_ADJ">
            <Text>믹스텍의</Text>
        </Row>
        <Row Tag="TXT_KEY_NEWWORLD_SCENARIO_CITYSTATE_MUISCA">
            <Text>무이스카</Text>
            <Plurality>2</Plurality>
        </Row>
        <Row Tag="TXT_KEY_NEWWORLD_SCENARIO_CITYSTATE_MUISCA_ADJ">
            <Text>무이스카의</Text>
        </Row>
        <Row Tag="TXT_KEY_NEWWORLD_SCENARIO_CITYSTATE_MUSCOGEE">
            <Text>머스코지</Text>
            <Plurality>2</Plurality>
        </Row>
        <Row Tag="TXT_KEY_NEWWORLD_SCENARIO_CITYSTATE_MUSCOGEE_ADJ">
            <Text>머스코지의</Text>
        </Row>
        <Row Tag="TXT_KEY_NEWWORLD_SCENARIO_CITYSTATE_SEMINOLE">
            <Text>세미놀</Text>
        </Row>
        <Row Tag="TXT_KEY_NEWWORLD_SCENARIO_CITYSTATE_SEMINOLE_ADJ">
            <Text>세미놀의</Text>
        </Row>
        <Row Tag="TXT_KEY_NEWWORLD_SCENARIO_CITYSTATE_TAIRONA">
            <Text>타이로나</Text>
            <Plurality>2</Plurality>
        </Row>
        <Row Tag="TXT_KEY_NEWWORLD_SCENARIO_CITYSTATE_TAIRONA_ADJ">
            <Text>타이로나의</Text>
        </Row>
        <Row Tag="TXT_KEY_NEWWORLD_SCENARIO_CITYSTATE_TZINTZUNTZAN">
            <Text>친춘찬</Text>
        </Row>
        <Row Tag="TXT_KEY_NEWWORLD_SCENARIO_CITYSTATE_TZINTZUNTZAN_ADJ">
            <Text>친춘찬의</Text>
        </Row>
        <Row Tag="TXT_KEY_NEWWORLD_SCENARIO_CITYSTATE_WABANAKI">
            <Text>와바나키</Text>
            <Plurality>2</Plurality>
        </Row>
        <Row Tag="TXT_KEY_NEWWORLD_SCENARIO_CITYSTATE_WABANAKI_ADJ">
            <Text>와바나키의</Text>
        </Row>
        <Row Tag="TXT_KEY_NEWWORLD_SCENARIO_CITYSTATE_WENDAT">
            <Text>웬다트</Text>
            <Plurality>2</Plurality>
        </Row>
        <Row Tag="TXT_KEY_NEWWORLD_SCENARIO_CITYSTATE_WENDAT_ADJ">
            <Text>웬다트의</Text>
        </Row>
        <Row Tag="TXT_KEY_NEWWORLD_SCENARIO_CITYSTATE_YANOMAMI">
            <Text>야노마미</Text>
            <Plurality>2</Plurality>
        </Row>
        <Row Tag="TXT_KEY_NEWWORLD_SCENARIO_CITYSTATE_YANOMAMI_ADJ">
            <Text>야노마미의</Text>
        </Row>
        <Row Tag="TXT_KEY_NEWWORLD_SCENARIO_CIV5_CALUSA_TEXT">
            <Text>유럽인들이 1513년에 후안 폰세 데 레온의 지휘하에 도착했을 당시, 칼루사족은 에버글레이즈와 플로리다 남부를 장악하고 있었다. 복잡한 문화와 수경 재배를 기반으로 한 상업을 겸비했던 그들은 현재의 조지아 같은 북부 지역까지 상업적 영향력을 미쳤다. 스페인인들은 그물, 낚싯바늘, 사이잘, 부낭, 통발, 노, 그릇, 귀걸이, 가면, 명판, 사이프러스 목재, 다른 종족의 '장식용 깃발' 등의 거래 내역을 기록했다. 칼루사족과 유럽인들은 불안한 휴전 상태를 유지하며 공존하다가, 1702년에 미서 전쟁이 발발하면서 칼루사족은 무장한 아메리카인과 그들의 동맹 관계였던 크리크족, 야마시족 연합에 의해 사실상 말살되었고, 늪 깊숙한 곳에 숨은 소수만이 살아남았다.</Text>
        </Row>
        <Row Tag="TXT_KEY_NEWWORLD_SCENARIO_CIV5_KAMBEBA_TEXT">
            <Text>캄베바족(오마구아족이라고도 불림)은 영토를 최대 페루까지 넓혔던 아마존 분지의 원주민이었다. 유럽인들이 그들의 땅에 상륙한 뒤, 스페인의 탐험가인 프란시스코 데 오레라나는 강을 따라 수백 킬로미터에 걸쳐 농업을 통해 번성하고 있는 조직화된 왕국이 존재한다는 사실을 1541년에 보고했다. 그들의 건물은 목재로만 만들어졌기 때문에 흔적이 남아 있지 않지만, 출토된 도자기류를 보면 수준 높은 문화를 확인할 수 있다. 하지만 캄베바족은 16~17세기에 유럽인들이 전파시킨 전염병 때문에 대다수가 사망했고, 왕국은 반유목민족으로 뿔뿔이 흩어졌다.</Text>
        </Row>
        <Row Tag="TXT_KEY_NEWWORLD_SCENARIO_CIV5_KARANKAWA_TEXT">
            <Text>공통의 문화와 언어를 가지고 텍사스 해안에 흩어져 살던 토착 부족들의 집단인 카란카와는 식인 의식을 거행했던 것으로 알려져 있다. 남자들은 의식으로 문신과 피어싱, 분장을 했다. 카란카와 내에서 살았던 카베사 데 바카는 그들의 문화에 남성, 여성 그리고 종교의식에서 특별한 역할을 맡는 베르다체('두 개의 영혼')이라는 남성들까지 세 개의 성 역할이 있다고 보고했다. 카란카와는 1697년에 유럽인들과 처음으로 조우한 후 백인들과 공생하다가, 텍사스 독립 전쟁에서 멕시코의 편을 들었다가 이후 뿔뿔이 흩어졌다.</Text>
        </Row>
        <Row Tag="TXT_KEY_NEWWORLD_SCENARIO_CIV5_MIXTEC_TEXT">
            <Text>메소아메리카 토착 부족인 믹스텍족은 콜럼비아가 아메리카를 발견하기 전까지 멕시코에서 가장 중요한 왕국 중 하나였으며, 수도인 틸란톤고를 비롯해 여러 주요 마을을 거느리고 있었다. 기술 좋은 장인들은 목재, 석재는 물론 영토 곳곳에서 생산되는 귀중한 철재를 다뤄서 보물을 만들었다. 믹스텍 부족은 아즈텍 왕국에 충성을 바쳤지만, 대부분의 마을은 대체로 자율적인 체제를 유지했다. 믹스텍족은 아즈텍 왕국의 멸망 이후 스페인의 지배에 맹렬히 저항하다가, 코르테스의 부하인 페드로 데 알바라도에 의해 점령당했다.</Text>
        </Row>
        <Row Tag="TXT_KEY_NEWWORLD_SCENARIO_CIV5_TAIRONA_TEXT">
            <Text>타이로나 왕국은 기원후 1세기의 시에라 네바다 데 산타 마리아 산맥(현재의 콜럼비아)에 위치한 여러 부족이 느슨하게 맺은 연합체를 구성했다. 스페인 침략군과의 접촉이 거의 없었지만 1599년에 종교 박해에 저항하여 스페인 교회와 성직자들을 공격했다. 이에 스페인인들은 신속하게 대응하여 타이로나 왕국은 1602년에 패배하여 사라졌다. 타이로나의 종교는 여타 남아메리카의 전통과는 많이 달랐는데, 이혼과 동성애, '코카인 잎 씹기'를 용인했기 때문에 가톨릭 교회와 마찰을 벌였다.</Text>
        </Row>
        <Row Tag="TXT_KEY_NEWWORLD_SCENARIO_CIV5_TZINTZUNTZAN_TEXT">
            <Text>타스카란족의 수도인 친춘찬은 파츠콰로라는 호수 지대에 위치했으며, 1200년대에 작은 왕국을 건설한 이후로 아즈텍 제국의 장악에서 줄곧 벗어나 있었다. 영향력이 절정에 달했을 때의 친춘찬은 3만 명가량의 주민이 살던 무역의 중심지였고, 거대한 광장 주변에는 귀족과 성직자들이 거주했다. 호수 쪽을 바라보는 다섯 개의 야카타(반원형 피라미드)가 그 위용을 자랑했다. 스페인인들에게 1520년대에 점령당하고 1529년에 마지막 왕인 탕간소안 2세가 화형을 당하기 전까지, 이 마을은 멕시코 중남부의 무역을 지배했다.</Text>
        </Row>
        <Row Tag="TXT_KEY_NEWWORLD_SCENARIO_CIV5_WENDAT_TEXT">
            <Text>웬다트족은 캐나다의 토착민으로, 유럽인과 접촉할 당시에는 온타리오 호 북부에 주로 거주하고 있었다.</Text>
        </Row>
    </Language_KO_KR>
</GameData>