﻿<?xml version="1.0" encoding="utf-8"?>
<!--Generated with LocalizationBuddy. Modified by N-->
<!--Copyright Firaxis Games 2010-->
<!--All Rights Reserved-->
<GameData>
    <Language_KO_KR>
        <Row Tag="TXT_KEY_AMERICAN_TITLE">
            <Text>{2_CivName:textkey}의 제독 {1_PlayerName:textkey}</Text>
        </Row>
        <Row Tag="TXT_KEY_CIV5_ANASAZI_TEXT">
            <Text>아나사지는 북미 지역의 고대 원주민 문화이다. 현대 푸에블로인들의 선조인 아나사지인들은 절벽 주거지인 메사 베르데를 건설한 것으로 알려진다.</Text>
        </Row>
        <Row Tag="TXT_KEY_CIV5_NEWWORLD_SCENARIO_CONQUISTADOR_HELP">
            <Text>정찰과 외국에 식민지를 건설하는 임무에 특화된 르네상스 시대 유닛입니다. 어떤 도시라도 만들 수 있습니다.</Text>
        </Row>
        <Row Tag="TXT_KEY_CIV5_NEWWORLD_SCENARIO_CONQUISTADOR_STRATEGY">
            <Text>콩키스타도르는 다용도 유닛으로 육지와 바다 모든 지역에서 강합니다. 추가 시야 범위와 새로운 도시를 건설할 수 있는 능력을 지녔기 때문에 육지에서 매우 뛰어난 정찰병입니다. 물에서 콩키스타도르는 방어 승선 업그레이드를 할 수 있어서 적 해상 유닛을 상대로 자신을 방어할 수 있습니다. 기사와 달리 콩키스타도르는 도시를 공격할 때 페널티를 받지 않습니다.</Text>
        </Row>
        <Row Tag="TXT_KEY_CIV5_NEWWORLD_SCENARIO_MUSKETEER_HELP">
            <Text> 이 유닛은 머스킷총병 보다 더 높은 [ICON_STRENGTH]전투력을 지녔기 때문에 게임에서 가장 강력한 근접 전투 유닛입니다. 모든 도시에서 생산할 수 있습니다.</Text>
        </Row>
        <Row Tag="TXT_KEY_CIV5_NEWWORLD_SCENARIO_MUSKETEER_STRATEGY">
            <Text>총사대는 머스킷 병보다 상당히 강력하기 때문에 게임에서 제일 강력한 보병 유닛이라고 할 수 있습니다.</Text>
        </Row>
        <Row Tag="TXT_KEY_CIV5_NEWWORLD_SCENARIO_TERCIO_HELP">
            <Text>르네상스 시대를 주름잡았던 군사 유닛입니다. 이 유닛은 [ICON_STRENGTH]전투력이 높으며 승급을 통해 기마 유닛 대항 보너스(100)를 받을 수 있습니다. 모든 도시에서 생산할 수 있습니다.</Text>
        </Row>
        <Row Tag="TXT_KEY_CIV5_NEWWORLD_SCENARIO_TERCIO_STRATEGY">
            <Text>이 유닛은 머스킷총병보다 전투에 강하며 기마 유닛을 상대론 두 배의 힘을 발휘합니다.</Text>
        </Row>
        <Row Tag="TXT_KEY_EUROPEAN_CITYSTATE_FOUND">
            <Text>도시 국가를 발견해 {1_AdmiralPoints}점의 위대한 제독 점수를 얻었습니다. 점수를 사용해 중국을 발견하거나 '무역 임무'를 수행하세요.</Text>
        </Row>
        <Row Tag="TXT_KEY_EUROPEAN_MAJOR_CIV_FOUND">
            <Text>다른 문명을 발견해 {1_AdmiralPoints}점의 위대한 제독 점수를 얻었습니다. 점수를 사용해 중국을 발견하거나 '무역 임무'를 수행하세요.</Text>
        </Row>
        <Row Tag="TXT_KEY_EUROPEAN_NATURAL_WONDER_FOUNDFIRST">
            <Text>다른 유럽인들보다 앞서 자연 경관을 발견해 {1_AdmiralPoints}점의 위대한 제독 점수를 얻었습니다. 점수를 사용해 중국을 발견하거나 '무역 임무'를 수행하세요.</Text>
        </Row>
        <Row Tag="TXT_KEY_EUROPEAN_TITLE">
            <Text>{2_CivName:textkey}의 {1: gender feminine?여왕; other?왕;} {1_PlayerName:textkey}</Text>
        </Row>
        <Row Tag="TXT_KEY_LEADER_MARIA_I_FIRSTGREETING_1">
            <Text>나는 포르투갈의 여왕 캐서린입니다.</Text>
        </Row>
        <Row Tag="TXT_KEY_LEADER_MARIA_I_FIRSTGREETING_3">
            <Text>나는 캐서린입니다. 우리 자식들에게 청혼을 했나요?</Text>
        </Row>
        <Row Tag="TXT_KEY_LEADER_MARIA_I_TRIBUTE_NO_HAPPY">
            <Text>그런 자비로움으로 어떻게 제국을 성장시키란 말인가요?</Text>
        </Row>
        <Row Tag="TXT_KEY_NEWWORLD_SCENARIO_ABLTY_DECLARE_WAR_ALL">
            <Text>모든 세력에 대한 선전포고 허용</Text>
        </Row>
        <Row Tag="TXT_KEY_NEWWORLD_SCENARIO_AUTO_FAITH_PURCHASE_DISABLED">
            <Text>[COLOR_NEGATIVE_TEXT]단기 시나리오를 위해 사용 해제되었습니다.[ENDCOLOR]</Text>
        </Row>
        <Row Tag="TXT_KEY_NEWWORLD_SCENARIO_BELIEF_MONASTERIES">
            <Text>[ICON_PEACE]신앙을 사용하여 수도원 건설([ICON_PEACE]신앙 +3, [ICON_CULTURE]문화 +2, [ICON_RES_WINE]와인 또는 [ICON_RES_INCENSE]향이 있을 경우 추가 보너스)</Text>
        </Row>
        <Row Tag="TXT_KEY_NEWWORLD_SCENARIO_BRIEFING">
            <Text>브리핑</Text>
        </Row>
        <Row Tag="TXT_KEY_NEWWORLD_SCENARIO_BUILDING_MONASTERY_HELP">
            <Text>이 도시가 새 타일을 확보하는 데 필요한 [ICON_CULTURE]문화가 75% 감소합니다.</Text>
        </Row>
        <Row Tag="TXT_KEY_NEWWORLD_SCENARIO_CHOOSE_BELIEF_1">
            <Text>첫 번째 종교 선택</Text>
        </Row>
        <Row Tag="TXT_KEY_NEWWORLD_SCENARIO_CHOOSE_BELIEF_2">
            <Text>두 번째 종교 선택</Text>
        </Row>
        <Row Tag="TXT_KEY_NEWWORLD_SCENARIO_CIV5_ALGONQUIN_TEXT">
            <Text>알곤킨족은 퀘벡 지역에 거주했던 원주민입니다. 이들은 이로쿼이족의 숙적이 되어 모피 거래에서 경쟁했습니다.</Text>
        </Row>
        <Row Tag="TXT_KEY_NEWWORLD_SCENARIO_CIV5_ARAWAK_TEXT">
            <Text>아라와크족은 서인도 제도에 거주했던 원주민입니다. 이들은 크리스토퍼 콜럼버스가 가장 처음 만났던 원주민이었습니다.</Text>
        </Row>
        <Row Tag="TXT_KEY_NEWWORLD_SCENARIO_CIV5_CARIB_TEXT">
            <Text>카리브 족은 서인도 제도에 거주했던 일부 원주민입니다. 이들은 스페인을 상대로 한 최초 몇몇의 전투를 치렀습니다.</Text>
        </Row>
        <Row Tag="TXT_KEY_NEWWORLD_SCENARIO_CIV5_CHEROKEE_TEXT">
            <Text>체로키족은 북미 남동부에 거주했던 원주민입니다. 이들은 이로쿼이족과 밀접한 관계를 맺고 있기 때문에 선사 시대에 5대호로부터 이주한 것으로 추정되고 있습니다.</Text>
        </Row>
        <Row Tag="TXT_KEY_NEWWORLD_SCENARIO_CIV5_DAWN_AZTECS_TEXT">
            <Text>시나리오 설명[NEWLINE]때는 1492년입니다. 대서양을 건너 중국과 인도제국으로 향하는 새로운 항로를 개척하고 싶어 안달이 난 용감무쌍한 탐험가들이 영국과 프랑스 그리고 스페인의 궁궐로 몰려들었습니다. 이들이 새로운 교역로를 개척하고 아시아의 해안에서 이제껏 알려지지 않은 부를 발견할 수 있을까요? 아니면 탐험 도중에 배가 좌초되어 미지의 땅을 헤매게 될까요? 원주민들이 그들에게 제공된 지식과 교역에 대한 가능성을 선뜻 받아들일까요? 아니면 그들의 모국에 쳐들어온 침략자들에 맞서 싸울까요? 용감하게 미지의 바다를 향해 나가는 자들을 부와 명예 그리고 기회가 기다리고 있을까요? 어떤 길을 선택하시겠습니까? 신세계의 패권을 잡기 위한 싸움에서 누가 승리할까요?[NEWLINE][NEWLINE]승리 조건[NEWLINE]제일 먼저 1,000VP를 달성하는 문명이 승리합니다. 탐험 캐러벨로 중국에 도달하고 수도로 보물 유닛을 가져온 대가로 보너스 VP를 획득했습니다. 여섯 개의 문명을 각각 경험해 보고 원하는 만큼 플레이하십시오. 매번 신규 게임을 시작할 때마다 아메리카 지도가 달라집니다.[NEWLINE][NEWLINE]특별 규칙[NEWLINE]모든 해군 전투 유닛은 우호적인 지형 밖에서 차례를 마감할 때마다 체력이 깎이는 괴혈병 피해를 봅니다. 심각한 문제에 맞서기 위해 국가의 불가사의인 항해술 학교를 건설하십시오. 유럽의 열강은 해적 기술을 연구하기 전에는 서로에게 전쟁을 선포하지 않습니다. 보물 유닛은 도시가 완전히 파괴됐을 때 생성되거나 엘도라도와 포토시의 자연 경관에 의해 생성됩니다. (만약 이 지도에 존재한다면) 골드와 VP를 획득하려면 이 시민 유닛을 수도로 이동시키십시오.</Text>
        </Row>
        <Row Tag="TXT_KEY_NEWWORLD_SCENARIO_CIV5_DAWN_ENGLAND_TEXT">
            <Text>시나리오 설명[NEWLINE]때는 1492년입니다. 대서양을 건너 중국과 인도제국으로 향하는 새로운 항로를 개척하고 싶어 안달이 난 용감무쌍한 탐험가들이 영국과 프랑스 그리고 스페인의 궁궐로 몰려들었습니다. 이들이 새로운 교역로를 개척하고 아시아의 해안에서 이제껏 알려지지 않은 부를 발견할 수 있을까요? 아니면 탐험 도중에 배가 좌초되어 미지의 땅을 헤매게 될까요? 원주민들이 그들에게 제공된 지식과 교역에 대한 가능성을 선뜻 받아들일까요? 아니면 그들의 모국에 쳐들어온 침략자들에 맞서 싸울까요? 용감하게 미지의 바다를 향해 나가는 자들을 부와 명예 그리고 기회가 기다리고 있을까요? 어떤 길을 선택하시겠습니까? 신세계의 패권을 잡기 위한 싸움에서 누가 승리할까요?[NEWLINE][NEWLINE]승리 조건[NEWLINE]제일 먼저 1,000VP를 달성하는 문명이 승리합니다. 탐험 캐러벨로 중국에 도달하고 수도로 보물 유닛을 가져온 대가로 보너스 VP를 획득했습니다. 여섯 개의 문명을 각각 경험해 보고 원하는 만큼 플레이하십시오. 매번 신규 게임을 시작할 때마다 아메리카 지도가 달라집니다.[NEWLINE][NEWLINE]특별 규칙[NEWLINE]모든 해군 전투 유닛은 우호적인 지형 밖에서 차례를 마감할 때마다 체력이 깎이는 괴혈병 피해를 봅니다. 심각한 문제에 맞서기 위해 국가의 불가사의인 항해술 학교를 건설하십시오. 유럽의 열강은 해적 기술을 연구하기 전에는 서로에게 전쟁을 선포하지 않습니다. 보물 유닛은 도시가 완전히 파괴됐을 때 생성되거나 엘도라도와 포토시의 자연 경관에 의해 생성됩니다. (만약 이 지도에 존재한다면) 골드와 VP를 획득하려면 이 시민 유닛을 수도로 이동시키십시오.</Text>
        </Row>
        <Row Tag="TXT_KEY_NEWWORLD_SCENARIO_CIV5_DAWN_FRANCE_TEXT">
            <Text>시나리오 설명[NEWLINE]때는 1492년입니다. 대서양을 건너 중국과 인도제국으로 향하는 새로운 항로를 개척하고 싶어 안달이 난 용감무쌍한 탐험가들이 영국과 프랑스 그리고 스페인의 궁궐로 몰려들었습니다. 이들이 새로운 교역로를 개척하고 아시아의 해안에서 이제껏 알려지지 않은 부를 발견할 수 있을까요? 아니면 탐험 도중에 배가 좌초되어 미지의 땅을 헤매게 될까요? 원주민들이 그들에게 제공된 지식과 교역에 대한 가능성을 선뜻 받아들일까요? 아니면 그들의 모국에 쳐들어온 침략자들에 맞서 싸울까요? 용감하게 미지의 바다를 향해 나가는 자들을 부와 명예 그리고 기회가 기다리고 있을까요? 어떤 길을 선택하시겠습니까? 신세계의 패권을 잡기 위한 싸움에서 누가 승리할까요?[NEWLINE][NEWLINE]승리 조건[NEWLINE]제일 먼저 1,000VP를 달성하는 문명이 승리합니다. 탐험 캐러벨로 중국에 도달하고 수도로 보물 유닛을 가져온 대가로 보너스 VP를 획득했습니다. 여섯 개의 문명을 각각 경험해 보고 원하는 만큼 플레이하십시오. 매번 신규 게임을 시작할 때마다 아메리카 지도가 달라집니다.[NEWLINE][NEWLINE]특별 규칙[NEWLINE]모든 해군 전투 유닛은 우호적인 지형 밖에서 차례를 마감할 때마다 체력이 깎이는 괴혈병 피해를 봅니다. 심각한 문제에 맞서기 위해 국가의 불가사의인 항해술 학교를 건설하십시오. 유럽의 열강은 해적 기술을 연구하기 전에는 서로에게 전쟁을 선포하지 않습니다. 보물 유닛은 도시가 완전히 파괴됐을 때 생성되거나 엘도라도와 포토시의 자연 경관에 의해 생성됩니다. (만약 이 지도에 존재한다면) 골드와 VP를 획득하려면 이 시민 유닛을 수도로 이동시키십시오.</Text>
        </Row>
        <Row Tag="TXT_KEY_NEWWORLD_SCENARIO_CIV5_DAWN_INCA_TEXT">
            <Text>시나리오 설명[NEWLINE]때는 1492년입니다. 대서양을 건너 중국과 인도제국으로 향하는 새로운 항로를 개척하고 싶어 안달이 난 용감무쌍한 탐험가들이 영국과 프랑스 그리고 스페인의 궁궐로 몰려들었습니다. 이들이 새로운 교역로를 개척하고 아시아의 해안에서 이제껏 알려지지 않은 부를 발견할 수 있을까요? 아니면 탐험 도중에 배가 좌초되어 미지의 땅을 헤매게 될까요? 원주민들이 그들에게 제공된 지식과 교역에 대한 가능성을 선뜻 받아들일까요? 아니면 그들의 모국에 쳐들어온 침략자들에 맞서 싸울까요? 용감하게 미지의 바다를 향해 나가는 자들을 부와 명예 그리고 기회가 기다리고 있을까요? 어떤 길을 선택하시겠습니까? 신세계의 패권을 잡기 위한 싸움에서 누가 승리할까요?[NEWLINE][NEWLINE]승리 조건[NEWLINE]제일 먼저 1,000VP를 달성하는 문명이 승리합니다. 탐험 캐러벨로 중국에 도달하고 수도로 보물 유닛을 가져온 대가로 보너스 VP를 획득했습니다. 여섯 개의 문명을 각각 경험해 보고 원하는 만큼 플레이하십시오. 매번 신규 게임을 시작할 때마다 아메리카 지도가 달라집니다.[NEWLINE][NEWLINE]특별 규칙[NEWLINE]모든 해군 전투 유닛은 우호적인 지형 밖에서 차례를 마감할 때마다 체력이 깎이는 괴혈병 피해를 봅니다. 심각한 문제에 맞서기 위해 국가의 불가사의인 항해술 학교를 건설하십시오. 유럽의 열강은 해적 기술을 연구하기 전에는 서로에게 전쟁을 선포하지 않습니다. 보물 유닛은 도시가 완전히 파괴됐을 때 생성되거나 엘도라도와 포토시의 자연 경관에 의해 생성됩니다. (만약 이 지도에 존재한다면) 골드와 VP를 획득하려면 이 시민 유닛을 수도로 이동시키십시오.</Text>
        </Row>
        <Row Tag="TXT_KEY_NEWWORLD_SCENARIO_CIV5_DAWN_INCA_TITLE">
            <Text>잉카</Text>
        </Row>
        <Row Tag="TXT_KEY_NEWWORLD_SCENARIO_CIV5_DAWN_IROQUOIS_TEXT">
            <Text>시나리오 설명[NEWLINE]때는 1492년입니다. 대서양을 건너 중국과 인도제국으로 향하는 새로운 항로를 개척하고 싶어 안달이 난 용감무쌍한 탐험가들이 영국과 프랑스 그리고 스페인의 궁궐로 몰려들었습니다. 이들이 새로운 교역로를 개척하고 아시아의 해안에서 이제껏 알려지지 않은 부를 발견할 수 있을까요? 아니면 탐험 도중에 배가 좌초되어 미지의 땅을 헤매게 될까요? 원주민들이 그들에게 제공된 지식과 교역에 대한 가능성을 선뜻 받아들일까요? 아니면 그들의 모국에 쳐들어온 침략자들에 맞서 싸울까요? 용감하게 미지의 바다를 향해 나가는 자들을 부와 명예 그리고 기회가 기다리고 있을까요? 어떤 길을 선택하시겠습니까? 신세계의 패권을 잡기 위한 싸움에서 누가 승리할까요?[NEWLINE][NEWLINE]승리 조건[NEWLINE]제일 먼저 1,000VP를 달성하는 문명이 승리합니다. 탐험 캐러벨로 중국에 도달하고 수도로 보물 유닛을 가져온 대가로 보너스 VP를 획득했습니다. 여섯 개의 문명을 각각 경험해 보고 원하는 만큼 플레이하십시오. 매번 신규 게임을 시작할 때마다 아메리카 지도가 달라집니다.[NEWLINE][NEWLINE]특별 규칙[NEWLINE]모든 해군 전투 유닛은 우호적인 지형 밖에서 차례를 마감할 때마다 체력이 깎이는 괴혈병 피해를 봅니다. 심각한 문제에 맞서기 위해 국가의 불가사의인 항해술 학교를 건설하십시오. 유럽의 열강은 해적 기술을 연구하기 전에는 서로에게 전쟁을 선포하지 않습니다. 보물 유닛은 도시가 완전히 파괴됐을 때 생성되거나 엘도라도와 포토시의 자연 경관에 의해 생성됩니다. (만약 이 지도에 존재한다면) 골드와 VP를 획득하려면 이 시민 유닛을 수도로 이동시키십시오.</Text>
        </Row>
        <Row Tag="TXT_KEY_NEWWORLD_SCENARIO_CIV5_DAWN_NEWWORLD_TEXT">
            <Text>시나리오 설명[NEWLINE]때는 1492년입니다. 대서양을 건너 중국과 인도제국으로 향하는 새로운 항로를 개척하고 싶어 안달이 난 용감무쌍한 탐험가들이 영국과 프랑스 그리고 스페인의 궁궐로 몰려들었습니다. 이들이 새로운 교역로를 개척하고 아시아의 해안에서 이제껏 알려지지 않은 부를 발견할 수 있을까요? 아니면 탐험 도중에 배가 좌초되어 미지의 땅을 헤매게 될까요? 원주민들이 그들에게 제공된 지식과 교역에 대한 가능성을 선뜻 받아들일까요? 아니면 그들의 모국에 쳐들어온 침략자들에 맞서 싸울까요? 용감하게 미지의 바다를 향해 나가는 자들을 부와 명예 그리고 기회가 기다리고 있을까요? 어떤 길을 선택하시겠습니까? 신세계의 패권을 잡기 위한 싸움에서 누가 승리할까요?[NEWLINE][NEWLINE]승리 조건[NEWLINE]제일 먼저 1,000VP를 달성하는 문명이 승리합니다. 탐험 캐러벨로 중국에 도달하고 수도로 보물 유닛을 가져온 대가로 보너스 VP를 획득했습니다. 여섯 개의 문명을 각각 경험해 보고 원하는 만큼 플레이하십시오. 매번 신규 게임을 시작할 때마다 아메리카 지도가 달라집니다.[NEWLINE][NEWLINE]특별 규칙[NEWLINE]모든 해군 전투 유닛은 우호적인 지형 밖에서 차례를 마감할 때마다 체력이 깎이는 괴혈병 피해를 봅니다. 심각한 문제에 맞서기 위해 국가의 불가사의인 항해술 학교를 건설하십시오. 유럽의 열강은 해적 기술을 연구하기 전에는 서로에게 전쟁을 선포하지 않습니다. 보물 유닛은 도시가 완전히 파괴됐을 때 생성되거나 엘도라도와 포토시의 자연 경관에 의해 생성됩니다. (만약 이 지도에 존재한다면) 골드와 VP를 획득하려면 이 시민 유닛을 수도로 이동시키십시오.</Text>
        </Row>
        <Row Tag="TXT_KEY_NEWWORLD_SCENARIO_CIV5_DAWN_SPAIN_TEXT">
            <Text>시나리오 설명[NEWLINE]때는 1492년입니다. 대서양을 건너 중국과 인도제국으로 향하는 새로운 항로를 개척하고 싶어 안달이 난 용감무쌍한 탐험가들이 영국과 프랑스 그리고 스페인의 궁궐로 몰려들었습니다. 이들이 새로운 교역로를 개척하고 아시아의 해안에서 이제껏 알려지지 않은 부를 발견할 수 있을까요? 아니면 탐험 도중에 배가 좌초되어 미지의 땅을 헤매게 될까요? 원주민들이 그들에게 제공된 지식과 교역에 대한 가능성을 선뜻 받아들일까요? 아니면 그들의 모국에 쳐들어온 침략자들에 맞서 싸울까요? 용감하게 미지의 바다를 향해 나가는 자들을 부와 명예 그리고 기회가 기다리고 있을까요? 어떤 길을 선택하시겠습니까? 신세계의 패권을 잡기 위한 싸움에서 누가 승리할까요?[NEWLINE][NEWLINE]승리 조건[NEWLINE]제일 먼저 1,000VP를 달성하는 문명이 승리합니다. 탐험 캐러벨로 중국에 도달하고 수도로 보물 유닛을 가져온 대가로 보너스 VP를 획득했습니다. 여섯 개의 문명을 각각 경험해 보고 원하는 만큼 플레이하십시오. 매번 신규 게임을 시작할 때마다 아메리카 지도가 달라집니다.[NEWLINE][NEWLINE]특별 규칙[NEWLINE]모든 해군 전투 유닛은 우호적인 지형 밖에서 차례를 마감할 때마다 체력이 깎이는 괴혈병 피해를 봅니다. 심각한 문제에 맞서기 위해 국가의 불가사의인 항해술 학교를 건설하십시오. 유럽의 열강은 해적 기술을 연구하기 전에는 서로에게 전쟁을 선포하지 않습니다. 보물 유닛은 도시가 완전히 파괴됐을 때 생성되거나 엘도라도와 포토시의 자연 경관에 의해 생성됩니다. (만약 이 지도에 존재한다면) 골드와 VP를 획득하려면 이 시민 유닛을 수도로 이동시키십시오.</Text>
        </Row>
        <Row Tag="TXT_KEY_NEWWORLD_SCENARIO_CIV5_DAWN_SPAIN_TITLE">
            <Text>스페인</Text>
        </Row>
        <Row Tag="TXT_KEY_NEWWORLD_SCENARIO_CIV5_HOPI_TEXT">
            <Text>호피 족은 북미 남서부에 거주했던 원주민의 일부입니다. 이들은 1540년 코로나도 원정대와 최초로 만났습니다.</Text>
        </Row>
        <Row Tag="TXT_KEY_NEWWORLD_SCENARIO_CIV5_HURON_TEXT">
            <Text>휴런 족은 캐나다의 원주민 중 일부이며 유럽의 개척자들과 만났을 때 이들은 주로 온타리오 호수 북부에서 살았습니다.</Text>
        </Row>
        <Row Tag="TXT_KEY_NEWWORLD_SCENARIO_CIV5_INUIT_TEXT">
            <Text>이누이트 족은 그린란드와 북미의 극지방에 사는 원주민입니다.</Text>
        </Row>
        <Row Tag="TXT_KEY_NEWWORLD_SCENARIO_CIV5_LAKOTA_TEXT">
            <Text>라코타 족은 북미 남동 평원에 거주했던 원주민입니다.</Text>
        </Row>
        <Row Tag="TXT_KEY_NEWWORLD_SCENARIO_CIV5_MAPUCHE_TEXT">
            <Text>마푸치 족은 칠레와 아르헨티나에 거주했던 원주민의 일부입니다. 스페인 식민지인은 이들을 아라우카니언이라고 불렀습니다.</Text>
        </Row>
        <Row Tag="TXT_KEY_NEWWORLD_SCENARIO_CIV5_MAYA_TEXT">
            <Text>마야인은 유카탄 반도에 거주했던 원주민입니다. 이들은 수학과 천문학에 조예가 깊었고 정교하게 조각된 석조 피라미드를 건설하기도 했습니다.</Text>
        </Row>
        <Row Tag="TXT_KEY_NEWWORLD_SCENARIO_CIV5_MAYAN_ATLATLIST_TEXT">
            <Text>아틀라틀 보병은 투창 투척에 극도로 특화된 군대로, 이들은 창과 같은 모양의 긴 나무 막대를 엄청난 속도로 목표를 향해 던져 공격하였다. 아틀라틀이라 불리는 이 도구에는 투창을 놓을 수 있는 컵 모양의 거치대가 있었고, 발사대를 이용해 상대를 향해 투창을 발사할 수 있었다. 아틀라틀을 이용해 아틀라틀 보병은 91미터에 달하는 거리를 공격할 수 있었으며, 투창의 속도는 시속 96마일에 달해 손으로 던지는 것보다 훨씬 강력한 공격을 할 수 있었다. 마야의 아틀라틀 보병은 시야만 확보된다면 먼 거리에서도 적의 방위선을 격파할 수 있을 것이다. [NEWLINE][NEWLINE]아틀라틀의 첫 등장은 지금으로부터 약 400,000여 년을 거슬러 올라간다. 호모 하이델베르겐시스라 불리는 초기 인류가 이와 비슷한 도구를 사용했다고 알려졌으며, 이후 호모 사피엔스가 기원전 15,500년경 구석기 시대에 이와 비슷한 도구를 사용했다고 한다.</Text>
        </Row>
        <Row Tag="TXT_KEY_NEWWORLD_SCENARIO_CIV5_MUISCA_TEXT">
            <Text>무이스카 족은 콜롬비아의 중앙 고원에 거주했던 원주민입니다. 이들은 스페인 탐험가들과 1537년에 최초로 만났으며 엘도라도 전설의 근원일 가능성이 큽니다.</Text>
        </Row>
        <Row Tag="TXT_KEY_NEWWORLD_SCENARIO_CIV5_MUSCOGEE_TEXT">
            <Text>머스코지 족은 미국 남동부에 거주했던 원주민으로 이들은 미시시피 문화의 후손이었습니다.</Text>
        </Row>
        <Row Tag="TXT_KEY_NEWWORLD_SCENARIO_CIV5_SEMINOLE_TEXT">
            <Text>세미놀 족은 플로리다에 살았던 원주민의 일부로 머스코지와 밀접한 관계가 있었습니다. (양쪽 모두 크리크 족이었음)</Text>
        </Row>
        <Row Tag="TXT_KEY_NEWWORLD_SCENARIO_CIV5_WABANAKI_TEXT">
            <Text>와바나키 족은 '새벽의 사람들'로 불리기도 하며 캐나다 동부의 연해주에 거주했던 원주민입니다.</Text>
        </Row>
        <Row Tag="TXT_KEY_NEWWORLD_SCENARIO_CIV5_YANOMAMI_TEXT">
            <Text>야노마모 족은 아마존 유역의 원주민 부족입니다. 이들은 석기 시대의 문화를 갖고 있으며 1929년까지 유럽인과 만난 적이 없었습니다.</Text>
        </Row>
        <Row Tag="TXT_KEY_NEWWORLD_SCENARIO_CIVILOPEDIA_LEADERS_MARIA_I_HEADING_1">
            <Text>역사</Text>
        </Row>
        <Row Tag="TXT_KEY_NEWWORLD_SCENARIO_CIVILOPEDIA_LEADERS_MARIA_I_LIVED">
            <Text>1507~1578년</Text>
        </Row>
        <Row Tag="TXT_KEY_NEWWORLD_SCENARIO_CIVILOPEDIA_LEADERS_MARIA_I_SUBTITLE">
            <Text>포르투갈 여왕</Text>
        </Row>
        <Row Tag="TXT_KEY_NEWWORLD_SCENARIO_CIVILOPEDIA_LEADERS_MARIA_I_TEXT_1">
            <Text>카스티야의 왕녀인 캐서린은 카스티야의 조아나와 합스부르크의 필립의 딸이다. 그녀는 1525년에 18세의 나이로 사촌 관계인 포르투갈의 존 3세와 결혼해 아홉 명의 아이를 낳았고, 그중 두 명이 성년까지 살아남았다. 1557년에 존이 사망한 후에 손자이자 계승자인 세바스찬의 섭정이 되었고, 1562년에 존의 동생이자 자신의 시동생인 카디날 헨리에게 권력을 이양했다. 캐서린은 여왕 겸 섭정으로서 포르투갈이 브라질까지 세력을 확장하게 만들었고, 아프리카에 식민지를 건설하기도 했다. 1578년 2월에 71세의 나이로 사망했고, 몇 달 후에는 세바스찬 왕이 모로코에서 숨을 거뒀다.</Text>
        </Row>
        <Row Tag="TXT_KEY_NEWWORLD_SCENARIO_CIVILOPEDIA_LEADERS_NAPOLEON_HEADING_1">
            <Text>역사</Text>
        </Row>
        <Row Tag="TXT_KEY_NEWWORLD_SCENARIO_CIVILOPEDIA_LEADERS_NAPOLEON_LIVED">
            <Text>1494년 ~ 1547년</Text>
        </Row>
        <Row Tag="TXT_KEY_NEWWORLD_SCENARIO_CIVILOPEDIA_LEADERS_NAPOLEON_SUBTITLE">
            <Text>프랑스왕</Text>
        </Row>
        <Row Tag="TXT_KEY_NEWWORLD_SCENARIO_CIVILOPEDIA_LEADERS_NAPOLEON_TEXT_1">
            <Text>프란시스는 1515년부터 1547년까지 프랑스를 통치한 왕이었으며 이 기간에 술레이만과 힘을 합쳐서 프랑코-오스만 동맹을 형성하기도 했다. 신성 로마 제국의 황제, 찰스 5세는 그가 축출해야 할 가장 큰 목표였으며 이 때문에 수 차례 로마를 상대로 전쟁을 일으켰다. 1525년의 파비의 전투에서 프란시스는 찰스에게 사로잡혔으며 그가 풀려나는 조건으로 자신의 두 아들 헨리와 프란시스를 넘겨줄 때까지 1년 넘게 포로 생활을 해야만 했다.</Text>
        </Row>
        <Row Tag="TXT_KEY_NEWWORLD_SCENARIO_DESC">
            <Text>미지의 세계인 동방으로 가는 뱃길을 찾으십시오. 또는 아메리카 원주민 문명을 플레이하며 바다를 건너온 예상치 못한 적에 맞서십시오.</Text>
        </Row>
        <Row Tag="TXT_KEY_NEWWORLD_SCENARIO_DIPLO_MAY_NOT_ATTACK_MOD">
            <Text>해적 기술을 연구할 때까지는 이 플레이어를 공격할 수 없습니다.</Text>
        </Row>
        <Row Tag="TXT_KEY_NEWWORLD_SCENARIO_DIPLO_MY_SCORE_FUTURE_TECH">
            <Text>보물 점수 {1_Num}</Text>
        </Row>
        <Row Tag="TXT_KEY_NEWWORLD_SCENARIO_DIPLO_MY_SCORE_SCENARIO1">
            <Text>중국 발견 점수 {1_Num}</Text>
        </Row>
        <Row Tag="TXT_KEY_NEWWORLD_SCENARIO_DIPLO_MY_SCORE_SCENARIO2">
            <Text>획득한 신앙 점수 {1_Num}</Text>
        </Row>
        <Row Tag="TXT_KEY_NEWWORLD_SCENARIO_DIPLO_MY_SCORE_SCENARIO3">
            <Text>획득한 골드 점수 {1_Num}</Text>
        </Row>
        <Row Tag="TXT_KEY_NEWWORLD_SCENARIO_DIPLO_MY_SCORE_WONDERS">
            <Text>불가사의 점수 {1_Num}</Text>
        </Row>
        <Row Tag="TXT_KEY_NEWWORLD_SCENARIO_DIPLO_RESCH_AGREEMENT_NO_TECH">
            <Text>이 시나리오에서는 연구 협정을 맺을 수 없습니다.</Text>
        </Row>
        <Row Tag="TXT_KEY_NEWWORLD_SCENARIO_ERA_0">
            <Text>고대 시대</Text>
        </Row>
        <Row Tag="TXT_KEY_NEWWORLD_SCENARIO_ERA_1">
            <Text>형성 시대</Text>
        </Row>
        <Row Tag="TXT_KEY_NEWWORLD_SCENARIO_ERA_2">
            <Text>삼림 시대</Text>
        </Row>
        <Row Tag="TXT_KEY_NEWWORLD_SCENARIO_ERA_3">
            <Text>고전 시대</Text>
        </Row>
        <Row Tag="TXT_KEY_NEWWORLD_SCENARIO_ERA_4">
            <Text>후기 대항해 시대</Text>
        </Row>
        <Row Tag="TXT_KEY_NEWWORLD_SCENARIO_ERA_5">
            <Text>탐험 시대</Text>
        </Row>
        <Row Tag="TXT_KEY_NEWWORLD_SCENARIO_ERA_6">
            <Text>개화 시대</Text>
        </Row>
        <Row Tag="TXT_KEY_NEWWORLD_SCENARIO_FIRST_CIRCUMNAVIGATION">
            <Text>{@1_UnitName}님이 중국에 도달했습니다! 처음으로 세계 일주를 완수한 부상으로 승리 점수 {3_VPAmount}점을 받게 됩니다. 앞으로 중국에 도착할 위대한 제독 두 명 역시 부상을 받습니다.</Text>
        </Row>
        <Row Tag="TXT_KEY_NEWWORLD_SCENARIO_FIRST_ENGLISH_EXPLORER">
            <Text>캐벗</Text>
        </Row>
        <Row Tag="TXT_KEY_NEWWORLD_SCENARIO_FIRST_FRENCH_EXPLORER">
            <Text>베라자노</Text>
        </Row>
        <Row Tag="TXT_KEY_NEWWORLD_SCENARIO_FIRST_SPANISH_EXPLORER">
            <Text>콜럼버스</Text>
        </Row>
        <Row Tag="TXT_KEY_NEWWORLD_SCENARIO_LEADER_NAPOLEON_FIRSTGREETING_1">
            <Text>환영합니다. 나는 르네상스 예술을 후원하는 프란시스 1세요!</Text>
        </Row>
        <Row Tag="TXT_KEY_NEWWORLD_SCENARIO_LEADER_NAPOLEON_FIRSTGREETING_2">
            <Text>환영하오, 이방인! 나는 프랑스왕 프란시스 1세요! 나는 친구와는 우정을 나누고 적에게는 죽음을 내리는 사람이오. 당신은 어느 쪽이 될 것 같소?</Text>
        </Row>
        <Row Tag="TXT_KEY_NEWWORLD_SCENARIO_LEADER_NAPOLEON_FIRSTGREETING_3">
            <Text>아, 드디어 만났군. 나는 프랑스왕 프란시스 1세요. 이리오시오. 바다 건너에 있는 땅을 어떻게 나눌지 의논해야 겠소. </Text>
        </Row>
        <Row Tag="TXT_KEY_NEWWORLD_SCENARIO_LEADER_NAPOLEON_FIRSTGREETING_4">
            <Text>안녕하시오. 나는 프랑스 발로아 왕조의 프란시스 1세요. 내가 최근에 지은 저택을 구경하시겠소?</Text>
        </Row>
        <Row Tag="TXT_KEY_NEWWORLD_SCENARIO_MAYA_PANTHEON_CONFIRM">
            <Text>이 종교를 받아들이시겠습니까?</Text>
        </Row>
        <Row Tag="TXT_KEY_NEWWORLD_SCENARIO_MAYA_PANTHEON_PARTIAL">
            <Text>첫 번째 종교</Text>
        </Row>
        <Row Tag="TXT_KEY_NEWWORLD_SCENARIO_MISC_YOU_UNIT_WAS_DAMAGED_ATTRITION">
            <Text>괴혈병</Text>
        </Row>
        <Row Tag="TXT_KEY_NEWWORLD_SCENARIO_MISC_YOU_UNIT_WAS_DESTROYED_ATTRITION">
            <Text>아군의 {@1_UnitName}{@1: plural 1?이; 2?가;} 괴혈병으로 인해 파괴되었습니다!</Text>
        </Row>
        <Row Tag="TXT_KEY_NEWWORLD_SCENARIO_NAU_CHINA">
            <Text>나우가 중국에 도착했습니다. 중국까지 항해한 부상으로 [ICON_GOLD]골드 {1_GoldAmount}개를 받았고 나우는 폐선되었습니다.</Text>
        </Row>
        <Row Tag="TXT_KEY_NEWWORLD_SCENARIO_OTHER_CIRCUMNAVIGATION">
            <Text>{@1_PlyrName}의 탐험가가 중국에 도달했습니다. 위대한 제독 {2_Num}명 역시 중국에 도착하면 승리 점수를 받을 수 있습니다.</Text>
        </Row>
        <Row Tag="TXT_KEY_NEWWORLD_SCENARIO_PROMOTION_WITHDRAW_BEFORE_MELEE">
            <Text>근접전 회피</Text>
        </Row>
        <Row Tag="TXT_KEY_NEWWORLD_SCENARIO_RO_STATUS_CAN_CREATE_PANTHEON">
            <Text>수도를 점령한 후 한 턴이 지나면 부 종교를 창조할 수 있습니다.</Text>
        </Row>
        <Row Tag="TXT_KEY_NEWWORLD_SCENARIO_SECOND_CIRCUMNAVIGATION">
            <Text>{@1_UnitName}님이 중국에 도달했습니다! 두 번째로 세계 일주를 완수한 부상으로 승리 점수 {3_VPAmount}점을 받게 됩니다. 앞으로 중국에 도착할 위대한 제독 한 명 역시 부상을 받습니다.</Text>
        </Row>
        <Row Tag="TXT_KEY_NEWWORLD_SCENARIO_TECH_IMPERIALISM_DESC">
            <Text>가장 단순한 형태의 제국주의는, 국가와 국가 간의 불평등 관계를 의미합니다. 이때 보통 일종의 제국의 형태로, 한 국가가 다른 국가에 대해 일정한 통제력을 지닙니다. 제국주의 왕조는 중국으로부터 로마, 영국에 이르기까지 세계 모든 역사에서 찾아볼 수 있으며, 수천 년간 존재해 온 개념인 제국주의는 정부 자체만큼이나 오래된 개념이기도 합니다. 그러나 ‘제국주의’라는 용어는 16세기에 만들어진 말로, 스페인, 영국, 벨기에, 네덜란드 등의 국가가 미국과 신속하게 제국 관계를 형성하면서 이들 국가의 대외 정책과 행보를 설명하는 데 사용되었습니다.[NEWLINE][NEWLINE]제국주의는 전통적으로 거대하고 상징적, 군국주의적인 제국과 결부되지만, 더욱 미묘한 방식으로 나타날 수도 있습니다. 제국주의가 성립하기 위해서 약국의 정부를 꼭 공식적으로 통제해야 하는 것은 아니며, 강국이 간접적 경제 관여, 정치적, 또는 종교적 수단을 통해 약국을 마음대로 통제하는 경우도 있습니다.</Text>
        </Row>
        <Row Tag="TXT_KEY_NEWWORLD_SCENARIO_TECH_IMPERIALISM_QUOTE">
            <Text>[NEWLINE][TAB][TAB]"제국주의는 종이 호랑이다."[NEWLINE][TAB][TAB] - 마오 쩌둥[NEWLINE][TAB]</Text>
        </Row>
        <Row Tag="TXT_KEY_NEWWORLD_SCENARIO_TECH_MATHEMATICS_HELP">
            <Text>강력한 공성 무기인 [COLOR_POSITIVE_TEXT]캐터펄트[ENDCOLOR]을 생산할 수 있게 됩니다.</Text>
        </Row>
        <Row Tag="TXT_KEY_NEWWORLD_SCENARIO_TECH_NAVAL_TRADITION_DESC">
            <Text>해상 전통은, 해당 문명의 해상 탐험에 대한 열정, 그리고 상설 해군과 해군 각 부대의 개별적인 전통과 관습을 나타냅니다. 영국, 스페인 등 섬 문명이나 바다에 인접한 문명에서는 바다가 경제적, 정치적 발전에 큰 영향을 미치므로, 이들 문명은 오랜 해상 전통을 자랑합니다. 바다에 가까이 있지 않은 나라들이 평화를 지키고 전쟁을 방지하기 위해 직업 군인을 고용했다면, 바다에 익숙한 문명은 지상군보다는 대소규모의 함대를 유지하며 적의 배와 해적을 향해 파도를 갈랐습니다.[NEWLINE][NEWLINE]초기 해군의 배에서 탄생한 전통 중에 현재의 선원도 따르고 있는 것이 많으며, 그중에는 배의 경계를 넘어 육지인에게 확산된 것도 있습니다. 나팔바지를 입거나 재킷에 장식 소매 버튼을 다는 등의 관행은 모두 해상 전통에서 비롯되었습니다.</Text>
        </Row>
        <Row Tag="TXT_KEY_NEWWORLD_SCENARIO_TECH_NAVAL_TRADITION_HELP">
            <Text>신세계의 도래</Text>
        </Row>
        <Row Tag="TXT_KEY_NEWWORLD_SCENARIO_TECH_NAVAL_TRADITION_QUOTE">
            <Text>[NEWLINE][TAB][TAB]"내 앞에서 해상 전통 얘기는 꺼내지 마라. 해상 전통이란 것은 결국 럼주, 남색, 채찍일 뿐이다."[NEWLINE][TAB][TAB] - 윈스턴 처칠[NEWLINE][TAB]</Text>
        </Row>
        <Row Tag="TXT_KEY_NEWWORLD_SCENARIO_TECH_NAVIGATION_HELP">
            <Text>[COLOR_POSITIVE_TEXT]항해 학교[ENDCOLOR]를 건설할 수 있게 됩니다. 항해 학교는 해상 유닛의 괴혈병을 없애주는 건물입니다.  해안 도시에서는 [COLOR_POSITIVE_TEXT]항구[ENDCOLOR]를 건설할 수 있게 됩니다. 항구는 자원으로부터  [ICON_PRODUCTION]생산을 얻을 수 있게 해줍니다.</Text>
        </Row>
        <Row Tag="TXT_KEY_NEWWORLD_SCENARIO_TECH_PIRACY_DESC">
            <Text>침략, 약탈, 바다에서의 입에 담지도 못할 폭력... 해적의 인생은 매력적입니다. 대중적인 영화나 미디어에서, 해적들은 재치 있고 임담 넘치는 잭 스패로우 선장이나 어린이들의 우상인 해적왕들처럼 매력적인 존재로 그려집니다. 이들 해상의 범죄자들은 다른 배의 화물을 폭력으로 빼앗고, 해안 마을을 침략하는 등 문명화된 사회의 크나큰 골칫거리였습니다. 해적질은 문명이 물자와 사람을 바다 위로 나르기 시작했을 때부터 존재했던 것으로 추정됩니다. 해적이 기록에 처음으로 등장한 것은 기원전 13세기입니다.[NEWLINE][NEWLINE]가장 유명한 해적은 해안의 마을과 물자를 위협했던 유럽의 바이킹과, 금은보화를 잔뜩 실은 스페인 보물선을 나포하기를 좋아했던 카리브 해의 해적입니다. 해적의 ‘고전 시대’라고도 할 수 있을 이 시기는 영화와 책에서 가장 흔히 그려지며, 연도상으로는 1560년에서 1720년 사이입니다. 곡선 형태의 검을 들고 멋진 모자를 쓴 화려한 해적은 픽션 작품의 규칙과도 같이 돼 버렸지만, 해적질은 아직도 여러 바다에서 이루어지고 있으며 아라비아 반도 해안이 특히 심각합니다. 그러나 해적질은 주로 국가 이익을 위해 정부가 승인한 일종의 해상 침략 활동인 사략 행위와 혼동되거나 혼용되어서는 안 됩니다.</Text>
        </Row>
        <Row Tag="TXT_KEY_NEWWORLD_SCENARIO_TECH_PIRACY_HELP">
            <Text>[COLOR_POSITIVE_TEXT]사략선[ENDCOLOR]을 건조할 수 있게 되며, 유럽 열강이 서로 선전포고를 할 수 있게 됩니다.</Text>
        </Row>
        <Row Tag="TXT_KEY_NEWWORLD_SCENARIO_TECH_PIRACY_QUOTE">
            <Text>[NEWLINE][TAB][TAB]"중요한 규칙은 이거 하나야. 할 수 있는 일이냐 아니냐... 나는 네가 익사하게 내버려둘 순 있지만, 이 배를 나 혼자서 토르투가로 가져갈 순 없어, 무슨 말인지 알겠어? 자, 넌 해적 밑에서 항해할 수 있겠어, 못 하겠어?"[NEWLINE][TAB][TAB] - 잭 스패로 선장[NEWLINE][TAB]</Text>
        </Row>
        <Row Tag="TXT_KEY_NEWWORLD_SCENARIO_TECH_PROSOLDIERS_DESC">
            <Text>문명 초기의 조악한 민병대에 비하면 직업 군인은 눈에 띌 절도로 발전한 병력입니다. 이 정규 군인들은 무장도 훈련도 더 뛰어나며, 전반적으로 가죽조끼를 입고 쇠스랑을 든 농부보다는 훨씬 강력합니다. 로마 제국은 일찍이 직업 군인으로 구성된 상비군을 만들었는데, 그들은 파죽지세를 자랑한 로마군의 일등공신이었습니다. 유럽에서는 1445년에 프랑스의 샤를르 7세가, 그 후에는 1685년에 영국의 제임스 2세가 제일 먼저 직업 군인을 고용했습니다.[NEWLINE][NEWLINE]직업 군인은 현대 문명의 군•방위 체계의 핵심으로, 세계의 여러 선진국이 직업 군인을 고용하고 있습니다.</Text>
        </Row>
        <Row Tag="TXT_KEY_NEWWORLD_SCENARIO_TECH_PROSOLDIERS_QUOTE">
            <Text>[NEWLINE][TAB][TAB]"비록 직업은 군인이지만, 나는 결코 전쟁을 좋아한 적이 없고, 평화의 수단으로서가 아니면 옹호한 적도 없다."[NEWLINE][TAB][TAB] - 율리시스 S. 그랜트[NEWLINE][TAB]</Text>
        </Row>
        <Row Tag="TXT_KEY_NEWWORLD_SCENARIO_TECH_RELIGIOUS_ORDERS_DESC">
            <Text>세계의 여러 종교에는, 보통 자신의 특정한 종교적 신념에 더욱 합일된 삶을 살기 위한 목적으로 사회 전반으로부터 고립되어 사는 독실한 사람들로 이루어진 특수한 공동체 또는 단체가 존재합니다. 이들 수도회는 흔히 수도원이라는 물리적인 형태를 띠는데, 이는 종교인들이 일하며 생활할 수 있는 건물 또는 단지를 말합니다.[NEWLINE][NEWLINE]수도회가 생겨난 나라 안에서 기도드리는 데 만족한 수도회가 있는가 하면, 뻗어 나가며 새로운 사람들에게 믿음을 전파하는 것을 유일한 목적으로 설립된 수도회도 있었습니다. 아메리카 대륙의 예수회 전도사들이 한 예였습니다. 예수회 수사들은 대서양을 건너 아메리카 땅에 수도원과 포교 시설을 건립하고, 그곳에서 지역 주민에게 자신들의 교리와 믿음, 그리고 서양식 교육의 기초를 가르쳤습니다.</Text>
        </Row>
        <Row Tag="TXT_KEY_NEWWORLD_SCENARIO_TECH_RELIGIOUS_ORDERS_QUOTE">
            <Text>[NEWLINE][TAB][TAB]"내가 아는 예수회 수사님 중 평생 동안 큰 가르침을 주시고 돌아가신 분들이야말로 가장 덜 추억되는 분들이다."[NEWLINE][TAB][TAB] - 다니엘 베리건[NEWLINE][TAB]</Text>
        </Row>
        <Row Tag="TXT_KEY_NEWWORLD_SCENARIO_TECH_ROYAL_GUARDS_DESC">
            <Text>무장한 가신으로 이루어진 정예 집단인 왕실 근위대는 왕족이나 주요 성직자를 호위하기 위해 고용된 군부대 또는 의례부대입니다. 역사적으로, 이들 정예 부대는 이중적인 정치적 역할을 수행하기도 했습니다. 그 특유의 입장으로 말미암아 군주의 의견을 쥐고 휘두르거나, 쿠데타 또는 반란의 핵심 세력이 되기 쉬웠기 때문입니다.[NEWLINE][NEWLINE]왕실 근위대 소속 부대 중에는 소속 국가 밖에서도 유명세를 타게 된 부대가 있으니, 스페인의 트로파스 데 라 카사 레알과 프랑스의 총사대가 그 예입니다. 프랑스 총사대는 엄밀히 말하면 프랑스 왕실 근위대 산하의 일개 부대에 불과했으며, 실제 호위 임무를 대부분 수행했던 친위대 밑의 부대였습니다. 그러나 알렉상드르 뒤마의 작품 삼총사 덕분에, 총사대는 모든 문명의 왕실 근위대 중 가장 인기 있고 유명한 부대가 되었습니다.</Text>
        </Row>
        <Row Tag="TXT_KEY_NEWWORLD_SCENARIO_TECH_ROYAL_GUARDS_HELP">
            <Text>머스킷총병이 강화된 것이라 볼 수 있는 [COLOR_POSITIVE_TEXT]총사대[ENDCOLOR]를 생성할 수 있게 됩니다.</Text>
        </Row>
        <Row Tag="TXT_KEY_NEWWORLD_SCENARIO_TECH_ROYAL_GUARDS_QUOTE">
            <Text>[NEWLINE][TAB][TAB]"이 세상은 위험으로 가득한 불확실한 영역이다. 권력욕으로 말미암아 명예는 위태로워지고, 약자가 강자에게 억압당하며 자유는 희생된다. 그러나 이 강력한 힘에 대항하여 진실과 명예, 자유에 일생을 바치는 자들이 있으니, 그 이름 총사대라. 일어나라."[NEWLINE][TAB][TAB] - 루이 왕[NEWLINE][TAB]</Text>
        </Row>
        <Row Tag="TXT_KEY_NEWWORLD_SCENARIO_TECH_TRAPPING_HELP">
            <Text>노동자가 [ICON_RES_DEER]사슴, [ICON_RES_IVORY]상아, [ICON_RES_FUR]모피 자원 위에 [COLOR_POSITIVE_TEXT]야영지[ENDCOLOR]를 건설할 수 있습니다.[ENDCOLOR]이러한 자원은 타일의 [ICON_GOLD]골드 산출량을 높여줍니다.</Text>
        </Row>
        <Row Tag="TXT_KEY_NEWWORLD_SCENARIO_TECH_TREASURE_FLEET_DESC">
            <Text>스페인인들이 아메리카 대륙에 도착해 새로 발견한 보물을 유럽으로 운반하기 시작했을 때, 해적 습격의 압박에 맞서기 위해 새롭고 더욱 효율적인 항해 방법을 찾아야 했습니다. 적재 및 항해에 있어 엄격한 규제를 받은 특수 호송 선단인 스페인 보물선 단이 그 해답이었습니다. 남아메리카 북쪽 해안을 따라 아메리카를 떠나는 배들은 단체로 특정 항로를 따라 항해하도록 지시를 받았으며, 따라서 더 적은 군대로도 호위하기가 쉬웠습니다.  이 배들은 출입이 제한되고 보호되는 항구 도시(세비야 등)로만 항해했기에, 해적 습격 가능성이 더 줄어들었습니다.[NEWLINE][NEWLINE]보물선대는 16세기에서 18세기까지 스페인에서 이용되면서 큰 성공을 거두었으며, 아직도 역사상 가장 수익성이 높고 효과적인 해상 작전으로 간주하고 있습니다. 그러나 1700년대 스페인이 남아메리카 북쪽 해안의 중요 해안 도시를 잃으면서 보물선 단의 존폐가 위협받게 되었습니다. 이 상황을 타개하려는 노력의 일환으로, 카를로스 3세는 1765년에 엄격했던 체계를 완화하여, 1780년대에는 더 많은 식민지가 보물선 단을 이용할 수 있게 하였습니다. 그러나 결국은 1790년에 항해한 보물선대가 마지막이 되었고, 두 대륙 간의 해운은 필요할 때마다 소규모 선대가 담당하게 되었습니다.</Text>
        </Row>
        <Row Tag="TXT_KEY_NEWWORLD_SCENARIO_TECH_TREASURE_FLEET_HELP">
            <Text>모든 지상 유닛이 [COLOR_POSITIVE_TEXT]방어 승선[ENDCOLOR] 승급을 할 수 있게 되어, 해상 공격을 방어할 수 있게 됩니다. </Text>
        </Row>
        <Row Tag="TXT_KEY_NEWWORLD_SCENARIO_TECH_TREASURE_FLEET_QUOTE">
            <Text>[NEWLINE][TAB][TAB]"금은 보물이다. 금을 가진 자는 자기 세상에서 하고자 하는 일은 무엇이든 할 수 있으며, 다른 영혼이 천국에 가도록 도와줄 수 있다."[NEWLINE][TAB][TAB] - 크리스토퍼 콜럼버스[NEWLINE][TAB]</Text>
        </Row>
        <Row Tag="TXT_KEY_NEWWORLD_SCENARIO_TECH_WARSHIPS_DESC">
            <Text>바다를 빨리 가로지르거나 최소한의 공간으로 최대한의 화물을 나를 수 있도록 설계된 배가 많지만, 전함은 단 한 가지 목적, 즉 다른 배의 파괴를 위해 설계되었습니다. 당연한 이야기지만 전함은 일종의 무기(전통적으로 대포 또는 충각)를 탑재하고 있을 뿐 아니라, 훨씬 심한 손상을 견딜 수 있으며 상선이나 여객선보다 훨씬 기동성이 뛰어납니다.[NEWLINE][NEWLINE]해운 기술의 발달과 함께, 전함도 발달해 왔습니다. 갤리선과 삼단노선은 전함의 초기 형태로, 모든 배를 충각으로 들이받을 수 있었지만 보통 실제 전투는 승선한 군대로 이루어졌습니다. 그러나 대포를 빠르게 재장전할 수 있게 되자, 배 양면을 따라 대포를 몇 줄로 배치한 대형 범선이 전함으로 사용되었습니다. 이러한 목재 전함은 점차 철제, 강철제 전함으로 대체되었고, 돛은 증기와 원자력으로 대체되었습니다. 현대 전함은 초기의 갤리선과 전혀 닮은 점이 없지만, 기본적인 설계 원리는 같습니다. 남한테 당하기 전에 남을 파괴할 수 있어야 한다는 거죠.</Text>
        </Row>
        <Row Tag="TXT_KEY_NEWWORLD_SCENARIO_TECH_WARSHIPS_QUOTE">
            <Text>[NEWLINE][TAB][TAB]"어뢰 따위 신경 끄고, 전속력 전진!"[NEWLINE][TAB][TAB] - 데이빗 글래스고 패러것 제독[NEWLINE][TAB]</Text>
        </Row>
        <Row Tag="TXT_KEY_NEWWORLD_SCENARIO_THIRD_CIRCUMNAVIGATION">
            <Text>{@1_UnitName}님이 중국에 도달했습니다! 세 번째로 세계 일주를 완수한 부상으로 승리 점수 {3_VPAmount}점을 받게 됩니다. 중국에 도착해도 더 이상 부상은 없습니다.</Text>
        </Row>
        <Row Tag="TXT_KEY_NEWWORLD_SCENARIO_TITLE">
            <Text>신세계 정복</Text>
        </Row>
        <Row Tag="TXT_KEY_NEWWORLD_SCENARIO_TP_RELIGION_TOOLTIP">
            <Text>각 유럽 문명은 가톨릭 혹은 개신교 국가로서 시나리오를 시작합니다. 유럽 국가들은 국경 내에 성도가 존재하지 않더라도 최대한 많은 도시에 각자의 기독교를 전파함으로써 창시자 교리 보너스를 획득합니다. 기독교의 힘을 통해 신앙으로 선교사와 이단심문관을 생산할 수 있습니다.[NEWLINE][NEWLINE]아메리카 문명은 도시를 정복한 후 첫 턴에 부 종교를 창시할 수 있습니다. 부 종교는 하나의 강력한 종교관 교리로 구성되어 있으며 새로운 도시가 건설될 때마다 전파됩니다. 이 경우 신앙으로 고유 유닛과 콜로세움을 생산할 수 있는 반면, 선교사와 이단심문관은 생산할 수 없습니다.[NEWLINE][NEWLINE]위대한 선지자와 종교 영향력은 이 시나리오에 포함되어 있지 않습니다. 종교는 선교사의 활동을 통해서만 전파됩니다.</Text>
        </Row>
        <Row Tag="TXT_KEY_NEWWORLD_SCENARIO_TRAIT_CITY_STATE_FRIENDSHIP_SHORT">
            <Text>원주민 동맹</Text>
        </Row>
        <Row Tag="TXT_KEY_NEWWORLD_SCENARIO_TRAIT_GREAT_ANDEAN_ROAD">
            <Text>유닛이 언덕 타일로 이동할 때 지형 페널티를 무시합니다. 언덕에 건설하는 시설은 유지비가 들지 않습니다. 다른 지형에 건설하는 시설의 유지비가 반으로 줄어듭니다.</Text>
        </Row>
        <Row Tag="TXT_KEY_NEWWORLD_SCENARIO_TRAIT_GREAT_ANDEAN_ROAD_SHORT">
            <Text>위대한 안데스의 길</Text>
        </Row>
        <Row Tag="TXT_KEY_NEWWORLD_SCENARIO_TRAIT_IGNORE_TERRAIN_IN_FOREST">
            <Text>숲과 정글을 길처럼 이용(이동 보너스는 우호 지역에서만 적용). 도시 주위의 시설이 없는 숲 하나당 [ICON_PEACE]신앙이 1 증가합니다. 그런 숲이 3개 이상일 경우 시설이 없는 숲 하나당 [ICON_PEACE]신앙이 2 증가합니다.</Text>
        </Row>
        <Row Tag="TXT_KEY_NEWWORLD_SCENARIO_TRAIT_LONG_COUNT">
            <Text>게임 시작 시 부 종교를 형성할 때 두 번째 종교관 교리를 받으세요.</Text>
        </Row>
        <Row Tag="TXT_KEY_NEWWORLD_SCENARIO_TRAIT_LONG_COUNT_SHORT">
            <Text>쌍둥이 영웅</Text>
        </Row>
        <Row Tag="TXT_KEY_NEWWORLD_SCENARIO_TRAIT_LUXURY_RETENTION">
            <Text>50%의 교역로 사용이 추가로 가능합니다(소수점 자리는 내림).</Text>
        </Row>
        <Row Tag="TXT_KEY_NEWWORLD_SCENARIO_TRAIT_LUXURY_RETENTION_SHORT">
            <Text>네덜란드 서인도 회사</Text>
        </Row>
        <Row Tag="TXT_KEY_NEWWORLD_SCENARIO_TRAIT_OCEAN_MOVEMENT">
            <Text>모든 해상 유닛의 [ICON_MOVES]이동력이 2 증가합니다. [ICON_GOLDEN_AGE]황금기 지속 시간이 50% 증가합니다.</Text>
        </Row>
        <Row Tag="TXT_KEY_NEWWORLD_SCENARIO_TRAIT_SEVEN_CITIES">
            <Text>자연 경관을 발견하면 [ICON_GOLD]골드를 획득합니다. 해당 자연 경관을 처음 발견하면 더 많은 보너스를 받습니다. 자연 경관 타일이 생산하는 [ICON_CULTURE]문화, [ICON_HAPPINESS_1]행복 및 기타 생산 항목이 두 배로 증가합니다.</Text>
        </Row>
        <Row Tag="TXT_KEY_NEWWORLD_SCENARIO_TRAIT_SEVEN_CITIES_SHORT">
            <Text>일곱 개의 황금 도시</Text>
        </Row>
        <Row Tag="TXT_KEY_NEWWORLD_SCENARIO_TREASURE_CAPTURED_CITY">
            <Text>{@1_CityName}{@1: plural 1?을; 2?를;} 점령하여 보물 3개를 획득했습니다.</Text>
        </Row>
        <Row Tag="TXT_KEY_NEWWORLD_SCENARIO_TREASURE_FOUND">
            <Text>보물 발견</Text>
        </Row>
        <Row Tag="TXT_KEY_NEWWORLD_SCENARIO_TREASURE_NATURAL_WONDER">
            <Text>{@1_NWName} 근처에서 보물을 발견했습니다.</Text>
        </Row>
        <Row Tag="TXT_KEY_NEWWORLD_SCENARIO_TREASURE_RAZED_CITY">
            <Text>{@1_CityName}{@1: plural 1?을; 2?를;} 파괴하고 보물을 획득했습니다.</Text>
        </Row>
        <Row Tag="TXT_KEY_NEWWORLD_SCENARIO_TREASURE_RETURNED">
            <Text>보물이 {@1_CityName}에 돌아가고 [ICON_GOLD]골드 {2_GoldAmount}개와 승리 점수 {3_VPAmount}점을 얻었습니다.</Text>
        </Row>
        <Row Tag="TXT_KEY_NEWWORLD_SCENARIO_TREASURE_RETURNED_SHORT">
            <Text>보물 반환</Text>
        </Row>
        <Row Tag="TXT_KEY_NEWWORLD_SCENARIO_TURNSREMAINING">
            <Text>남은 턴: {1_TurnsRemaining}</Text>
        </Row>
        <Row Tag="TXT_KEY_NEWWORLD_SCENARIO_UNIT_HELP_MAYAN_ATLATLIST">
            <Text>마야만 만들 수 있는 유닛입니다. 궁병을 대체하는 이 유닛은 궁병보다 이른 시기부터 사용할 수 있으며 가격도 더 저렴합니다.</Text>
        </Row>
        <Row Tag="TXT_KEY_NEWWORLD_SCENARIO_UNIT_MAYAN_ATLATLIST_STRATEGY">
            <Text>아틀라틀병은 궁수를 대체하는 마야의 고유 유닛입니다. 아틀라틀병은 궁수보다 싸며 궁술을 연구하지 않아도 사용할 수 있습니다. 게임 초반에 더 급한 기술을 연구할 수 있으므로 이득입니다.</Text>
        </Row>
        <Row Tag="TXT_KEY_NEWWORLD_SCENARIO_UNIT_TREASURE_STRATEGY">
            <Text>신대륙의 금이나 은을 실은 수송 열차나 보물선단에 승선하는 이 시나리오 전용 시민 유닛입니다. 수도로 귀환하면 금과 승점을 획득합니다.</Text>
        </Row>
        <Row Tag="TXT_KEY_NEWWORLD_SCENARIO_UNITS_TREASURE_TEXT">
            <Text>보물 유닛은 금광에서 목적지에 이르는 신대륙의 스페인 보물 함대 시스템을 모두 포함합니다. 아메리카 곳곳에서 채굴된 금과 은은 라마나 나귀를 이용해 정해진 경로를 따라 카리브해 연안의 항구 마을로 옮겨졌습니다. 이 항구에서 보물은 갤리온선이나 상업 선박에 실려 군함의 대규모 호위를 받으며 대서양을 건넜습니다. 이 배들은 대서양을 지나 스페인으로 이동할 때 항상 똑같은 경로를 사용하였기에 해적의 공격에 쉽게 노출되었습니다. 이러한 보물 유닛은 스페인을 당대 최고의 부유한 문명으로 만들어주었으며, 세계에서 가장 훌륭한 해상 작전을 창출해내기도 했습니다.</Text>
        </Row>
        <Row Tag="TXT_KEY_NEWWORLD_SCENARIO_VP_FUTURE_TECH">
            <Text>보물</Text>
        </Row>
        <Row Tag="TXT_KEY_NEWWORLD_SCENARIO_VP_SCENARIO1">
            <Text>중국 발견</Text>
        </Row>
        <Row Tag="TXT_KEY_NEWWORLD_SCENARIO_VP_SCENARIO2">
            <Text>획득한 신앙</Text>
        </Row>
        <Row Tag="TXT_KEY_NEWWORLD_SCENARIO_VP_SCENARIO3">
            <Text>획득한 골드</Text>
        </Row>
        <Row Tag="TXT_KEY_NEWWORLD_SCENARIO_VP_WONDERS">
            <Text>불가사의</Text>
        </Row>
        <Row Tag="TXT_KEY_NEWWORLDDLX_SCENARIO_CIV5_DAWN_AMERICAN_NEWWORLD_TEXT">
            <Text>시나리오 설명[NEWLINE]때는 1492년, 대서양 너머에 위치한 중국과 서인도제도를 발견하기 위해 안달이 난 탐험가들이 유럽의 왕정을 알현했다. 과연 그들은 새로운 교역로를 찾고 아시아의 해안에 숨겨진 막대한 보물을 발견할 것인가? 아니면 도중에 미지의 땅에 좌초되고 말 것인가? 원주민들은 지식과 무역의 기회를 수용할 것인가? 아니면 영토의 침입자들과 싸울 것인가? 미지의 바다를 항해할 준비가 된 자들에게 어떤 부와 명성, 기회가 기다리고 있을까? 누가 신세계의 패권을 차지할 수 있을까?[NEWLINE][NEWLINE]승리 조건[NEWLINE]150턴이 지난 후에 최고 점수를 거둔 자가 승리를 거둡니다. 위대한 제독으로 중국에 도달하면 보너스 승리 점수를 획득합니다. 아메리카는 [ICON_PEACE]신앙으로, 유럽은 [ICON_GOLD]골드로 승리 점수를 획득합니다. 열 개의 문명을 마음껏 즐겨보세요. 아메리카의 지도는 매번 변화합니다.[NEWLINE][NEWLINE]특별 규칙[NEWLINE]보물 유닛은 도시를 파괴하거나 엘도라도와 포토시 자연 경관을 발견할 때만 생성됩니다. 유럽에 있는 도시와 아메리카 문명의 마지막 도시를 제외한 신세계의 모든 도시는 [ICON_RAZING]파괴할 수 있습니다. 아메리카 문명은 수도에 정착한 후 첫 턴에 소수 신앙을 발견합니다. 이 소수 신앙은 (강력한) 단일 종교관 교리로 구성되며 새로 건설되는 각 도시로 퍼집니다. 특별 규칙에 대한 상세한 정보는 브리핑 화면에서 확인하세요.</Text>
        </Row>
        <Row Tag="TXT_KEY_NEWWORLDDLX_SCENARIO_CIV5_DAWN_NEWWORLDLOAD_TEXT">
            <Text>시나리오 설명[NEWLINE]때는 1492년, 대서양 너머에 위치한 중국과 서인도제도를 발견하기 위해 안달이 난 탐험가들이 유럽의 왕정을 알현했다. 과연 그들은 새로운 교역로를 찾고 아시아의 해안에 숨겨진 막대한 보물을 발견할 것인가? 아니면 도중에 미지의 땅에 좌초되고 말 것인가? 원주민들은 지식과 무역의 기회를 수용할 것인가? 아니면 영토의 침입자들과 싸울 것인가? 미지의 바다를 항해할 준비가 된 자들에게 어떤 부와 명성, 기회가 기다리고 있을까? 누가 신세계의 패권을 차지할 수 있을까?[NEWLINE][NEWLINE]승리 조건[NEWLINE]150턴이 지난 후에 최고 점수를 거둔 자가 승리를 거둡니다. 위대한 제독으로 중국에 도달하면 보너스 승리 점수를 획득합니다. 아메리카 문명은 [ICON_PEACE]신앙으로, 유럽 문명은 [ICON_GOLD]골드로 승리 점수를 획득합니다. 열 개의 문명을 마음껏 즐겨보세요. 아메리카의 지도는 새 게임을 시작할 때마다 변화합니다.[NEWLINE][NEWLINE]특별 규칙[NEWLINE]유럽 열강은 한 국가가 해적 행위 기술을 개발할 때까지 서로 선전포고할 수 없습니다. 보물 유닛은 도시를 파괴하거나 엘도라도와 포토시 자연 경관을 발견할 때만 생성됩니다. 해상 유닛은 괴혈병에 시달립니다. 이 질병에 대항하려면 국가 불가사의인 항해 학교를 건설하세요. 유럽 문명은 신대륙에 자신의 종교를 전파하고자 합니다. 특별 규칙에 대한 상세한 정보는 브리핑 화면에서 확인하세요.</Text>
        </Row>
        <Row Tag="TXT_KEY_NEWWORLDDLX_SCENARIO_CIV5_NEWWORLD_BRIEFING_TEXT">
            <Text>승리 조건[NEWLINE]150턴이 지난 후에 최고 점수를 거둔 자가 승리를 거둡니다. 위대한 제독으로 중국에 도달하면 보너스 승리 점수를 획득합니다.[NEWLINE][NEWLINE]아메리카는 다음과 같이 획득한 신앙에 대해 [ICON_PEACE]신앙 2마다 승리 점수 1점을 획득합니다.[NEWLINE][ICON_BULLET]턴 시작 시 얻은 신앙[NEWLINE][ICON_BULLET]전투에서 얻은 신앙[NEWLINE][ICON_BULLET]쇼숀 길잡이로부터 얻은 신앙[NEWLINE][NEWLINE]유럽은 다음과 같이 획득한 골드에 대해 [ICON_GOLD]골드 12개마다 승리 점수 1점을 획득합니다.[NEWLINE][ICON_BULLET]턴 시작 시 전체 골드 수입[NEWLINE][ICON_BULLET]전투 시 파괴한 적 유닛으로부터 얻은 골드[NEWLINE][ICON_BULLET]수도로 다시 가져온 보물의 골드[NEWLINE][ICON_BULLET]무역 임무로부터 얻은 골드[NEWLINE][ICON_BULLET]나우로 중국에 도달하여 얻은 골드[NEWLINE][ICON_BULLET]스페인의 특성으로 얻은 골드[NEWLINE][NEWLINE]특별 규칙[NEWLINE]해상 유닛은 괴혈병에 시달립니다. 이 질병에 대항하려면 국가 불가사의인 항해 학교를 건설하세요. 유럽 열강은 한 국가가 해적 행위 기술을 개발할 때까지 서로 선전포고할 수 없습니다. 보물 유닛은 도시를 파괴하거나 엘도라도와 포토시 자연 경관을 발견할 때만 생성됩니다. 유럽에 있는 도시와 아메리카 문명의 마지막 도시를 제외한 신세계의 모든 도시는 [ICON_RAZING]파괴될 수 있습니다. 시야 보너스를 2만큼 보유한 위대한 제독을 제외하면, 모든 해상 유닛의 시야에 1만큼 페널티가 주어집니다. 위대한 제독 탄생에 필요한 점수는 각 턴마다 자동으로 생성되며 탐험 성과로도 생성됩니다. 유럽과 아메리카 종교에 관한 정보는 화면 상단 정보 바의 신앙 항목에 마우스를 올려서 확인하세요.</Text>
        </Row>
        <Row Tag="TXT_KEY_NEWWORLDDLX_SCENARIO_DESC">
            <Text>동방으로 가는 뱃길을 찾으십시오. 또는 아메리카 원주민 문명을 플레이하며 바다를 건너온 예상치 못한 적에 맞서십시오. 신대륙 정복 시나리오를 바탕으로 신대륙을 새롭게 경험해보시기 바랍니다.</Text>
        </Row>
        <Row Tag="TXT_KEY_NEWWORLDDLX_SCENARIO_TITLE">
            <Text>신세계 정복 디럭스</Text>
        </Row>
        <Row Tag="TXT_KEY_PEDIA_PROMOTION_SCURVY">
            <Text>아군 영토 밖에서는 체력 감소</Text>
        </Row>
        <Row Tag="TXT_KEY_POLICY_AMERICAN">
            <Text>아메리카인</Text>
        </Row>
        <Row Tag="TXT_KEY_POLICY_AMERICAN_HELP">
            <Text>[COLOR_POSITIVE_TEXT]아메리카인[ENDCOLOR][NEWLINE]세계 불가사의를 건설할 수 있습니다. 사원 하나 당 [ICON_HAPPINESS_1]행복이 1 증가합니다.</Text>
        </Row>
        <Row Tag="TXT_KEY_POLICY_ARISTOCRACY_NWS_HELP">
            <Text>[COLOR_POSITIVE_TEXT]관료제[ENDCOLOR][NEWLINE]불가사의를 건설할 때 [ICON_PRODUCTION]생산 15% 증가하며 모든 작업장에서 [ICON_PEACE]신앙이 1 증가합니다.</Text>
        </Row>
        <Row Tag="TXT_KEY_POLICY_BARTER_SYSTEM">
            <Text>물물교환 제도</Text>
        </Row>
        <Row Tag="TXT_KEY_POLICY_BARTER_SYSTEM_HELP">
            <Text>[COLOR_POSITIVE_TEXT]물물교환 제도[ENDCOLOR][NEWLINE]교역소와 브라질 소방목 벌목장 하나당 [ICON_GOLD]골드가 1 증가합니다. 사치품 자원 하나당 [ICON_HAPPINESS_1]행복이 2 증가합니다.</Text>
        </Row>
        <Row Tag="TXT_KEY_POLICY_BARTER_SYSTEM_TEXT">
            <Text>재화나 서비스를 교환하는 물물교환 제도는 신세계의 원주민들 사이, 원주민과 유럽 정착민 사이, 통치자들 사이에서 성행했다. 산토도밍고에서 1502년에 신세계 최초의 동전인 마라베디가 발행되기 전까지, 아메리카 경제의 근간은 물물교환이었다.</Text>
        </Row>
        <Row Tag="TXT_KEY_POLICY_BRANCH_AMERICAN">
            <Text>아메리카인</Text>
        </Row>
        <Row Tag="TXT_KEY_POLICY_BRANCH_EUROPEAN">
            <Text>유럽인</Text>
        </Row>
        <Row Tag="TXT_KEY_POLICY_CITIZENSHIP_NWS_HELP">
            <Text>[COLOR_POSITIVE_TEXT]시민권[ENDCOLOR][NEWLINE][ICON_GOLD]건물 구입에 필요한 골드가 33% 감소합니다. 개발된 자원이 필요한 모든 건물의 [ICON_PEACE]신앙이 1 증가합니다. (초콜렛 하우스, 서커스, 대장간, 화폐 주조소, 석재 공장.)</Text>
        </Row>
        <Row Tag="TXT_KEY_POLICY_CITY_SACK">
            <Text>도시 강탈</Text>
        </Row>
        <Row Tag="TXT_KEY_POLICY_CITY_SACK_HELP">
            <Text>[COLOR_POSITIVE_TEXT]도시 강탈[ENDCOLOR][NEWLINE]도시 공격 시 [ICON_STRENGTH]전투력이 33% 증가하며 보물 유닛의 이동력이 1만큼 증가합니다. (유닛은 도시 강탈 승급을 받고 모든 보물 유닛은 이동력 증가 1 승급을 받습니다.)</Text>
        </Row>
        <Row Tag="TXT_KEY_POLICY_CITY_SACK_TEXT">
            <Text>정복한 신세계의 도시를 약탈하는 행위는 유럽 침략자들이 원주민들의 사기를 꺾거나 단순히 재물을 얻기 위한 정책이었다. 전자의 예는 곤잘로 피사로가 1539년에 잉카 제국의 수도인 비카밤바를 약탈한 것이었다. 후자는 해적 헨리 모건이 1671년에 파나마 시티를 약탈한 것이었다.</Text>
        </Row>
        <Row Tag="TXT_KEY_POLICY_COLLECTIVE_RULE_NWS_HELP">
            <Text>[COLOR_POSITIVE_TEXT]집단체제[ENDCOLOR][NEWLINE][ICON_CAPITAL]수도의 [COLOR_POSITIVE_TEXT]개척자[ENDCOLOR]생산 속도가 50% 증가하며[ICON_CAPITAL]수도 근처에 개척자 하나가 비용 없이 추가됩니다.</Text>
        </Row>
        <Row Tag="TXT_KEY_POLICY_CONQUEST">
            <Text>신세계 정복</Text>
        </Row>
        <Row Tag="TXT_KEY_POLICY_CONQUEST_HELP">
            <Text>[COLOR_POSITIVE_TEXT]신세계 정복[ENDCOLOR][NEWLINE]이 정책을 선택한 후 50턴 동안 모든 군사 유닛이 25%의 공격 보너스를 받습니다. 보물로부터 두 배의 [ICON_GOLD]골드를 획득합니다.</Text>
        </Row>
        <Row Tag="TXT_KEY_POLICY_CONQUEST_TEXT">
            <Text>유럽 열강은 부와 권력을 숭상했기 때문에, 신세계 탐험에 이어 점령과 국가에서 지원하는 식민지화 정책이 뒤따랐다. 콜럼버스의 발견 이후 200년 동안 스페인, 포르투갈, 프랑스, 영국, 심지어는 네덜란드와 스웨덴조차 아메리카의 광활한 토지를 선점하기 위한 경쟁을 펼쳤다.</Text>
        </Row>
        <Row Tag="TXT_KEY_POLICY_CONVOY_SYSTEM">
            <Text>호송대 체제</Text>
        </Row>
        <Row Tag="TXT_KEY_POLICY_CONVOY_SYSTEM_HELP">
            <Text>[COLOR_POSITIVE_TEXT]호송대 체제[ENDCOLOR][NEWLINE]모든 해상 교역로에서 얻을 수 있는 [ICON_GOLD]골드가 6 증가합니다.</Text>
        </Row>
        <Row Tag="TXT_KEY_POLICY_CONVOY_SYSTEM_TEXT">
            <Text>호송대는 9세기부터 전시에 수송선을 보호하기 위해 이용됐지만, 스페인의 상인들은 카리브해의 해적과 사략선의 약탈이 날로 심해지자 결국 신세계에서 유럽까지 재물을 안전하게 호송할 수 있는 호송대 체제를 도입했다. 스페인과 포르투갈의 호송대는 최대 수백 명의 상인들이 탑승했고, 1520년대부터 1790년까지 막대한 양의 금괴를 스페인으로 운반했다.</Text>
        </Row>
        <Row Tag="TXT_KEY_POLICY_DOUBLE_PYRAMID">
            <Text>더블 피라미드</Text>
        </Row>
        <Row Tag="TXT_KEY_POLICY_DOUBLE_PYRAMID_HELP">
            <Text>[COLOR_POSITIVE_TEXT]더블 피라미드[ENDCOLOR][NEWLINE]성소와 사원으로부터 1 [ICON_PEACE]신앙을 획득합니다.</Text>
        </Row>
        <Row Tag="TXT_KEY_POLICY_DOUBLE_PYRAMID_TEXT">
            <Text>전성기를 맞이한 아즈텍 제국은 두 개의 사원이나 피라미드로 연결되는 이중 계단이 설치된 거대한 피라미드인 더블 피라미드를 여러 개 건설했다. 현재까지 발견된 가장 오래된 더블 피라미드는 1434년에 아즈텍 제국이 마을을 점령했을 때 이미 건설되어 있었던 테나유카다.</Text>
        </Row>
        <Row Tag="TXT_KEY_POLICY_ENTREPRENEURSHIP_NWS_HELP">
            <Text>[COLOR_POSITIVE_TEXT]기업가 정신[ENDCOLOR][NEWLINE]위대한 상인이 출현합니다. 위대한 상인 출현 속도가 100%만큼 증가합니다. 각 은행에서 2 [ICON_GOLD]골드를 추가로 생산합니다.</Text>
        </Row>
        <Row Tag="TXT_KEY_POLICY_EUROPEAN">
            <Text>유럽인</Text>
        </Row>
        <Row Tag="TXT_KEY_POLICY_EUROPEAN_HELP">
            <Text>[COLOR_POSITIVE_TEXT]유럽인[ENDCOLOR][NEWLINE][ICON_CAPITAL]수도가 원래의 종교를 가지고 있을 때 [ICON_PEACE]신앙이 매 턴마다 50씩 증가합니다(영국, 프랑스, 네덜란드는 개신교이고, 포르투갈과 스페인은 가톨릭입니다).</Text>
        </Row>
        <Row Tag="TXT_KEY_POLICY_HORSEMEN_OF_THE_PLAINS">
            <Text>평원의 기마병</Text>
        </Row>
        <Row Tag="TXT_KEY_POLICY_HORSEMEN_OF_THE_PLAINS_HELP">
            <Text>[COLOR_POSITIVE_TEXT]평원의 기마병[ENDCOLOR][NEWLINE]유닛 6개를 비용 없이 유지할 수 있습니다. 코만치 기마병 (선교사들을 방어할 수 있는 강력한 기마병) 6개를 즉시 받습니다. [ICON_CAPITAL]수도로부터 8 [ICON_PEACE]신앙을 획득합니다.</Text>
        </Row>
        <Row Tag="TXT_KEY_POLICY_HORSEMEN_OF_THE_PLAINS_TEXT">
            <Text>콜럼버스가 1493년에 두 번째 항해를 떠나 서인도제도에 말을 수출하기 전까지, 아메리카에는 말이 살고 있지 않았다. 정복자들이 남기고 간 가축들로부터 탄생한 다양한 변종마들이 삽시간에 북미의 평원을 휩쓸었고, 초창기의 유목민들은 말을 사회와 문화적인 중심으로 삼았다.</Text>
        </Row>
        <Row Tag="TXT_KEY_POLICY_MERCHANT_CONFEDERACY_NWS_HELP">
            <Text>[COLOR_POSITIVE_TEXT]상인 연합[ENDCOLOR][NEWLINE]도시 국가와 연결된 교역로의 [ICON_GOLD]골드가 2 증가합니다. 교역로가 연결된 도시 국가의 [ICON_INFLUENCE]영향력이 턴당 4 증가합니다.(표준 속도 기준)</Text>
        </Row>
        <Row Tag="TXT_KEY_POLICY_OVERSEAS_EMPIRE">
            <Text>해외 제국</Text>
        </Row>
        <Row Tag="TXT_KEY_POLICY_OVERSEAS_EMPIRE_HELP">
            <Text>[COLOR_POSITIVE_TEXT]해외 제국[ENDCOLOR][NEWLINE]위대한 제독. 모든 위대한 제독의 [ICON_MOVES]이동력이 2, 시야가 1 증가합니다. 위대한 제독들이 50% 더 빨리 출현합니다. 해상 유닛의 [ICON_MOVES]이동력이 2 증가합니다. 새로 만든 도시는 [ICON_CITIZEN]인구 3명을 더 받고 시작합니다.</Text>
        </Row>
        <Row Tag="TXT_KEY_POLICY_OVERSEAS_EMPIRE_TEXT">
            <Text>해외 자산을 갈구하는 이유는 여러 가지가 있었다. 경제적 성장률의 한계, 종교적 열정, 인구과잉, 문화 침체, 깨지지 않는 군사적 균형, 기타 등등의 요인으로 인해 유럽 열강은 식민지 제국을 세우고자 했다. 이미 동양부터 아프리카까지 전 세계에 세력을 뻗친 유럽 군주들은 아메리카를 식민지 제국을 확장시킬 수 있는 무한한 기회의 땅으로 여겼다.</Text>
        </Row>
        <Row Tag="TXT_KEY_POLICY_PORTS_OF_CALL">
            <Text>호출의 항구</Text>
        </Row>
        <Row Tag="TXT_KEY_POLICY_PORTS_OF_CALL_HELP">
            <Text>[COLOR_POSITIVE_TEXT]호출의 항구[ENDCOLOR][NEWLINE]모든 도시에 항만을 제공하고, 모든 해안 도시에 [ICON_GOLD]골드를 2 제공합니다.</Text>
        </Row>
        <Row Tag="TXT_KEY_POLICY_PORTS_OF_CALL_TEXT">
            <Text>호출의 항구는 교역로상의 중간 휴식지로, 배들은 이곳에서 식량과 물을 채우고 화물과 승객을 옮길 수 있었다. 카리브해의 산 후안과 산토 도밍고, 북아메리카의 세인트 어거스틴과 필라델피아, 리우 데 자네이루와 부에노스 아이레스 같은 식민지 항구는 유럽인들이 신세계를 개척하는 데 있어 지대한 역할을 했다.</Text>
        </Row>
        <Row Tag="TXT_KEY_POLICY_PUKARA">
            <Text>푸카라</Text>
        </Row>
        <Row Tag="TXT_KEY_POLICY_PUKARA_HELP">
            <Text>[COLOR_POSITIVE_TEXT]푸카라[ENDCOLOR][NEWLINE]지역 [ICON_HAPPINESS_1]행복이 1 증가하고, [ICON_GOLD]골드가 1 증가하며, 성벽으로부터 [ICON_PEACE]신앙이 1 증가합니다.</Text>
        </Row>
        <Row Tag="TXT_KEY_POLICY_PUKARA_TEXT">
            <Text>방어 시설의 일종으로 보통 가파른 산비탈 위에 석재로 건설되며, 와리, 티와나쿠, 잉카 등 안데스 중심부의 부족 문화에서 흔히 볼 수 있다. 잉카는 이 방어 시설을 행정의 중심지로도 이용했는데, '붉은 요새'라는 뜻의 푸카 푸카라는 쿠스코로 향하는 길을 방어했다.</Text>
        </Row>
        <Row Tag="TXT_KEY_POLICY_PYRAMID_OF_THE_GODS">
            <Text>신들의 피라미드</Text>
        </Row>
        <Row Tag="TXT_KEY_POLICY_PYRAMID_OF_THE_GODS_HELP">
            <Text>[COLOR_POSITIVE_TEXT]신들의 피라미드[ENDCOLOR][NEWLINE]세계 불가사의 하나당 [ICON_PEACE]신앙이 6 증가합니다.</Text>
        </Row>
        <Row Tag="TXT_KEY_POLICY_PYRAMID_OF_THE_GODS_TEXT">
            <Text>메소아메리카 문명의 피라미드는 일반적인 피라미드보다는 메소포타미아 문명의 신전과 더 흡사하게 생겼으며, 올메크, 아즈텍, 마야, 사포테크, 타라스칸 등등의 사회에서 가장 종교적인 건축 형태로 득세했다. 정교한 문양의 조각, 양각, 벽화, 모자이크가 새겨지기도 했으며, 그중에서 가장 거대한 촐룰라의 거대한 피라미드는 신권 정치의 힘을 상징했다.</Text>
        </Row>
        <Row Tag="TXT_KEY_POLICY_RANSOM">
            <Text>몸값</Text>
        </Row>
        <Row Tag="TXT_KEY_POLICY_RANSOM_HELP">
            <Text>[COLOR_POSITIVE_TEXT]몸값[ENDCOLOR][NEWLINE]적을 처치할 때마다 [ICON_GOLD]골드를 획득합니다.</Text>
        </Row>
        <Row Tag="TXT_KEY_POLICY_RANSOM_TEXT">
            <Text>유럽의 탐험가들은 고대의 전통을 따라 원시 부족의 우두머리를 포로로 붙잡고, 왕의 이름으로 몸값으로 요구했다. 예를 들어프란시스코 피사로는 1532년에 잉카 제국의 왕자인 아타왈파를 석방하는 조건으로 지금의 20억 달러에 준하는 몸값을 받았다(하지만 피사로는 약속을 지키지 않고 왕자를 처단했다).</Text>
        </Row>
        <Row Tag="TXT_KEY_POLICY_SACRED_LAND">
            <Text>신성한 땅</Text>
        </Row>
        <Row Tag="TXT_KEY_POLICY_SACRED_LAND_HELP">
            <Text>[COLOR_POSITIVE_TEXT]신성한 땅[ENDCOLOR][NEWLINE]부 종교를 창설하면 종교 개혁 보너스를 받습니다.</Text>
        </Row>
        <Row Tag="TXT_KEY_POLICY_SACRED_LAND_TEXT">
            <Text>많은 아메리카 원주민의 종교들은 애니미즘을 기반으로 했다. 영혼의 본질은 동물, 식물, 기상 현상, 특정 장소 등의 자연 현상으로 나타난다고 믿었다. 하우데노사우니(이로쿼이)부터 라코타 수에 이르는 많은 부족은 부족의 규율과 신앙을 지키기 위해 코호스 폭포, 블랙 힐즈, 샤스타 산 등의 신성한 땅을 보호했다.</Text>
        </Row>
        <Row Tag="TXT_KEY_POLICY_TEMPLE_OF_THE_GODS">
            <Text>신들의 사원</Text>
        </Row>
        <Row Tag="TXT_KEY_POLICY_TEMPLE_OF_THE_GODS_HELP">
            <Text>[COLOR_POSITIVE_TEXT]신들의 사원[ENDCOLOR][NEWLINE]사원의 건설 시간이 반으로 줄어듭니다. 사원은 도시의 [ICON_GOLD]골드 산출량을 25% 증가시킵니다.</Text>
        </Row>
        <Row Tag="TXT_KEY_POLICY_TEMPLE_OF_THE_GODS_TEXT">
            <Text>많은 초기 메소아메리카 왕국은 애니미즘의 신권 정치 체제를 유지했고, '국가적' 신전은 도시의 왕궁만큼이나 중요했다. 이중 가장 오래된 것은 선고전기 시대(기원전 1800년~기원후 200년)에 세워진 '신들의 사원'으로, 많은 피라미드가 재규어나 뱀의 신을 본떠 만들어졌다.</Text>
        </Row>
        <Row Tag="TXT_KEY_POLICY_UNIFIED_NATION">
            <Text>통합 국가</Text>
        </Row>
        <Row Tag="TXT_KEY_POLICY_UNIFIED_NATION_HELP">
            <Text>[COLOR_POSITIVE_TEXT]통합 국가[ENDCOLOR][NEWLINE]모든 국가 불가사의 하나당 지역 [ICON_HAPPINESS_1]행복과 [ICON_PEACE]신앙이 1 증가합니다.</Text>
        </Row>
        <Row Tag="TXT_KEY_POLICY_UNIFIED_NATION_TEXT">
            <Text>공통의 문화 혹은 언어적 혈통을 갖춘 여러 부족은 오네이다, 체로키, 나바호처럼 단일 '국가'로 결합했다. 일부 원주민 우두머리는 새롭게 나타난 유럽인들이 위험성을 알아챘고, 장기적인 적의 등장은 통합을 유도하는 자극제 역할을 했다.</Text>
        </Row>
        <Row Tag="TXT_KEY_PROMOTION_ENEMY_BLADE">
            <Text>사기꾼의 무기</Text>
        </Row>
        <Row Tag="TXT_KEY_PROMOTION_FAST_ADMIRAL_NWS_HELP">
            <Text>[ICON_MOVES]이동력이 2, 시야가 1 증가합니다.</Text>
        </Row>
        <Row Tag="TXT_KEY_PROMOTION_NAVAL_TRADITION_NWS_HELP">
            <Text>[ICON_MOVES]이동력이 2 증가합니다.</Text>
        </Row>
        <Row Tag="TXT_KEY_PROMOTION_NEWWORLD_SCENARIO_EMBARKATION_HELP">
            <Text>[COLOR_POSITIVE_TEXT]물 타일[ENDCOLOR]에 승선할 수 있습니다. (항해 학교가 세워지지 않았을 경우) 이 유닛은 중립 또는 적 물 타일에서 움직일 때마다 10% 확률로 10만큼의 [COLOR_NEGATIVE_TEXT]괴혈병[ENDCOLOR] 피해를 받습니다.</Text>
        </Row>
        <Row Tag="TXT_KEY_PROMOTION_NEWWORLD_SCENARIO_NATIVE_TONGUE_HELP">
            <Text>자연 경관을 발견하면 [ICON_PEACE]신앙을 받습니다. 처음으로 발견할 경우 보너스가 증가하지만, 이 승급을 가진 유닛 중 하나가 이미 발견한 경우에는 보너스가 없습니다.</Text>
        </Row>
        <Row Tag="TXT_KEY_PROMOTION_NEWWORLD_SCENARIO_SELL_EXOTIC_GOODS_HELP">
            <Text>중국에 도달하여 [ICON_GOLD]골드를 받습니다. 대신 유닛은 사라집니다.</Text>
        </Row>
        <Row Tag="TXT_KEY_PROMOTION_NEWWORLD_SCENARIO_STATUE_ZEUS">
            <Text>도시 강탈</Text>
        </Row>
        <Row Tag="TXT_KEY_PROMOTION_NEWWORLD_SCENARIO_STATUE_ZEUS_HELP">
            <Text>도시 공격 시 [ICON_STRENGTH]전투력이 33% 증가합니다.</Text>
        </Row>
        <Row Tag="TXT_KEY_PROMOTION_OBSIDIAN_TIP">
            <Text>흑요석 날</Text>
        </Row>
        <Row Tag="TXT_KEY_PROMOTION_SCURVY">
            <Text>괴혈병</Text>
        </Row>
        <Row Tag="TXT_KEY_PROMOTION_SCURVY_HELP">
            <Text>우호 지역 밖에서 턴을 끝낼 경우 66% 확률로 10만큼의 피해를 받습니다.</Text>
        </Row>
        <Row Tag="TXT_KEY_PROMOTION_SMALLPOX">
            <Text>천연두</Text>
        </Row>
        <Row Tag="TXT_KEY_PROMOTION_SMALLPOX10_HELP">
            <Text>[ICON_STRENGTH]전투력이 10% 증가합니다(왕자를 기점으로 난이도에 따라 5%씩 증가 혹은 하락).</Text>
        </Row>
        <Row Tag="TXT_KEY_PROMOTION_SMALLPOX15_HELP">
            <Text>[ICON_STRENGTH]전투력이 15% 증가합니다(왕자를 기점으로 난이도에 따라 5%씩 증가 혹은 하락).</Text>
        </Row>
        <Row Tag="TXT_KEY_PROMOTION_SMALLPOX20_HELP">
            <Text>[ICON_STRENGTH]전투력이 20% 증가합니다(왕자를 기점으로 난이도에 따라 5%씩 증가 혹은 하락).</Text>
        </Row>
        <Row Tag="TXT_KEY_PROMOTION_SMALLPOX5_HELP">
            <Text>[ICON_STRENGTH]전투력이 5% 증가합니다(왕자를 기점으로 난이도에 따라 5%씩 증가 혹은 하락).</Text>
        </Row>
        <Row Tag="TXT_KEY_SHOSHONE_NATURAL_WONDER_FOUNDFIRST">
            <Text>자연 경관을 최초로 발견하여 [ICON_PEACE]신앙을 {1_FaithPoints}만큼 얻었습니다.</Text>
        </Row>
        <Row Tag="TXT_KEY_SHOSHONE_NATURAL_WONDER_FOUNDLATER">
            <Text>길잡이가 다른 사람보다 늦게 자연 경관을 발견해 [ICON_PEACE]신앙을 {1_FaithPoints}만큼 얻었습니다.</Text>
        </Row>
        <Row Tag="TXT_KEY_SPECIFIC_DIPLO_STRING_1">
            <Text>[COLOR_NEGATIVE_TEXT]이 땅은 제 것입니다.[ENDCOLOR]</Text>
        </Row>
        <Row Tag="TXT_KEY_TRAIT_FAITH_FROM_KILLS">
            <Text>적을 처치할 때마다 [ICON_PEACE]신앙을 획득합니다.</Text>
        </Row>
    </Language_KO_KR>
</GameData>