﻿<?xml version="1.0" encoding="utf-8"?>
<!--Generated with LocalizationBuddy.-->
<!--Copyright Firaxis Games 2010-->
<!--All Rights Reserved-->
<GameData>
  <Language_KO_KR>
    <Row Tag="TXT_KEY_NEWWORLD_SCENARIO_LEADER_PACAL_AGREE_SHORT_1">
      <Text>좋소.</Text>
    </Row>
    <Row Tag="TXT_KEY_NEWWORLD_SCENARIO_LEADER_PACAL_AGREE_SHORT_2">
      <Text>안될 것 없지.</Text>
    </Row>
    <Row Tag="TXT_KEY_NEWWORLD_SCENARIO_LEADER_PACAL_AGREE_SHORT_3">
      <Text>물론이오.</Text>
    </Row>
    <Row Tag="TXT_KEY_NEWWORLD_SCENARIO_LEADER_PACAL_AGREE_SHORT_4">
      <Text>꼭 그래야 한다면 그렇게 합시다.</Text>
    </Row>
    <Row Tag="TXT_KEY_NEWWORLD_SCENARIO_LEADER_PACAL_ATTACKED_1">
      <Text>그래! 너는 다른 문명과는 다른 제물을 바쳐야 해! 네 문명 전체를 제물로 바치면 신들이 눈물을 멈추시겠지!</Text>
    </Row>
    <Row Tag="TXT_KEY_NEWWORLD_SCENARIO_LEADER_PACAL_ATTACKED_2">
      <Text>이런 가식과 속임수 따위는 이제 아무 의미가 없잖아? 다 집어치워.</Text>
    </Row>
    <Row Tag="TXT_KEY_NEWWORLD_SCENARIO_LEADER_PACAL_ATTACKED_3">
      <Text>말세다. 느낄 수 있어. 이건 시작일 뿐이야. 네가 세상의 종말을 부른 거야.</Text>
    </Row>
    <Row Tag="TXT_KEY_NEWWORLD_SCENARIO_LEADER_PACAL_ATTACKED_4">
      <Text>종말을 앞당기고 싶은 것이냐? 좋다. 어차피 끝날 세상, 다 부숴주마.</Text>
    </Row>
    <Row Tag="TXT_KEY_NEWWORLD_SCENARIO_LEADER_PACAL_DECLAREWAR_1">
      <Text>살아서 장기력의 끝을 볼 사람은 오직 한 명이다. 네놈처럼 어리석은 불신론자는 당연히 아니지! 이 세상에서 사라질 준비를 하거라.</Text>
    </Row>
    <Row Tag="TXT_KEY_NEWWORLD_SCENARIO_LEADER_PACAL_DECLAREWAR_2">
      <Text>남은 희망은 하나뿐이야. 내가 널 무찌른다면 인간이 신앙심을 회복해 신의 분노를 피할지도 모른다.</Text>
    </Row>
    <Row Tag="TXT_KEY_NEWWORLD_SCENARIO_LEADER_PACAL_DECLAREWAR_3">
      <Text>그래! 너는 다른 문명과는 다른 제물을 바쳐야 해! 네 문명 전체를 제물로 바치면 신들이 눈물을 멈추시겠지!</Text>
    </Row>
    <Row Tag="TXT_KEY_NEWWORLD_SCENARIO_LEADER_PACAL_DEFEATED_1">
      <Text>모든 게 끝이다! 저 하늘에서 떨어지는 별들의 슬픔을 느낄 수 있어! 넌 나 대신 썩어 없어질 이 세상을 지켜보도록 저주받았다.</Text>
    </Row>
    <Row Tag="TXT_KEY_NEWWORLD_SCENARIO_LEADER_PACAL_DEFEATED_2">
      <Text>하찮은 네 문명을 지금 실컷 즐기려무나... 이젠 이 세상 그 무엇도 종말을 막을 수 없어. 올빼미! 올빼미 소리가 들리는구나!</Text>
    </Row>
    <Row Tag="TXT_KEY_NEWWORLD_SCENARIO_LEADER_PACAL_DEFEATED_3">
      <Text>하늘에서 큰비가 내려 온 세상이 물에 잠기면 네놈 역시 물살에 쓸려 사라질 것이다. 나는 이제 그 종말을 보지 않아도 되니 네게 감사해야 할지도 모르겠군.</Text>
    </Row>
    <Row Tag="TXT_KEY_NEWWORLD_SCENARIO_LEADER_PACAL_DEFEATED_4">
      <Text>내게 이겨 세상의 종말을 막았다는 착각은 하지 마라. 이 재앙은 이미 오래전에 신이 정하신 것이다. 오직 신만이 세상의 미래를 결정하신다.</Text>
    </Row>
    <Row Tag="TXT_KEY_NEWWORLD_SCENARIO_LEADER_PACAL_DEMANDTRIBUTE_ANGRY">
      <Text>내 요구를 거부하는 자에게는 재난과 파멸만이 있을 뿐이다! 종말이 가까워졌어. 이제 난 정성 들여 제물을 준비해야 해.</Text>
    </Row>
    <Row Tag="TXT_KEY_NEWWORLD_SCENARIO_LEADER_PACAL_DEMANDTRIBUTE_HAPPY">
      <Text>하늘에서 피를 요구하고 있어! 제발 날 도와주게나. 제물을 바치지 못하면 키신과 악마들이 우릴 쫓아 올 거야.
</Text>
    </Row>
    <Row Tag="TXT_KEY_NEWWORLD_SCENARIO_LEADER_PACAL_DEMANDTRIBUTE_NEUTRAL">
      <Text>조상님들이 신에게 바칠 공물이 더 필요하다고 하시는군. 내게 이걸 주게. 그래야 우리 둘 다 제명에 죽을 수 있어.</Text>
    </Row>
    <Row Tag="TXT_KEY_NEWWORLD_SCENARIO_LEADER_PACAL_DISAGREE_SHORT_1">
      <Text>거절하겠어요.</Text>
    </Row>
    <Row Tag="TXT_KEY_NEWWORLD_SCENARIO_LEADER_PACAL_DISAGREE_SHORT_2">
      <Text>아니 난 그렇게 생각하지 않아.</Text>
    </Row>
    <Row Tag="TXT_KEY_NEWWORLD_SCENARIO_LEADER_PACAL_DISAGREE_SHORT_3">
      <Text>아니 그걸로는 안되.</Text>
    </Row>
    <Row Tag="TXT_KEY_NEWWORLD_SCENARIO_LEADER_PACAL_DISAGREE_SHORT_4">
      <Text>거절하겠습니다.</Text>
    </Row>
    <Row Tag="TXT_KEY_NEWWORLD_SCENARIO_LEADER_PACAL_DISAGREE_SHORT_5">
      <Text>뭐라고 했소?</Text>
    </Row>
    <Row Tag="TXT_KEY_NEWWORLD_SCENARIO_LEADER_PACAL_DISAGREE_SHORT_6">
      <Text>받아들일 수 없소.</Text>
    </Row>
    <Row Tag="TXT_KEY_NEWWORLD_SCENARIO_LEADER_PACAL_DISAGREE_SHORT_7">
      <Text>농담이 지나치오.</Text>
    </Row>
    <Row Tag="TXT_KEY_NEWWORLD_SCENARIO_LEADER_PACAL_FIRSTGREETING_1">
      <Text>반갑소, 방랑자. 난 파칼이라고 하지. 신들의 전갈을 가지고 왔나? 나를 감시하는 그들의 차가운 숨결을 느낄 수 있어.</Text>
    </Row>
    <Row Tag="TXT_KEY_NEWWORLD_SCENARIO_LEADER_PACAL_FIRSTGREETING_2">
      <Text>어서 오게나. 처음 보는군. 나는 파칼 대왕이다. 뭐, 다시 볼 일이 없으니 인사도 필요 없겠군.</Text>
    </Row>
    <Row Tag="TXT_KEY_NEWWORLD_SCENARIO_LEADER_PACAL_FIRSTGREETING_3">
      <Text>내게 암울하고 절망스러운 소식을 전하러 왔느냐? 요기라도 내주고 싶지만, 종말을 준비하느라 바빠서 말이지.</Text>
    </Row>
    <Row Tag="TXT_KEY_NEWWORLD_SCENARIO_LEADER_PACAL_GOODBYE_1">
      <Text>다시 만날 일은 없겠지.</Text>
    </Row>
    <Row Tag="TXT_KEY_NEWWORLD_SCENARIO_LEADER_PACAL_GOODBYE_2">
      <Text>잘 가시오.</Text>
    </Row>
    <Row Tag="TXT_KEY_NEWWORLD_SCENARIO_LEADER_PACAL_GOODBYE_3">
      <Text>어쩌면 이것이 마지막일지도 모르겠군. 잘 가게.</Text>
    </Row>
    <Row Tag="TXT_KEY_NEWWORLD_SCENARIO_LEADER_PACAL_GOODBYE_4">
      <Text>잘 가시오.</Text>
    </Row>
    <Row Tag="TXT_KEY_NEWWORLD_SCENARIO_LEADER_PACAL_GOODBYE_5">
      <Text>이상이오.</Text>
    </Row>
    <Row Tag="TXT_KEY_NEWWORLD_SCENARIO_LEADER_PACAL_GOODBYE_6">
      <Text>이제 사라지시오.</Text>
    </Row>
    <Row Tag="TXT_KEY_NEWWORLD_SCENARIO_LEADER_PACAL_GREETING_1">
      <Text>안녕하신가?</Text>
    </Row>
    <Row Tag="TXT_KEY_NEWWORLD_SCENARIO_LEADER_PACAL_GREETING_2">
      <Text>반갑소.</Text>
    </Row>
    <Row Tag="TXT_KEY_NEWWORLD_SCENARIO_LEADER_PACAL_GREETING_3">
      <Text>세상의 종말이 오거든 나와 함께 죽지 않겠어?</Text>
    </Row>
    <Row Tag="TXT_KEY_NEWWORLD_SCENARIO_LEADER_PACAL_GREETING_4">
      <Text>다시 만났군.</Text>
    </Row>
    <Row Tag="TXT_KEY_NEWWORLD_SCENARIO_LEADER_PACAL_GREETING_5">
      <Text>오, 당신이군.</Text>
    </Row>
    <Row Tag="TXT_KEY_NEWWORLD_SCENARIO_LEADER_PACAL_GREETING_6">
      <Text>원하는 게 뭐요?</Text>
    </Row>
    <Row Tag="TXT_KEY_NEWWORLD_SCENARIO_LEADER_PACAL_LETSHEARIT_1">
      <Text>어디, 들어봅시다.</Text>
    </Row>
    <Row Tag="TXT_KEY_NEWWORLD_SCENARIO_LEADER_PACAL_LETSHEARIT_2">
      <Text>별 상관은 없지만 얘기해봐.</Text>
    </Row>
    <Row Tag="TXT_KEY_NEWWORLD_SCENARIO_LEADER_PACAL_LETSHEARIT_3">
      <Text>계속하시오.</Text>
    </Row>
    <Row Tag="TXT_KEY_NEWWORLD_SCENARIO_LEADER_PACAL_LETSHEARIT_4">
      <Text>듣고 있소.</Text>
    </Row>
    <Row Tag="TXT_KEY_NEWWORLD_SCENARIO_LEADER_PACAL_LETSHEARIT_5">
      <Text>그래서 어쩌자는 거요?</Text>
    </Row>
    <Row Tag="TXT_KEY_NEWWORLD_SCENARIO_LEADER_PACAL_LOSEWAR_1">
      <Text>가져가고 싶은 건 가져가. 이제 다 소용없어. 종말이 왔는데도 깨닫지 못하는가?</Text>
    </Row>
    <Row Tag="TXT_KEY_NEWWORLD_SCENARIO_LEADER_PACAL_LOSEWAR_2">
      <Text>하하. 어리석군! 즐길 수 있을 때 전리품을 즐기라고. 대지가 갈라지면 네 금은보화가 너를 땅속으로 끌고 들어갈 거야.</Text>
    </Row>
    <Row Tag="TXT_KEY_NEWWORLD_SCENARIO_LEADER_PACAL_TRADE_NEEDMORE_ANGRY_1">
      <Text>내가 바칠 다음 제물이 되기 싫으면 다시 잘 생각해봐.</Text>
    </Row>
    <Row Tag="TXT_KEY_NEWWORLD_SCENARIO_LEADER_PACAL_TRADE_NEEDMORE_ANGRY_2">
      <Text>그걸로는 충분치 않아요.</Text>
    </Row>
    <Row Tag="TXT_KEY_NEWWORLD_SCENARIO_LEADER_PACAL_TRADE_NEEDMORE_ANGRY_3">
      <Text>더 나은 제안을 하시오.</Text>
    </Row>
    <Row Tag="TXT_KEY_NEWWORLD_SCENARIO_LEADER_PACAL_TRADE_NEEDMORE_ANGRY_4">
      <Text>조금 더 노력해봐, 이 천한 것...</Text>
    </Row>
    <Row Tag="TXT_KEY_NEWWORLD_SCENARIO_LEADER_PACAL_TRADE_NEEDMORE_HAPPY_1">
      <Text>아무리 세상이 끝나더라도 체면은 있다고. 더 나은 제안을 해봐.</Text>
    </Row>
    <Row Tag="TXT_KEY_NEWWORLD_SCENARIO_LEADER_PACAL_TRADE_NEEDMORE_HAPPY_2">
      <Text>그게 최선이오?</Text>
    </Row>
    <Row Tag="TXT_KEY_NEWWORLD_SCENARIO_LEADER_PACAL_TRADE_NEEDMORE_HAPPY_3">
      <Text>조금만 더 써보시오.</Text>
    </Row>
    <Row Tag="TXT_KEY_NEWWORLD_SCENARIO_LEADER_PACAL_TRADE_NEEDMORE_NEUTRAL_1">
      <Text>종말이 얼마 남지 않았는데 도대체 왜 날 속이려 드는 것이냐?</Text>
    </Row>
    <Row Tag="TXT_KEY_NEWWORLD_SCENARIO_LEADER_PACAL_TRADE_NEEDMORE_NEUTRAL_2">
      <Text>더 괜찮은 제안을 할 수는 없소?</Text>
    </Row>
    <Row Tag="TXT_KEY_NEWWORLD_SCENARIO_LEADER_PACAL_TRADE_NEEDMORE_NEUTRAL_3">
      <Text>받아들이기에는 무리가 있는 제안입니다.</Text>
    </Row>
    <Row Tag="TXT_KEY_NEWWORLD_SCENARIO_LEADER_PACAL_TRADE_NEEDMORE_NEUTRAL_4">
      <Text>조금만 더 써보시지요.</Text>
    </Row>
    <Row Tag="TXT_KEY_NEWWORLD_SCENARIO_LEADER_PACAL_TRADE_NO_ANGRY">
      <Text>선조의 재앙이 네놈에게 내릴 것이야! 너의 그 무례함이 신들을 진노케 하였다. 사라져!</Text>
    </Row>
    <Row Tag="TXT_KEY_NEWWORLD_SCENARIO_LEADER_PACAL_TRADE_NO_HAPPY">
      <Text>고맙지만 사양하겠어요.</Text>
    </Row>
    <Row Tag="TXT_KEY_NEWWORLD_SCENARIO_LEADER_PACAL_TRADE_NO_NEUTRAL">
      <Text>이거론 안되.</Text>
    </Row>
    <Row Tag="TXT_KEY_NEWWORLD_SCENARIO_LEADER_PACAL_TRADE_YES_ANGRY">
      <Text>좋아. 어차피 상관없으니 아무래도 좋아.</Text>
    </Row>
    <Row Tag="TXT_KEY_NEWWORLD_SCENARIO_LEADER_PACAL_TRADE_YES_HAPPY">
      <Text>동의하오.</Text>
    </Row>
    <Row Tag="TXT_KEY_NEWWORLD_SCENARIO_LEADER_PACAL_TRADE_YES_NEUTRAL">
      <Text>좋습니다.</Text>
    </Row>
    <Row Tag="TXT_KEY_NEWWORLD_SCENARIO_LEADER_PACAL_TRADEREQUEST_ANGRY">
      <Text>신성한 재단에 네놈의 피를 뿌리는 것 말고는 바라는 게 없지만 공손하게 물어봐 주마. 딱 한번만이야.</Text>
    </Row>
    <Row Tag="TXT_KEY_NEWWORLD_SCENARIO_LEADER_PACAL_TRADEREQUEST_HAPPY">
      <Text>어쩌면 인류를 구원할 방법을 찾은 건지 모르겠어! 어서 내 제안을 받아들여!</Text>
    </Row>
    <Row Tag="TXT_KEY_NEWWORLD_SCENARIO_LEADER_PACAL_TRADEREQUEST_NEUTRAL">
      <Text>내 제안을 받아들이지 않으면 신들의 분노가 너에게 떨어질 거야.</Text>
    </Row>
    <Row Tag="TXT_KEY_NEWWORLD_SCENARIO_LEADER_PACAL_TRIBUTE_NO_ANGRY">
      <Text>곧 모든 게 사라질 마당이지만 순전히 화풀이하는 차원에서 네 요구를 거절하겠어.</Text>
    </Row>
    <Row Tag="TXT_KEY_NEWWORLD_SCENARIO_LEADER_PACAL_TRIBUTE_NO_HAPPY">
      <Text>왜 파칼의 물건을 훔치려 드는 것이냐? 세상이 먼지로 변할 때까지 그렇게 할 일이 없느냐?
</Text>
    </Row>
    <Row Tag="TXT_KEY_NEWWORLD_SCENARIO_LEADER_PACAL_TRIBUTE_NO_NEUTRAL">
      <Text>이 무슨 허무맹랑한 소리냐? 시간이 남거든 가서 신에게 제물이나 바칠 일이지.</Text>
    </Row>
    <Row Tag="TXT_KEY_NEWWORLD_SCENARIO_LEADER_PACAL_TRIBUTE_YES_ANGRY">
      <Text>그래. 두 팔 벌려 파멸을 맞이하라고. 신들이 네놈의 탐욕을 비웃으시는구나!</Text>
    </Row>
    <Row Tag="TXT_KEY_NEWWORLD_SCENARIO_LEADER_PACAL_TRIBUTE_YES_HAPPY">
      <Text>음? 그래! 이렇게 관대한 선물을 한다면 신들이 날 다시 사랑하게 될 거야! 원하는 걸 가져가라!</Text>
    </Row>
    <Row Tag="TXT_KEY_NEWWORLD_SCENARIO_LEADER_PACAL_TRIBUTE_YES_NEUTRAL">
      <Text>좋아 가져가. 장기력이 끝나면 별 도움이 되지는 않겠지만 말이야.</Text>
    </Row>
    <Row Tag="TXT_KEY_NEWWORLD_SCENARIO_LEADER_PACAL_WARBLUFF_1">
      <Text>파멸을 자초하는구나!
</Text>
    </Row>
    <Row Tag="TXT_KEY_NEWWORLD_SCENARIO_LEADER_PACAL_WARBLUFF_2">
      <Text>이렇게 실망스러울 수가 있다니...</Text>
    </Row>
    <Row Tag="TXT_KEY_NEWWORLD_SCENARIO_LEADER_PACAL_WARBLUFF_3">
      <Text>네가 죽음의 신을 진노케 하였구나. 그가 깨어났어!</Text>
    </Row>
    <Row Tag="TXT_KEY_NEWWORLD_SCENARIO_LEADER_PACAL_WARBLUFF_4">
      <Text>기다려봐. 다음엔 죽음의 부엉이가 네게 올 것이야.</Text>
    </Row>
    <Row Tag="TXT_KEY_NEWWORLD_SCENARIO_LEADER_PACAL_WARBLUFF_5">
      <Text>시간 낭비일 줄은 알았지만…</Text>
    </Row>
    <Row Tag="TXT_KEY_NEWWORLD_SCENARIO_LEADER_PACAL_WINWAR_1">
      <Text>그래! 신이 날 총애하신다! 세상의 종말까지만이라도 최고의 권력을 누릴 것이다!</Text>
    </Row>
    <Row Tag="TXT_KEY_NEWWORLD_SCENARIO_LEADER_PACAL_WINWAR_2">
      <Text>이봐. 대홍수가 닥쳤는데 이건 별 의미가 없다고 내가 말했잖아. 제물이 모두 쓸모없어졌어.</Text>
    </Row>
  </Language_KO_KR>
</GameData>