﻿<?xml version="1.0" encoding="utf-8"?>
<!--Generated with LocalizationBuddy.-->
<!--Copyright Firaxis Games 2010-->
<!--All Rights Reserved-->
<GameData>
    <Language_KO_KR>
        <Row Tag="TXT_KEY_CIV5_NEWWORLD_SCENARIO_COMANCHE_RIDERS">
            <Text>코만치 기마병</Text>
        </Row>
        <Row Tag="TXT_KEY_NEWWORLD_SCENARIO_ADMIRAL_BLAUVELT">
            <Text>에이브러햄 블로벨트</Text>
            <Plurality>2</Plurality>
        </Row>
        <Row Tag="TXT_KEY_NEWWORLD_SCENARIO_ADMIRAL_BLOCK">
            <Text>에이드리앤 블록</Text>
        </Row>
        <Row Tag="TXT_KEY_NEWWORLD_SCENARIO_ADMIRAL_CABRILLO">
            <Text>후안 카브리요</Text>
            <Plurality>2</Plurality>
        </Row>
        <Row Tag="TXT_KEY_NEWWORLD_SCENARIO_ADMIRAL_COELHO">
            <Text>공칼루 코엘류</Text>
            <Plurality>2</Plurality>
        </Row>
        <Row Tag="TXT_KEY_NEWWORLD_SCENARIO_ADMIRAL_CORTE_REAL">
            <Text>미겔 코르테 레알</Text>
        </Row>
        <Row Tag="TXT_KEY_NEWWORLD_SCENARIO_ADMIRAL_DE_WEERT">
            <Text>세발다 데 웨르트</Text>
            <Plurality>2</Plurality>
        </Row>
        <Row Tag="TXT_KEY_NEWWORLD_SCENARIO_ADMIRAL_LAVRADOR">
            <Text>주앙 라르바도르</Text>
            <Plurality>2</Plurality>
        </Row>
        <Row Tag="TXT_KEY_NEWWORLD_SCENARIO_ADMIRAL_LE_MARIE">
            <Text>야코프 레 마이레</Text>
            <Plurality>2</Plurality>
        </Row>
        <Row Tag="TXT_KEY_NEWWORLD_SCENARIO_ADMIRAL_MARTINS">
            <Text>알바로 마르틴스</Text>
            <Plurality>2</Plurality>
        </Row>
        <Row Tag="TXT_KEY_NEWWORLD_SCENARIO_ADMIRAL_VAN_RYEN">
            <Text>얀 반 라이엔</Text>
        </Row>
        <Row Tag="TXT_KEY_NEWWORLD_SCENARIO_CARAVEL_CARTIER">
            <Text>까르티에</Text>
            <Plurality>2</Plurality>
        </Row>
        <Row Tag="TXT_KEY_NEWWORLD_SCENARIO_CARAVEL_CHAMPLAIN">
            <Text>샹플랭</Text>
        </Row>
        <Row Tag="TXT_KEY_NEWWORLD_SCENARIO_CARAVEL_CHANCELLOR">
            <Text>챈슬러</Text>
            <Plurality>2</Plurality>
        </Row>
        <Row Tag="TXT_KEY_NEWWORLD_SCENARIO_CARAVEL_DE_LEON">
            <Text>데 레온</Text>
        </Row>
        <Row Tag="TXT_KEY_NEWWORLD_SCENARIO_CARAVEL_DE_SOTO">
            <Text>데 소토</Text>
            <Plurality>2</Plurality>
        </Row>
        <Row Tag="TXT_KEY_NEWWORLD_SCENARIO_CARAVEL_DE_VACA">
            <Text>데 바카</Text>
            <Plurality>2</Plurality>
        </Row>
        <Row Tag="TXT_KEY_NEWWORLD_SCENARIO_CARAVEL_GRENVILLE">
            <Text>그렌빌</Text>
        </Row>
        <Row Tag="TXT_KEY_NEWWORLD_SCENARIO_CARAVEL_HUDSON">
            <Text>허드슨</Text>
        </Row>
        <Row Tag="TXT_KEY_NEWWORLD_SCENARIO_CARAVEL_MAGELLAN">
            <Text>마젤란</Text>
        </Row>
        <Row Tag="TXT_KEY_NEWWORLD_SCENARIO_CARAVEL_NARVAEZ">
            <Text>나르바에스</Text>
            <Plurality>2</Plurality>
        </Row>
        <Row Tag="TXT_KEY_NEWWORLD_SCENARIO_CARAVEL_ROBERVAL">
            <Text>로베르발</Text>
        </Row>
        <Row Tag="TXT_KEY_NEWWORLD_SCENARIO_CARAVEL_RUT">
            <Text>루트</Text>
            <Plurality>2</Plurality>
        </Row>
        <Row Tag="TXT_KEY_NEWWORLD_SCENARIO_CARAVEL_ULLOA">
            <Text>울로아</Text>
            <Plurality>2</Plurality>
        </Row>
        <Row Tag="TXT_KEY_NEWWORLD_SCENARIO_CARAVEL_VESPUCCI">
            <Text>베스푸치</Text>
            <Plurality>2</Plurality>
        </Row>
        <Row Tag="TXT_KEY_NEWWORLD_SCENARIO_CARAVEL_WILLOUGHBY">
            <Text>윌로비</Text>
            <Plurality>2</Plurality>
        </Row>
        <Row Tag="TXT_KEY_NEWWORLD_SCENARIO_CONQUISTADOR_BALBOA">
            <Text>발보아</Text>
            <Plurality>2</Plurality>
        </Row>
        <Row Tag="TXT_KEY_NEWWORLD_SCENARIO_CONQUISTADOR_CORDOVA">
            <Text>코르도바</Text>
            <Plurality>2</Plurality>
        </Row>
        <Row Tag="TXT_KEY_NEWWORLD_SCENARIO_CONQUISTADOR_CORONADO">
            <Text>코로나도</Text>
            <Plurality>2</Plurality>
        </Row>
        <Row Tag="TXT_KEY_NEWWORLD_SCENARIO_CONQUISTADOR_CORTES">
            <Text>코르테스</Text>
            <Plurality>2</Plurality>
        </Row>
        <Row Tag="TXT_KEY_NEWWORLD_SCENARIO_CONQUISTADOR_DEVEREUX">
            <Text>데베뢰</Text>
            <Plurality>2</Plurality>
        </Row>
        <Row Tag="TXT_KEY_NEWWORLD_SCENARIO_CONQUISTADOR_LAUDONNIERRE">
            <Text>로도니에르</Text>
            <Plurality>2</Plurality>
        </Row>
        <Row Tag="TXT_KEY_NEWWORLD_SCENARIO_CONQUISTADOR_MONTEJO">
            <Text>몬테호</Text>
            <Plurality>2</Plurality>
        </Row>
        <Row Tag="TXT_KEY_NEWWORLD_SCENARIO_CONQUISTADOR_MOUNTJOY">
            <Text>마운트조이</Text>
            <Plurality>2</Plurality>
        </Row>
        <Row Tag="TXT_KEY_NEWWORLD_SCENARIO_CONQUISTADOR_NORREYS">
            <Text>노리스</Text>
            <Plurality>2</Plurality>
        </Row>
        <Row Tag="TXT_KEY_NEWWORLD_SCENARIO_CONQUISTADOR_ORELLANA">
            <Text>오레야나</Text>
            <Plurality>2</Plurality>
        </Row>
        <Row Tag="TXT_KEY_NEWWORLD_SCENARIO_CONQUISTADOR_PIZARRO">
            <Text>피사로</Text>
            <Plurality>2</Plurality>
        </Row>
        <Row Tag="TXT_KEY_NEWWORLD_SCENARIO_CONQUISTADOR_RIBAULT">
            <Text>리볼트</Text>
            <Plurality>2</Plurality>
        </Row>
        <Row Tag="TXT_KEY_NEWWORLD_SCENARIO_CONQUISTADOR_SMITH">
            <Text>스미스</Text>
            <Plurality>2</Plurality>
        </Row>
        <Row Tag="TXT_KEY_NEWWORLD_SCENARIO_CONQUISTADOR_VILLEGAGNON">
            <Text>빌레가뇽</Text>
        </Row>
        <Row Tag="TXT_KEY_NEWWORLD_SCENARIO_CONQUISTADOR_WINTHROP">
            <Text>윈드롭</Text>
        </Row>
        <Row Tag="TXT_KEY_NEWWORLD_SCENARIO_FIRST_DUTCH_EXPLORER">
            <Text>올리비르 판 노르트</Text>
            <Plurality>2</Plurality>
        </Row>
        <Row Tag="TXT_KEY_NEWWORLD_SCENARIO_FIRST_PORTUGUESE_EXPLORER">
            <Text>페드로 카브랄</Text>
        </Row>
        <Row Tag="TXT_KEY_NEWWORLD_SCENARIO_PRIVATEER_CAVENDISH">
            <Text>카벤디시</Text>
            <Plurality>2</Plurality>
        </Row>
        <Row Tag="TXT_KEY_NEWWORLD_SCENARIO_PRIVATEER_DE_SORES">
            <Text>데 소레스</Text>
            <Plurality>2</Plurality>
        </Row>
        <Row Tag="TXT_KEY_NEWWORLD_SCENARIO_PRIVATEER_DRAKE">
            <Text>드레이크</Text>
            <Plurality>2</Plurality>
        </Row>
        <Row Tag="TXT_KEY_NEWWORLD_SCENARIO_PRIVATEER_FLEURY">
            <Text>플뢰리</Text>
            <Plurality>2</Plurality>
        </Row>
        <Row Tag="TXT_KEY_NEWWORLD_SCENARIO_PRIVATEER_FROBISHER">
            <Text>프로비셔</Text>
            <Plurality>2</Plurality>
        </Row>
        <Row Tag="TXT_KEY_NEWWORLD_SCENARIO_PRIVATEER_GILBERT">
            <Text>길버트</Text>
            <Plurality>2</Plurality>
        </Row>
        <Row Tag="TXT_KEY_NEWWORLD_SCENARIO_PRIVATEER_HAWKINS">
            <Text>호킨스</Text>
            <Plurality>2</Plurality>
        </Row>
        <Row Tag="TXT_KEY_NEWWORLD_SCENARIO_PRIVATEER_LE_CLERC">
            <Text>르 클레르</Text>
            <Plurality>2</Plurality>
        </Row>
        <Row Tag="TXT_KEY_NEWWORLD_SCENARIO_PRIVATEER_LE_TESTU">
            <Text>르 테스투</Text>
            <Plurality>2</Plurality>
        </Row>
        <Row Tag="TXT_KEY_NEWWORLD_SCENARIO_PRIVATEER_MENENDEZ">
            <Text>메넨데즈</Text>
            <Plurality>2</Plurality>
        </Row>
        <Row Tag="TXT_KEY_NEWWORLD_SCENARIO_PRIVATEER_RALEIGH">
            <Text>롤리</Text>
            <Plurality>2</Plurality>
        </Row>
        <Row Tag="TXT_KEY_NEWWORLD_SCENARIO_PRIVATEER_SANTA_CRUZ">
            <Text>산타 크루즈</Text>
            <Plurality>2</Plurality>
        </Row>
        <Row Tag="TXT_KEY_NEWWORLD_SCENARIO_UNIT_INCAN_SLINGER">
            <Text>투석병사</Text>
            <Plurality>2</Plurality>
        </Row>
        <Row Tag="TXT_KEY_NEWWORLD_SCENARIO_UNIT_MAYAN_ATLATLIST">
            <Text>아틀라틀 투척병</Text>
        </Row>
        <Row Tag="TXT_KEY_NEWWORLD_SCENARIO_UNIT_PRIVATEER">
            <Text>사략선</Text>
        </Row>
        <Row Tag="TXT_KEY_NEWWORLD_SCENARIO_UNIT_SPANISH_CONQUISTADOR">
            <Text>콩키스타도르</Text>
            <Plurality>2</Plurality>
        </Row>
        <Row Tag="TXT_KEY_NEWWORLD_SCENARIO_UNIT_SPANISH_TERCIO">
            <Text>테르시오</Text>
            <Plurality>2</Plurality>
        </Row>
        <Row Tag="TXT_KEY_NEWWORLD_SCENARIO_UNITS_TREASURE_HEADING">
            <Text>보물</Text>
        </Row>
        <Row Tag="TXT_KEY_UNIT_MYSTIC_WARRIOR">
            <Text>신비의 전사</Text>
            <Plurality>2</Plurality>
        </Row>
    </Language_KO_KR>
</GameData>