﻿<?xml version="1.0" encoding="utf-8"?>
<!--Generated with LocalizationBuddy.-->
<!--Copyright Firaxis Games 2010-->
<!--All Rights Reserved-->
<GameData>
  <Language_KO_KR>
    <Row Tag="TXT_KEY_LEADER_THEODORA_AGREE_SHORT_1">
      <Text>물론입니다.</Text>
    </Row>
    <Row Tag="TXT_KEY_LEADER_THEODORA_AGREE_SHORT_2">
      <Text>그렇다면 좋습니다.</Text>
    </Row>
    <Row Tag="TXT_KEY_LEADER_THEODORA_AGREE_SHORT_3">
      <Text>물론이지요.</Text>
    </Row>
    <Row Tag="TXT_KEY_LEADER_THEODORA_AGREE_SHORT_4">
      <Text>좋습니다.</Text>
    </Row>
    <Row Tag="TXT_KEY_LEADER_THEODORA_ATTACKED_1">
      <Text>드디어 본색을 드러냈군요. 감히 나에게 이럴 수 있나요?</Text>
    </Row>
    <Row Tag="TXT_KEY_LEADER_THEODORA_ATTACKED_2">
      <Text>더는 짜증을 못 받아 주겠네요. 따끔한 맛을 보여 드리지요.</Text>
    </Row>
    <Row Tag="TXT_KEY_LEADER_THEODORA_ATTACKED_3">
      <Text>뭐에요? 구혼자가 당신밖에 없는 줄 알아요? 당신은 날 돕기 위해 온 수많은 사람 중의 한 명일 뿐이에요.</Text>
    </Row>
    <Row Tag="TXT_KEY_LEADER_THEODORA_DECLAREWAR_1">
      <Text>여자 마음을 가지고 놀다니, 용서 못 해. 내가 울 줄 알지? 천만에. 웃으며 당신을 없애버리겠어.</Text>
    </Row>
    <Row Tag="TXT_KEY_LEADER_THEODORA_DECLAREWAR_2">
      <Text>아름다운 사람을 죽여야 할 때면 내 마음이 안타깝지만 당신은 아름답지 않아서 다행이야.</Text>
    </Row>
    <Row Tag="TXT_KEY_LEADER_THEODORA_DECLAREWAR_3">
      <Text>사절이 빈손으로 돌아왔더군요. 선물을 돌려주지는 않으려고요? 직접 받아가려고 왔습니다.</Text>
    </Row>
    <Row Tag="TXT_KEY_LEADER_THEODORA_DEFEATED_1">
      <Text>변화의 바람이 서리를 내려 연약한 꽃이 죽었어요. 당신은 이 나라가 가장 소중하게 여기는 것을 파괴했어요.</Text>
    </Row>
    <Row Tag="TXT_KEY_LEADER_THEODORA_DEFEATED_2">
      <Text>당신은 장난감을 가지고 노는 아이 같군요. 우리는 절대로 당신을 반기지 않을 거고 분노도 쉽게 수그러들지도 않을 거예요.</Text>
    </Row>
    <Row Tag="TXT_KEY_LEADER_THEODORA_DEFEATED_3">
      <Text>내일이 되면 세상이 슬퍼하겠지요. 우리 문명의 정수는 내 몸에 있는데 나는 내일이 되면 죽고 없겠군요.</Text>
    </Row>
    <Row Tag="TXT_KEY_LEADER_THEODORA_DEMANDTRIBUTE_ANGRY">
      <Text>당신의 어리석음을 받아주어야 한다면 최소한 그 대가는 챙겨야겠지요.</Text>
    </Row>
    <Row Tag="TXT_KEY_LEADER_THEODORA_DEMANDTRIBUTE_HAPPY">
      <Text>자기야~ 내 선물은 어디 있나요? 올 때마다 선물을 하나씩 들고 왔었잖아요.</Text>
    </Row>
    <Row Tag="TXT_KEY_LEADER_THEODORA_DEMANDTRIBUTE_NEUTRAL">
      <Text>구혼자와 조신은 모두 내게 선물을 바쳐야 합니다.</Text>
    </Row>
    <Row Tag="TXT_KEY_LEADER_THEODORA_DISAGREE_SHORT_1">
      <Text>거부하겠어요.</Text>
    </Row>
    <Row Tag="TXT_KEY_LEADER_THEODORA_DISAGREE_SHORT_2">
      <Text>슬프지만 안돼요.</Text>
    </Row>
    <Row Tag="TXT_KEY_LEADER_THEODORA_DISAGREE_SHORT_3">
      <Text>물론 안돼요.</Text>
    </Row>
    <Row Tag="TXT_KEY_LEADER_THEODORA_DISAGREE_SHORT_4">
      <Text>그건 받아들일 수 없어요.</Text>
    </Row>
    <Row Tag="TXT_KEY_LEADER_THEODORA_DISAGREE_SHORT_5">
      <Text>당연히 안돼요.</Text>
    </Row>
    <Row Tag="TXT_KEY_LEADER_THEODORA_DISAGREE_SHORT_6">
      <Text>그건 받아들 수 없어요.</Text>
    </Row>
    <Row Tag="TXT_KEY_LEADER_THEODORA_DISAGREE_SHORT_7">
      <Text>무엄하네요!</Text>
    </Row>
    <Row Tag="TXT_KEY_LEADER_THEODORA_FIRSTGREETING_1">
      <Text>오, 만나서 정말 반가워요. 당신을 뭐라고 불러야 하나요, 잘생긴 이방인? 난 비잔틴의 테오도라라고 해요.</Text>
    </Row>
    <Row Tag="TXT_KEY_LEADER_THEODORA_FIRSTGREETING_2">
      <Text>난 세상의 모든 경이로움과 아름다움의 여왕 테오도라라고 해요. 나를 감동시키면 내 애장품 목록에 당신을 추가하도록 하지요.</Text>
    </Row>
    <Row Tag="TXT_KEY_LEADER_THEODORA_FIRSTGREETING_3">
      <Text>내 미모를 찬양하는 사람은 많지만 당신만한 남자는 흔치 않아요. 날 테오도라라고 부르세요. 비잔틴제국의 여왕입니다.</Text>
    </Row>
    <Row Tag="TXT_KEY_LEADER_THEODORA_GOODBYE_1">
      <Text>잘 가요.</Text>
    </Row>
    <Row Tag="TXT_KEY_LEADER_THEODORA_GOODBYE_2">
      <Text>안녕히 가세요.</Text>
    </Row>
    <Row Tag="TXT_KEY_LEADER_THEODORA_GOODBYE_3">
      <Text>재회할 날을 기다릴게요.</Text>
    </Row>
    <Row Tag="TXT_KEY_LEADER_THEODORA_GOODBYE_4">
      <Text>잘 가세요, 멋쟁이.</Text>
    </Row>
    <Row Tag="TXT_KEY_LEADER_THEODORA_GOODBYE_5">
      <Text>그게 전부네요.</Text>
    </Row>
    <Row Tag="TXT_KEY_LEADER_THEODORA_GOODBYE_6">
      <Text>이만 가보세요.</Text>
    </Row>
    <Row Tag="TXT_KEY_LEADER_THEODORA_GREETING_1">
      <Text>반가워요. 멋쟁이.</Text>
    </Row>
    <Row Tag="TXT_KEY_LEADER_THEODORA_GREETING_2">
      <Text>다시 보네요.</Text>
    </Row>
    <Row Tag="TXT_KEY_LEADER_THEODORA_GREETING_3">
      <Text>잘 돌아오셨어요.</Text>
    </Row>
    <Row Tag="TXT_KEY_LEADER_THEODORA_GREETING_4">
      <Text>자기야!</Text>
    </Row>
    <Row Tag="TXT_KEY_LEADER_THEODORA_GREETING_5">
      <Text>으음?</Text>
    </Row>
    <Row Tag="TXT_KEY_LEADER_THEODORA_GREETING_6">
      <Text>원하는 게 있나요?</Text>
    </Row>
    <Row Tag="TXT_KEY_LEADER_THEODORA_LETSHEARIT_1">
      <Text>네?</Text>
    </Row>
    <Row Tag="TXT_KEY_LEADER_THEODORA_LETSHEARIT_2">
      <Text>얘기해 보세요.</Text>
    </Row>
    <Row Tag="TXT_KEY_LEADER_THEODORA_LETSHEARIT_3">
      <Text>네? 자기, 뭐라고요?</Text>
    </Row>
    <Row Tag="TXT_KEY_LEADER_THEODORA_LETSHEARIT_4">
      <Text>듣고 있어요.</Text>
    </Row>
    <Row Tag="TXT_KEY_LEADER_THEODORA_LETSHEARIT_5">
      <Text>말해보세요.</Text>
    </Row>
    <Row Tag="TXT_KEY_LEADER_THEODORA_LOSEWAR_1">
      <Text>이번엔 당신이 이겼지만 진짜로 당신이 이 게임을 이해하고 있는지 궁금하네요...</Text>
    </Row>
    <Row Tag="TXT_KEY_LEADER_THEODORA_LOSEWAR_2">
      <Text>흥, 항상 이긴다면 무슨 재미로 사나요. 이 대수롭지 않은 기회로 당신이 뭘 할지 보겠어요.</Text>
    </Row>
    <Row Tag="TXT_KEY_LEADER_THEODORA_TRADE_NEEDMORE_ANGRY_1">
      <Text>쯧, 당신의 익살도 이제 좀 지겹네요. 더 좋은 조건을 제시하든지 가버리세요.</Text>
    </Row>
    <Row Tag="TXT_KEY_LEADER_THEODORA_TRADE_NEEDMORE_ANGRY_2">
      <Text>그걸로는 충분하지 않아요.</Text>
    </Row>
    <Row Tag="TXT_KEY_LEADER_THEODORA_TRADE_NEEDMORE_ANGRY_3">
      <Text>좀 더 나은 제안을 해보세요.</Text>
    </Row>
    <Row Tag="TXT_KEY_LEADER_THEODORA_TRADE_NEEDMORE_ANGRY_4">
      <Text>거의...</Text>
    </Row>
    <Row Tag="TXT_KEY_LEADER_THEODORA_TRADE_NEEDMORE_HAPPY_1">
      <Text>음... 당신의 달콤한 목소리를 듣느라 내용은 기억이 나질 않네요. 한 번 더 말해 주겠어요?</Text>
    </Row>
    <Row Tag="TXT_KEY_LEADER_THEODORA_TRADE_NEEDMORE_HAPPY_2">
      <Text>그게 최고의 제안인가요?</Text>
    </Row>
    <Row Tag="TXT_KEY_LEADER_THEODORA_TRADE_NEEDMORE_HAPPY_3">
      <Text>옳지, 잘한다.</Text>
    </Row>
    <Row Tag="TXT_KEY_LEADER_THEODORA_TRADE_NEEDMORE_NEUTRAL_1">
      <Text>당신의 달콤한 말에 흥미가 생기긴 했지만, 더 들어봐야겠네요.</Text>
    </Row>
    <Row Tag="TXT_KEY_LEADER_THEODORA_TRADE_NEEDMORE_NEUTRAL_2">
      <Text>좀 더 나은 제안을 할 수는 없나요?</Text>
    </Row>
    <Row Tag="TXT_KEY_LEADER_THEODORA_TRADE_NEEDMORE_NEUTRAL_3">
      <Text>그걸로는 아직 충분하지 않아요.</Text>
    </Row>
    <Row Tag="TXT_KEY_LEADER_THEODORA_TRADE_NEEDMORE_NEUTRAL_4">
      <Text>거의...</Text>
    </Row>
    <Row Tag="TXT_KEY_LEADER_THEODORA_TRADE_NO_ANGRY">
      <Text>그만! 더는 당신과 한곳에 있고 싶지 않아요.</Text>
    </Row>
    <Row Tag="TXT_KEY_LEADER_THEODORA_TRADE_NO_HAPPY">
      <Text>고마워요. 하지만 이번에는 안 되겠네요.</Text>
    </Row>
    <Row Tag="TXT_KEY_LEADER_THEODORA_TRADE_NO_NEUTRAL">
      <Text>관심 없어요.</Text>
    </Row>
    <Row Tag="TXT_KEY_LEADER_THEODORA_TRADE_YES_ANGRY">
      <Text>그래요, 좋아요.</Text>
    </Row>
    <Row Tag="TXT_KEY_LEADER_THEODORA_TRADE_YES_HAPPY">
      <Text>동의해요.</Text>
    </Row>
    <Row Tag="TXT_KEY_LEADER_THEODORA_TRADE_YES_NEUTRAL">
      <Text>그렇게 하기로 해요.</Text>
    </Row>
    <Row Tag="TXT_KEY_LEADER_THEODORA_TRADEREQUEST_ANGRY">
      <Text>차라리 이 제안을 거절하세요. 그러면 나도 더 멋진 남자를 찾아갈 수 있을 테니까요.</Text>
    </Row>
    <Row Tag="TXT_KEY_LEADER_THEODORA_TRADEREQUEST_HAPPY">
      <Text>협상 말고 다른 것도 나랑 같이할래요?</Text>
    </Row>
    <Row Tag="TXT_KEY_LEADER_THEODORA_TRADEREQUEST_NEUTRAL">
      <Text>당신이... 어떤 일에 아주 능숙하다는 소릴 들었어요. 보여주세요.</Text>
    </Row>
    <Row Tag="TXT_KEY_LEADER_THEODORA_TRIBUTE_NO_ANGRY">
      <Text>자신의 주가가 내려갔다는 사실을 잊은 것 같군요. 천 번을 물어봐도 내 대답은 '아니요' 에요.</Text>
    </Row>
    <Row Tag="TXT_KEY_LEADER_THEODORA_TRIBUTE_NO_HAPPY">
      <Text>이런 건 내게 없어요. 대신 다른 걸 드린다면 어떨까요?</Text>
    </Row>
    <Row Tag="TXT_KEY_LEADER_THEODORA_TRIBUTE_NO_NEUTRAL">
      <Text>이런, 당신은 자신을 과대평가하는 것 같군요.</Text>
    </Row>
    <Row Tag="TXT_KEY_LEADER_THEODORA_TRIBUTE_YES_ANGRY">
      <Text>분하지만 당신의 그 말도 안 되는 요구를 받아들일 수밖에 없군요.</Text>
    </Row>
    <Row Tag="TXT_KEY_LEADER_THEODORA_TRIBUTE_YES_HAPPY">
      <Text>와, 당신 정말 거침없이 말하는군요. 보상받을 자격이 있는 것 같아요.</Text>
    </Row>
    <Row Tag="TXT_KEY_LEADER_THEODORA_TRIBUTE_YES_NEUTRAL">
      <Text>재미있군요. 거절해야 할 이유가 없네요.</Text>
    </Row>
    <Row Tag="TXT_KEY_LEADER_THEODORA_WARBLUFF_1">
      <Text>난 배짱 있는 사람이 좋아요.</Text>
    </Row>
    <Row Tag="TXT_KEY_LEADER_THEODORA_WARBLUFF_2">
      <Text>당신을 과소평가했어요. 하지만, 이런 사실에... 신이 나는군요.</Text>
    </Row>
    <Row Tag="TXT_KEY_LEADER_THEODORA_WARBLUFF_3">
      <Text>상관 마세요. 당신도 언젠간 내 매력에 빠지게 될 거에요.</Text>
    </Row>
    <Row Tag="TXT_KEY_LEADER_THEODORA_WINWAR_1">
      <Text>정말 즐겁지 않았나요? 난 이기는 게 너무 좋아요.</Text>
    </Row>
    <Row Tag="TXT_KEY_LEADER_THEODORA_WINWAR_2">
      <Text>교훈을 얻었나요? 당신에게 이렇게까지 하는 나도 기분이 별로 좋지 않아요.</Text>
    </Row>
  </Language_KO_KR>
</GameData>