﻿<?xml version="1.0" encoding="utf-8"?>
<!--Generated with LocalizationBuddy.-->
<!--Copyright Firaxis Games 2010-->
<!--All Rights Reserved-->
<GameData>
  <Language_KO_KR>
    <Row Tag="TXT_KEY_LEADER_GUSTAVUS_ADOLPHUS_AGREE_SHORT_1">
      <Text>알겠소.</Text>
    </Row>
    <Row Tag="TXT_KEY_LEADER_GUSTAVUS_ADOLPHUS_AGREE_SHORT_2">
      <Text>아주 좋군.</Text>
    </Row>
    <Row Tag="TXT_KEY_LEADER_GUSTAVUS_ADOLPHUS_AGREE_SHORT_3">
      <Text>물론이오.</Text>
    </Row>
    <Row Tag="TXT_KEY_LEADER_GUSTAVUS_ADOLPHUS_AGREE_SHORT_4">
      <Text>그렇게 합시다.</Text>
    </Row>
    <Row Tag="TXT_KEY_LEADER_GUSTAVUS_ADOLPHUS_AGREE_SHORT_5">
      <Text>훌륭한 생각이오.</Text>
    </Row>
    <Row Tag="TXT_KEY_LEADER_GUSTAVUS_ADOLPHUS_ATTACKED_1">
      <Text>하하! 전장에서 몸을 풀라고 하면 가르스가 좋아하겠군! 이런 좋은 기회를 주다니 정말 고맙군. 이제 죽을 각오나 하시오.</Text>
    </Row>
    <Row Tag="TXT_KEY_LEADER_GUSTAVUS_ADOLPHUS_ATTACKED_2">
      <Text>더러운 배신자 같으니! 발렌스타인 이후로 이렇게 역겨운 자는 처음이군. 절대로 용납할 수 없다.</Text>
    </Row>
    <Row Tag="TXT_KEY_LEADER_GUSTAVUS_ADOLPHUS_ATTACKED_3">
      <Text>네 끝없는 권력욕과 탐욕에 넌더리가 나는군! 너 같은 야만인은 이 세상에서 자취를 감춰야 해!</Text>
    </Row>
    <Row Tag="TXT_KEY_LEADER_GUSTAVUS_ADOLPHUS_DECLAREWAR_1">
      <Text>나는 스웨덴의 왕이다! 오늘부로 폭정과 압제에 시달리던 네 문명을 해방할 것이다! 넌 이제 끝장이야!</Text>
    </Row>
    <Row Tag="TXT_KEY_LEADER_GUSTAVUS_ADOLPHUS_DECLAREWAR_2">
      <Text>용맹한 스웨덴 하카펠리타 기병대가 한 번만 돌진하면 네 군대는 그걸로 끝이야. 신은 우리 편이다!</Text>
    </Row>
    <Row Tag="TXT_KEY_LEADER_GUSTAVUS_ADOLPHUS_DECLAREWAR_3">
      <Text>신의 가호를 받아 이 땅에서 네 악취를 지워버리겠다. 북방의 사자가 너를 쓰러뜨리러 왔다!</Text>
    </Row>
    <Row Tag="TXT_KEY_LEADER_GUSTAVUS_ADOLPHUS_DEFEATED_1">
      <Text>신이시여, 왜 저를 버리셨나이까? 제가 당신의 뜻을 어겼습니까? 어찌 제가 질 수 있단 말입니까?</Text>
    </Row>
    <Row Tag="TXT_KEY_LEADER_GUSTAVUS_ADOLPHUS_DEFEATED_2">
      <Text>네가 나를 이길 수는 있어도 바사를 영원히 없앨 수는 없다. 오늘 내가 죽더라도 내 가문의 후손들이 대를 이어 네 문명에 저항할 것이다.</Text>
    </Row>
    <Row Tag="TXT_KEY_LEADER_GUSTAVUS_ADOLPHUS_DEFEATED_3">
      <Text>이 몸은 스웨덴의 왕! 비록 네가 내 백성과 영토, 나라를 빼앗는다 해도 바사 가문은 결코 꺾을 수 없다!</Text>
    </Row>
    <Row Tag="TXT_KEY_LEADER_GUSTAVUS_ADOLPHUS_DEMANDTRIBUTE_ANGRY">
      <Text>내 요구에 응한다면 최근에 그대가 저지른 죄를 묻지 않겠소.</Text>
    </Row>
    <Row Tag="TXT_KEY_LEADER_GUSTAVUS_ADOLPHUS_DEMANDTRIBUTE_HAPPY">
      <Text>시기적절한 도움에 정말 고맙소이다. 나중에 꼭 갚겠소.</Text>
    </Row>
    <Row Tag="TXT_KEY_LEADER_GUSTAVUS_ADOLPHUS_DEMANDTRIBUTE_NEUTRAL">
      <Text>정의와 선을 실현하려면 모두의 도움이 필요한 법이지. 당신이라고 예외는 아니요.</Text>
    </Row>
    <Row Tag="TXT_KEY_LEADER_GUSTAVUS_ADOLPHUS_DISAGREE_SHORT_1">
      <Text>거절하겠소.</Text>
    </Row>
    <Row Tag="TXT_KEY_LEADER_GUSTAVUS_ADOLPHUS_DISAGREE_SHORT_2">
      <Text>당연히 아니지.</Text>
    </Row>
    <Row Tag="TXT_KEY_LEADER_GUSTAVUS_ADOLPHUS_DISAGREE_SHORT_3">
      <Text>물론 안되지.</Text>
    </Row>
    <Row Tag="TXT_KEY_LEADER_GUSTAVUS_ADOLPHUS_DISAGREE_SHORT_4">
      <Text>거부하겠소.</Text>
    </Row>
    <Row Tag="TXT_KEY_LEADER_GUSTAVUS_ADOLPHUS_DISAGREE_SHORT_5">
      <Text>당연히 거절이오.</Text>
    </Row>
    <Row Tag="TXT_KEY_LEADER_GUSTAVUS_ADOLPHUS_DISAGREE_SHORT_6">
      <Text>받아들일 수 없소.</Text>
    </Row>
    <Row Tag="TXT_KEY_LEADER_GUSTAVUS_ADOLPHUS_DISAGREE_SHORT_7">
      <Text>정신이 나갔소?</Text>
    </Row>
    <Row Tag="TXT_KEY_LEADER_GUSTAVUS_ADOLPHUS_FIRSTGREETING_1">
      <Text>만나서 반갑소! 나는 스웨덴의 왕 구스타프 아돌프요. 어려움을 나누는 동맹이 되었으면 좋겠소.</Text>
    </Row>
    <Row Tag="TXT_KEY_LEADER_GUSTAVUS_ADOLPHUS_FIRSTGREETING_2">
      <Text>설원의 왕이 지배하는 영토에 온 것을 환영하오. 나는 위대한 바사 가문의 후계자이자 정점인 구스타프 아돌프요.</Text>
    </Row>
    <Row Tag="TXT_KEY_LEADER_GUSTAVUS_ADOLPHUS_FIRSTGREETING_3">
      <Text>못 보던 사람이로군. 반갑소. 나는 구스타프 아돌프요. 백성의 사랑을 받는 스웨덴 왕이지. 내 궁정에서는 얌전하게 있는 것이 좋을 게요.</Text>
    </Row>
    <Row Tag="TXT_KEY_LEADER_GUSTAVUS_ADOLPHUS_GOODBYE_1">
      <Text>또 봅시다.</Text>
    </Row>
    <Row Tag="TXT_KEY_LEADER_GUSTAVUS_ADOLPHUS_GOODBYE_2">
      <Text>잘 가시오.</Text>
    </Row>
    <Row Tag="TXT_KEY_LEADER_GUSTAVUS_ADOLPHUS_GOODBYE_3">
      <Text>안녕히 가시오.</Text>
    </Row>
    <Row Tag="TXT_KEY_LEADER_GUSTAVUS_ADOLPHUS_GOODBYE_4">
      <Text>잘 가시오.</Text>
    </Row>
    <Row Tag="TXT_KEY_LEADER_GUSTAVUS_ADOLPHUS_GOODBYE_5">
      <Text>이상이오.</Text>
    </Row>
    <Row Tag="TXT_KEY_LEADER_GUSTAVUS_ADOLPHUS_GOODBYE_6">
      <Text>그만 떠나시오.</Text>
    </Row>
    <Row Tag="TXT_KEY_LEADER_GUSTAVUS_ADOLPHUS_GREETING_1">
      <Text>반갑소.</Text>
    </Row>
    <Row Tag="TXT_KEY_LEADER_GUSTAVUS_ADOLPHUS_GREETING_2">
      <Text>안녕하시오.</Text>
    </Row>
    <Row Tag="TXT_KEY_LEADER_GUSTAVUS_ADOLPHUS_GREETING_3">
      <Text>환영하오.</Text>
    </Row>
    <Row Tag="TXT_KEY_LEADER_GUSTAVUS_ADOLPHUS_GREETING_4">
      <Text>안녕하신가, 친구.</Text>
    </Row>
    <Row Tag="TXT_KEY_LEADER_GUSTAVUS_ADOLPHUS_GREETING_5">
      <Text>음?</Text>
    </Row>
    <Row Tag="TXT_KEY_LEADER_GUSTAVUS_ADOLPHUS_GREETING_6">
      <Text>뭘 원하시오?</Text>
    </Row>
    <Row Tag="TXT_KEY_LEADER_GUSTAVUS_ADOLPHUS_LETSHEARIT_1">
      <Text>들어봅시다.</Text>
    </Row>
    <Row Tag="TXT_KEY_LEADER_GUSTAVUS_ADOLPHUS_LETSHEARIT_2">
      <Text>말해 보시오.</Text>
    </Row>
    <Row Tag="TXT_KEY_LEADER_GUSTAVUS_ADOLPHUS_LETSHEARIT_3">
      <Text>말해 보시오.</Text>
    </Row>
    <Row Tag="TXT_KEY_LEADER_GUSTAVUS_ADOLPHUS_LETSHEARIT_4">
      <Text>듣고 있소.</Text>
    </Row>
    <Row Tag="TXT_KEY_LEADER_GUSTAVUS_ADOLPHUS_LETSHEARIT_5">
      <Text>그래서 어쩌자는 거요?</Text>
    </Row>
    <Row Tag="TXT_KEY_LEADER_GUSTAVUS_ADOLPHUS_LOSEWAR_1">
      <Text>하... 전투에서 한 번 이겼다고 전쟁이 끝나리라 생각하나? 이제 네 생각을 알았으니 다음에는 호락호락하게 넘어가지 않을 거야.</Text>
    </Row>
    <Row Tag="TXT_KEY_LEADER_GUSTAVUS_ADOLPHUS_LOSEWAR_2">
      <Text>즐길 수 있을 때 실컷 승리를 즐기시게. 하카펠리타가 출동하면 모든 게 끝장날 테니 말이야.</Text>
    </Row>
    <Row Tag="TXT_KEY_LEADER_GUSTAVUS_ADOLPHUS_TRADE_NEEDMORE_ANGRY_1">
      <Text>발렌스타인보다도 심하군. 머리통이 날아가기 전에 더 좋은 조건을 뱉는 게 좋을 거요.</Text>
    </Row>
    <Row Tag="TXT_KEY_LEADER_GUSTAVUS_ADOLPHUS_TRADE_NEEDMORE_ANGRY_2">
      <Text>어림도 없는 소리요.</Text>
    </Row>
    <Row Tag="TXT_KEY_LEADER_GUSTAVUS_ADOLPHUS_TRADE_NEEDMORE_ANGRY_3">
      <Text>제안을 수정하는 게 좋을 거요.</Text>
    </Row>
    <Row Tag="TXT_KEY_LEADER_GUSTAVUS_ADOLPHUS_TRADE_NEEDMORE_ANGRY_4">
      <Text>마음에 안 들긴 하지만 좀...</Text>
    </Row>
    <Row Tag="TXT_KEY_LEADER_GUSTAVUS_ADOLPHUS_TRADE_NEEDMORE_HAPPY_1">
      <Text>하, 지방 영주들끼리 싸운다면 모를까, 내게는 안 통하는 수법이지.</Text>
    </Row>
    <Row Tag="TXT_KEY_LEADER_GUSTAVUS_ADOLPHUS_TRADE_NEEDMORE_HAPPY_2">
      <Text>그게 자네가 제안할 수 있는 전부인가?</Text>
    </Row>
    <Row Tag="TXT_KEY_LEADER_GUSTAVUS_ADOLPHUS_TRADE_NEEDMORE_HAPPY_3">
      <Text>약간 부족하군...</Text>
    </Row>
    <Row Tag="TXT_KEY_LEADER_GUSTAVUS_ADOLPHUS_TRADE_NEEDMORE_NEUTRAL_1">
      <Text>이 거래 자체는 정말 마음에 들지만, 이쪽도 정당한 대가는 챙겨야 하지 않겠나.</Text>
    </Row>
    <Row Tag="TXT_KEY_LEADER_GUSTAVUS_ADOLPHUS_TRADE_NEEDMORE_NEUTRAL_2">
      <Text>자네의 관대한 모습을 보여주게.</Text>
    </Row>
    <Row Tag="TXT_KEY_LEADER_GUSTAVUS_ADOLPHUS_TRADE_NEEDMORE_NEUTRAL_3">
      <Text>그걸로는 어림도 없지.</Text>
    </Row>
    <Row Tag="TXT_KEY_LEADER_GUSTAVUS_ADOLPHUS_TRADE_NEEDMORE_NEUTRAL_4">
      <Text>마음에 들긴 하지만 좀...</Text>
    </Row>
    <Row Tag="TXT_KEY_LEADER_GUSTAVUS_ADOLPHUS_TRADE_NO_ANGRY">
      <Text>내가 미치광이처럼 보이나? 그런 터무니 없는 제안을 하는 걸 보니 틀림없어.</Text>
    </Row>
    <Row Tag="TXT_KEY_LEADER_GUSTAVUS_ADOLPHUS_TRADE_NO_HAPPY">
      <Text>고맙지만 이번에는 안 되겠네.</Text>
    </Row>
    <Row Tag="TXT_KEY_LEADER_GUSTAVUS_ADOLPHUS_TRADE_NO_NEUTRAL">
      <Text>관심 없네.</Text>
    </Row>
    <Row Tag="TXT_KEY_LEADER_GUSTAVUS_ADOLPHUS_TRADE_YES_ANGRY">
      <Text>동의하네.</Text>
    </Row>
    <Row Tag="TXT_KEY_LEADER_GUSTAVUS_ADOLPHUS_TRADE_YES_HAPPY">
      <Text>그렇게 하지!</Text>
    </Row>
    <Row Tag="TXT_KEY_LEADER_GUSTAVUS_ADOLPHUS_TRADE_YES_NEUTRAL">
      <Text>아주 좋소.</Text>
    </Row>
    <Row Tag="TXT_KEY_LEADER_GUSTAVUS_ADOLPHUS_TRADEREQUEST_ANGRY">
      <Text>네 피로 온 땅을 물들이고 싶지만, 어쩔 수 없지.</Text>
    </Row>
    <Row Tag="TXT_KEY_LEADER_GUSTAVUS_ADOLPHUS_TRADEREQUEST_HAPPY">
      <Text>이보게, 우리 모두 이번 거래로 이득을 얻을 수 있을 거야.</Text>
    </Row>
    <Row Tag="TXT_KEY_LEADER_GUSTAVUS_ADOLPHUS_TRADEREQUEST_NEUTRAL">
      <Text>자네가 받아들일 만한 제안이라고 생각하네. 마음에 쏙 들지도 몰라.</Text>
    </Row>
    <Row Tag="TXT_KEY_LEADER_GUSTAVUS_ADOLPHUS_TRIBUTE_NO_ANGRY">
      <Text>난 바사 가문의 일원이다. 내게 무례하게 굴면 나뿐만 아니라 내 선조를 모두 욕되게 하는 거야.</Text>
    </Row>
    <Row Tag="TXT_KEY_LEADER_GUSTAVUS_ADOLPHUS_TRIBUTE_NO_HAPPY">
      <Text>안타깝지만 이번엔 자넬 도울 수 없다네.</Text>
    </Row>
    <Row Tag="TXT_KEY_LEADER_GUSTAVUS_ADOLPHUS_TRIBUTE_NO_NEUTRAL">
      <Text>그런 요구를 받아들인다면 내가 어떻게 신 앞에 떳떳하게 서겠나?</Text>
    </Row>
    <Row Tag="TXT_KEY_LEADER_GUSTAVUS_ADOLPHUS_TRIBUTE_YES_ANGRY">
      <Text>백성을 안전을 위해 이 요구를 받아들이기는 하겠지만, 자네 정말 후안무치하군! </Text>
    </Row>
    <Row Tag="TXT_KEY_LEADER_GUSTAVUS_ADOLPHUS_TRIBUTE_YES_HAPPY">
      <Text>자네의 요구가 정당하다고 믿기에 기쁜 마음으로 도와주도록 하겠네.</Text>
    </Row>
    <Row Tag="TXT_KEY_LEADER_GUSTAVUS_ADOLPHUS_TRIBUTE_YES_NEUTRAL">
      <Text>참고 넘어가야 할 때가 있고 싸워야 할 때가 있지. 지금은 전자를 선택하지만, 항상 이럴 것으로 생각하진 말게.</Text>
    </Row>
    <Row Tag="TXT_KEY_LEADER_GUSTAVUS_ADOLPHUS_WARBLUFF_1">
      <Text>하, 보기보다 재치있는 자로군.</Text>
    </Row>
    <Row Tag="TXT_KEY_LEADER_GUSTAVUS_ADOLPHUS_WARBLUFF_2">
      <Text>조심하시오. 본심은 숨기지 못하는 법.</Text>
    </Row>
    <Row Tag="TXT_KEY_LEADER_GUSTAVUS_ADOLPHUS_WARBLUFF_3">
      <Text>제길, 옥센스티어나가 한 말이 맞는 모양이군.</Text>
    </Row>
    <Row Tag="TXT_KEY_LEADER_GUSTAVUS_ADOLPHUS_WINWAR_1">
      <Text>틸리백작도 이기지 못한 나를 네가 이길 수 있다고 생각하나? 정말 오만무례하군!</Text>
    </Row>
    <Row Tag="TXT_KEY_LEADER_GUSTAVUS_ADOLPHUS_WINWAR_2">
      <Text>무적의 가르스가 또 승리했군. 아무래도 승급시켜야겠어.</Text>
    </Row>
  </Language_KO_KR>
</GameData>