﻿<?xml version="1.0" encoding="utf-8"?>
<!--Generated with LocalizationBuddy.-->
<!--Copyright Firaxis Games 2010-->
<!--All Rights Reserved-->
<GameData>
    <Language_KO_KR>
        <Row Tag="TXT_KEY_POLYNESIAN_SCENARIO_TECH_AQUACULTURE">
            <Text>수경 재배</Text>
        </Row>
        <Row Tag="TXT_KEY_POLYNESIAN_SCENARIO_TECH_CEREMONIAL_DANCE">
            <Text>의식용 춤</Text>
        </Row>
        <Row Tag="TXT_KEY_POLYNESIAN_SCENARIO_TECH_ORNAMENTAL_CARVING">
            <Text>석각술</Text>
        </Row>
        <Row Tag="TXT_KEY_POLYNESIAN_SCENARIO_TECH_TATTOO">
            <Text>문신</Text>
        </Row>
        <Row Tag="TXT_KEY_POLYNESIAN_SCENARIO_TECH_WAYFINDING">
            <Text>길 찾기</Text>
        </Row>
    </Language_KO_KR>
</GameData>