﻿<?xml version="1.0" encoding="utf-8"?>
<!--Generated with LocalizationBuddy.-->
<!--Copyright Firaxis Games 2010-->
<!--All Rights Reserved-->
<GameData>
  <Language_KO_KR>
    <Row Tag="TXT_KEY_LEADER_ISABELLA_AGREE_SHORT_1">
			<Text>아주 좋습니다.</Text>
		</Row>
		<Row Tag="TXT_KEY_LEADER_ISABELLA_AGREE_SHORT_2">
			<Text>좋습니다.</Text>
		</Row>
		<Row Tag="TXT_KEY_LEADER_ISABELLA_AGREE_SHORT_3">
			<Text>기꺼이.</Text>
		</Row>
		<Row Tag="TXT_KEY_LEADER_ISABELLA_AGREE_SHORT_4">
			<Text>신의 은총이 함께 하기를.</Text>
		</Row>
	
		<Row Tag="TXT_KEY_LEADER_ISABELLA_ATTACKED_1">
			<Text>감히 나를 공격하다니! 신의 이름으로, 당신을 벌하겠습니다!</Text>
		</Row>
		<Row Tag="TXT_KEY_LEADER_ISABELLA_ATTACKED_2">
			<Text>당신은 악의 축으로서 혐오스럽습니다. 그 대가를 치러야 할 것입니다!</Text>
		</Row>
		<Row Tag="TXT_KEY_LEADER_ISABELLA_ATTACKED_3">
			<Text>신의 가호 아래, 나는 당신을 반드시 쳐부수겠습니다.</Text>
		</Row>
		
		<Row Tag="TXT_KEY_LEADER_ISABELLA_DECLAREWAR_1">
			<Text>신의 검으로 악의 방패를 갈라내듯이 당신을 쳐부술 것입니다! 전쟁에 대비하시죠!</Text>
		</Row>
		<Row Tag="TXT_KEY_LEADER_ISABELLA_DECLAREWAR_2">
			<Text>신은 당신을 용서할 수 있습니다. 하지만, 내가 허락지 않습니다. 전쟁에 대비하시죠!</Text>
		</Row>
		<Row Tag="TXT_KEY_LEADER_ISABELLA_DECLAREWAR_3">
			<Text>나는 당신의 영혼을 위해 기도하겠습니다. 하지만, 당신의 육체는 소멸할 것입니다. 전쟁에 대비하시죠!</Text>
		</Row>
    
		<Row Tag="TXT_KEY_LEADER_ISABELLA_DEFEATED_1">
			<Text>아주 좋습니다. 이것은 의심할 여지 없이 신의 의지입니다. 나는 순종해야만 합니다.</Text>
		</Row>
		<Row Tag="TXT_KEY_LEADER_ISABELLA_DEFEATED_2">
			<Text>모든 것을 잃었습니다. 당분간은 악의 축이 승리했습니다. 그러나 조심하시죠. 결국에는 신의 의지가 틀림없이 승리하게 될 것입니다!</Text>
		</Row>
		<Row Tag="TXT_KEY_LEADER_ISABELLA_DEFEATED_3">
			<Text>모든 것을 잃었습니다. 당분간은 악마가 승리할 수 있지만, 결국에는 신의 의지가 틀림없이 승리하게 될 것입니다! 그러니 조심하시죠.</Text>
		</Row>
		
		<Row Tag="TXT_KEY_LEADER_ISABELLA_DEMANDTRIBUTE_ANGRY">
			<Text>당신은 살아 있는 동안 내게 기부를 하면, 영원한 파멸을 피할 수 있도록 해주겠습니다.</Text>
		</Row>
		<Row Tag="TXT_KEY_LEADER_ISABELLA_DEMANDTRIBUTE_HAPPY">
			<Text>나의 친구여, 나는 당신이 우리에게 이것을 주는 것에 대해 신이 원할 거라 생각하고 있습니다.</Text>
		</Row>
		<Row Tag="TXT_KEY_LEADER_ISABELLA_DEMANDTRIBUTE_NEUTRAL">
			<Text>스페인은 사악한 것에 맞서 끊임없는 전투를 하기 위해 자금 원조가 필요합니다. 그러므로 당신에게서 이것이 필요합니다.</Text>
		</Row>
    
		<Row Tag="TXT_KEY_LEADER_ISABELLA_DISAGREE_SHORT_1">
			<Text>신이 허락한다고 해도, 내가 하지 않을 것입니다.</Text>
		</Row>
		<Row Tag="TXT_KEY_LEADER_ISABELLA_DISAGREE_SHORT_2">
			<Text>안됩니다.</Text>
		</Row>
		<Row Tag="TXT_KEY_LEADER_ISABELLA_DISAGREE_SHORT_3">
			<Text>당연히 안됩니다.</Text>
		</Row>
		<Row Tag="TXT_KEY_LEADER_ISABELLA_DISAGREE_SHORT_4">
			<Text>받아들일 수 없습니다.</Text>
		</Row>
		<Row Tag="TXT_KEY_LEADER_ISABELLA_DISAGREE_SHORT_5">
			<Text>물론 안됩니다.</Text>
		</Row>
		<Row Tag="TXT_KEY_LEADER_ISABELLA_DISAGREE_SHORT_6">
			<Text>받아들일 수 없습니다.</Text>
		</Row>
		<Row Tag="TXT_KEY_LEADER_ISABELLA_DISAGREE_SHORT_7">
			<Text>당신은 전혀 진지하지가 않습니다!</Text>
		</Row>
		
		<Row Tag="TXT_KEY_LEADER_ISABELLA_FIRSTGREETING_1">
			<Text>나는 전능한 신의 은총으로 스페인의 여왕이 된 이사벨라입니다. 당신은 정의로운 편입니까?</Text>
		</Row>
		<Row Tag="TXT_KEY_LEADER_ISABELLA_FIRSTGREETING_2">
			<Text>가치 있는 사람에게는 신의 은총이 내려질 수 있습니다! 나는 스페인의 이사벨라입니다.</Text>
		</Row>
		<Row Tag="TXT_KEY_LEADER_ISABELLA_FIRSTGREETING_3">
			<Text>나는 이사벨라이며, 스페인의 공식적인 여왕입니다. 당신은 이교도입니까? 아니면, 신자입니까?</Text>
		</Row>
    
		<Row Tag="TXT_KEY_LEADER_ISABELLA_GOODBYE_1">
			<Text>당신이 신의 은총이 내려지기를!</Text>
		</Row>
		<Row Tag="TXT_KEY_LEADER_ISABELLA_GOODBYE_2">
			<Text>안녕히.</Text>
		</Row>
		<Row Tag="TXT_KEY_LEADER_ISABELLA_GOODBYE_3">
			<Text>다시 만날 때까지 안녕히.</Text>
		</Row>
		<Row Tag="TXT_KEY_LEADER_ISABELLA_GOODBYE_4">
			<Text>당장 떠나시죠.</Text>
		</Row>
		<Row Tag="TXT_KEY_LEADER_ISABELLA_GOODBYE_5">
			<Text>끝인 것 같습니다.</Text>
		</Row>
    <Row Tag="TXT_KEY_LEADER_ISABELLA_GOODBYE_6">
      <Text>이별입니다.</Text>
    </Row>
    <Row Tag="TXT_KEY_LEADER_ISABELLA_GREETING_1">
			<Text>신의 가호를 빕니다.</Text>
    </Row>
    <Row Tag="TXT_KEY_LEADER_ISABELLA_GREETING_2">
			<Text>당신에게 은총이 있기를.</Text>
    </Row>
    <Row Tag="TXT_KEY_LEADER_ISABELLA_GREETING_3">
      <Text>반갑습니다.</Text>
    </Row>
    <Row Tag="TXT_KEY_LEADER_ISABELLA_GREETING_4">
			<Text>오, 당신이군요.</Text>
    </Row>
    <Row Tag="TXT_KEY_LEADER_ISABELLA_GREETING_5">
			<Text>좋습니까?</Text>
    </Row>
    <Row Tag="TXT_KEY_LEADER_ISABELLA_GREETING_6">
			<Text>뭘 원합니까?</Text>
    </Row>
    <Row Tag="TXT_KEY_LEADER_ISABELLA_LETSHEARIT_1">
      <Text>계속하세요.</Text>
    </Row>
    <Row Tag="TXT_KEY_LEADER_ISABELLA_LETSHEARIT_2">
			<Text>계속해보세요.</Text>
    </Row>
    <Row Tag="TXT_KEY_LEADER_ISABELLA_LETSHEARIT_3">
			<Text>진행하세요.</Text>
    </Row>
    <Row Tag="TXT_KEY_LEADER_ISABELLA_LETSHEARIT_4">
      <Text>듣고 있습니다.</Text>
    </Row>
    <Row Tag="TXT_KEY_LEADER_ISABELLA_LETSHEARIT_5">
			<Text>네?</Text>
    </Row>
    <Row Tag="TXT_KEY_LEADER_ISABELLA_LOSEWAR_1">
			<Text>신은 패배한 적에 대한 당신의 자비로움에 대해 반드시 은총을 내려줄 것입니다.</Text>
    </Row>
    <Row Tag="TXT_KEY_LEADER_ISABELLA_TRADE_NEEDMORE_ANGRY_1">
			<Text>탐욕은 죄악이며, 영원한 파멸을 유발합니다. 나는 당신이 제안을 다시 개선할 것을 기도합니다.</Text>
    </Row>
    <Row Tag="TXT_KEY_LEADER_ISABELLA_TRADE_NEEDMORE_ANGRY_2">
      <Text>당신은 더 나은 제안을 해야 합니다.</Text>
    </Row>
    <Row Tag="TXT_KEY_LEADER_ISABELLA_TRADE_NEEDMORE_ANGRY_3">
      <Text>충분하지 않습니다.</Text>
    </Row>
    <Row Tag="TXT_KEY_LEADER_ISABELLA_TRADE_NEEDMORE_HAPPY_1">
			<Text>탐욕은 죄악입니다. 좀 더 나은 제안은 없습니까?</Text>
    </Row>
    <Row Tag="TXT_KEY_LEADER_ISABELLA_TRADE_NEEDMORE_HAPPY_2">
			<Text>이것이 당신이 할 수 있는 최선입니까?</Text>
    </Row>
    <Row Tag="TXT_KEY_LEADER_ISABELLA_TRADE_NEEDMORE_HAPPY_3">
			<Text>조금만 거의...</Text>
    </Row>
    <Row Tag="TXT_KEY_LEADER_ISABELLA_TRADE_NEEDMORE_NEUTRAL_1">
			<Text>관용은 영혼에 좋습니다. 좀 더 나은 제안은 없습니까?</Text>
    </Row>
    <Row Tag="TXT_KEY_LEADER_ISABELLA_TRADE_NEEDMORE_NEUTRAL_2">
      <Text>생각했던 것보다 충분하지 못합니다.</Text>
    </Row>
    <Row Tag="TXT_KEY_LEADER_ISABELLA_TRADE_NEEDMORE_NEUTRAL_3">
      <Text>조금 더...</Text>
    </Row>
    <Row Tag="TXT_KEY_LEADER_ISABELLA_TRADE_NO_ANGRY">
			<Text>나는 당신 같은 교활한 사람의 입놀림은 듣지 않을 것입니다. 당신의 제안은 거절되었습니다.</Text>
    </Row>
    <Row Tag="TXT_KEY_LEADER_ISABELLA_TRADE_NO_HAPPY">
			<Text>당신의 영혼 깊숙한 곳에서 찾아보면, 당신의 제안이 불공평하다는 것을 알 것입니다. 나는 이 제안을 거절해야만 합니다.</Text>
    </Row>
    <Row Tag="TXT_KEY_LEADER_ISABELLA_TRADE_NO_NEUTRAL">
			<Text>나는 국민의 재산을 관리하는 신의 대리자로 임명되어 있습니다. 당신의 제안은 불공평하며, 동의할 수 없습니다.</Text>
    </Row>
    <Row Tag="TXT_KEY_LEADER_ISABELLA_TRADE_YES_ANGRY">
			<Text>동의합니다. 당신은 가도 좋습니다.</Text>
    </Row>
    <Row Tag="TXT_KEY_LEADER_ISABELLA_TRADE_YES_HAPPY">
			<Text>당신은 참으로 공정하고 정당한 교섭자입니다. 동의합니다.</Text>
    </Row>
    <Row Tag="TXT_KEY_LEADER_ISABELLA_TRADE_YES_NEUTRAL">
			<Text>당신의 조건은 정당합니다. 동의합니다.</Text>
    </Row>
    <Row Tag="TXT_KEY_LEADER_ISABELLA_TRADEREQUEST_ANGRY">
			<Text>스페인의 통치자로서, 때론 내가 불쾌하다는 것을 아는 사람과 논의해야 하는 것은 나의 의무입니다. 바로 지금이 그런 때입니다.</Text>
    </Row>
    <Row Tag="TXT_KEY_LEADER_ISABELLA_TRADEREQUEST_HAPPY">
			<Text>나의 소중한 친구여, 나는 이 거래가 우리 둘 모두에게 도움이 되리라고 생각하며, 우리의 적에 혼란을 가져오게 될 겁니다.</Text>
    </Row>
    <Row Tag="TXT_KEY_LEADER_ISABELLA_TRADEREQUEST_NEUTRAL">
			<Text>나는 이 거래가 당신의 은총을 받길 희망합니다.</Text>
    </Row>
    <Row Tag="TXT_KEY_LEADER_ISABELLA_TRIBUTE_NO_ANGRY">
			<Text>감히 당신이 말입니까? 나는 당신의 뻔뻔스러움에 번개가 치지 않은 것에 대해 깜짝 놀랐습니다!</Text>
    </Row>
    <Row Tag="TXT_KEY_LEADER_ISABELLA_TRIBUTE_NO_HAPPY">
			<Text>나는 당신이 지금 원하는 것을 줄 수 없습니다. 하지만, 나는 당신이 구제되기를 기도하겠다고 약속합니다.</Text>
    </Row>
    <Row Tag="TXT_KEY_LEADER_ISABELLA_TRIBUTE_NO_NEUTRAL">
			<Text>당신은 내가 관용할 만큼 가치가 없습니다.</Text>
    </Row>
    <Row Tag="TXT_KEY_LEADER_ISABELLA_TRIBUTE_YES_ANGRY">
			<Text>나는 당신의 죄악스러운 마음이 우리의 이타적인 너그러움에 의해 부끄럽게 생각되기를 기도합니다.</Text>
    </Row>
    <Row Tag="TXT_KEY_LEADER_ISABELLA_TRIBUTE_YES_HAPPY">
			<Text>물론입니다. 고결한 사람은 이교도에 맞서 함께 단결해야 합니다!</Text>
    </Row>
    <Row Tag="TXT_KEY_LEADER_ISABELLA_TRIBUTE_YES_NEUTRAL">
			<Text>알겠습니다. 신은 우리에게 빈곤자에 대해 관대하게 대하라고 지시했습니다.</Text>
    </Row>
    <Row Tag="TXT_KEY_LEADER_ISABELLA_WARBLUFF_1">
			<Text>신은 당신에게 매우 실망합니다.</Text>
    </Row>
    <Row Tag="TXT_KEY_LEADER_ISABELLA_WARBLUFF_2">
			<Text>당신은 위험한 놀이를 하고 있습니다.</Text>
    </Row>
    <Row Tag="TXT_KEY_LEADER_ISABELLA_WARBLUFF_3">
			<Text>아주 좋습니다. 다음부터는 나의 친절을 바라지 마세요!</Text>
    </Row>
    <Row Tag="TXT_KEY_LEADER_ISABELLA_WINWAR_1">
			<Text>당신은 내가 당신을 파멸시키는 것에 대해 자비를 베풀 것을 신이 얘기해주는 행운아입니다.</Text>
    </Row>
  </Language_KO_KR>
</GameData>