﻿<?xml version="1.0" encoding="utf-8"?>
<!--Sid Meier's Civilization V -->
<!--Copyright Firaxis Games 2010 -->
<!--File created by Paul Murphy-->
<GameData>
	<Language_KO_KR>
		<Row Tag="TXT_KEY_TECH_ALPHABET">
			<Text>문자</Text>
			<Plurality>2</Plurality>
		</Row>
		<Row Tag="TXT_KEY_TECH_ANIMAL_HUSBANDRY">
			<Text>목축업</Text>
		</Row>
		<Row Tag="TXT_KEY_TECH_BIOLOGY">
			<Text>생물학</Text>
		</Row>
		<Row Tag="TXT_KEY_TECH_BRONZE_WORKING">
			<Text>청동기술</Text>
		</Row>
		<Row Tag="TXT_KEY_TECH_CHEMISTRY">
			<Text>화학</Text>
		</Row>
		<Row Tag="TXT_KEY_TECH_CHIVALRY">
			<Text>기사도</Text>
			<Plurality>2</Plurality>
		</Row>
		<Row Tag="TXT_KEY_TECH_COMPASS">
			<Text>나침반</Text>
		</Row>
		<Row Tag="TXT_KEY_TECH_CONSTRUCTION">
			<Text>건설</Text>
		</Row>
		<Row Tag="TXT_KEY_TECH_DYNAMITE">
			<Text>다이너마이트</Text>
			<Plurality>2</Plurality>
		</Row>
		<Row Tag="TXT_KEY_TECH_ECONOMICS">
			<Text>경제학</Text>
		</Row>
		<Row Tag="TXT_KEY_TECH_EDUCATION">
			<Text>교육</Text>
		</Row>
		<Row Tag="TXT_KEY_TECH_ELECTRICITY">
			<Text>전기</Text>
			<Plurality>2</Plurality>
		</Row>
		<Row Tag="TXT_KEY_TECH_ENGINEERING">
			<Text>공학</Text>
		</Row>
		<Row Tag="TXT_KEY_TECH_FUTURE_TECH">
			<Text>미래기술</Text>
		</Row>
		<Row Tag="TXT_KEY_TECH_GUNPOWDER">
			<Text>화약</Text>
		</Row>
		<Row Tag="TXT_KEY_TECH_HORSEBACK_RIDING">
			<Text>기마술</Text>
		</Row>
		<Row Tag="TXT_KEY_TECH_INTERCHANGEABLE_PARTS">
			<Text>교환부품</Text>
		</Row>
		<Row Tag="TXT_KEY_TECH_IRON_WORKING">
			<Text>철제기술</Text>
		</Row>
		<Row Tag="TXT_KEY_TECH_MACHINERY">
			<Text>기계장치</Text>
			<Plurality>2</Plurality>
		</Row>
		<Row Tag="TXT_KEY_TECH_MASONRY">
			<Text>석조기술</Text>
		</Row>
		<Row Tag="TXT_KEY_TECH_MATHEMATICS">
			<Text>수학</Text>
		</Row>
		<Row Tag="TXT_KEY_TECH_MEDICINE">
			<Text>의학</Text>
		</Row>
		<Row Tag="TXT_KEY_TECH_METAL_CASTING">
			<Text>주조</Text>
			<Plurality>2</Plurality>
		</Row>
		<Row Tag="TXT_KEY_TECH_METALLURGY">
			<Text>금속학</Text>
		</Row>
		<Row Tag="TXT_KEY_TECH_MILITARY_SCIENCE">
			<Text>군사과학</Text>
		</Row>
		<Row Tag="TXT_KEY_TECH_MINING">
			<Text>채광</Text>
		</Row>
		<Row Tag="TXT_KEY_TECH_PHYSICS">
			<Text>물리학</Text>
		</Row>
		<Row Tag="TXT_KEY_TECH_POTTERY">
			<Text>도예</Text>
			<Plurality>2</Plurality>
		</Row>
		<Row Tag="TXT_KEY_TECH_RAILROAD">
			<Text>철도</Text>
			<Plurality>2</Plurality>
		</Row>
		<Row Tag="TXT_KEY_TECH_RIFLING">
			<Text>강선</Text>
		</Row>
		<Row Tag="TXT_KEY_TECH_SAILING">
			<Text>항해</Text>
			<Plurality>2</Plurality>
		</Row>
		<Row Tag="TXT_KEY_TECH_SCIENTIFIC_METHOD">
			<Text>과학이론</Text>
		</Row>
		<Row Tag="TXT_KEY_TECH_STEAM_POWER">
			<Text>증기력</Text>
		</Row>
		<Row Tag="TXT_KEY_TECH_STEEL">
			<Text>강철</Text>
		</Row>
		<Row Tag="TXT_KEY_TECH_WRITING">
			<Text>문자</Text>
			<Plurality>2</Plurality>
		</Row>
		<Row Tag="TXT_KEY_TECH_ACOUSTICS_TITLE">
			<Text>음향학</Text>
		</Row>
		<Row Tag="TXT_KEY_TECH_ADVANCED_BALLISTICS_TITLE">
			<Text>고등 탄도학</Text>
		</Row>
		<Row Tag="TXT_KEY_TECH_AGRICULTURE_TITLE">
			<Text>농업</Text>
		</Row>
		<Row Tag="TXT_KEY_TECH_ANIMAL_HUSBANDRY_TITLE">
			<Text>목축업</Text>
		</Row>
		<Row Tag="TXT_KEY_TECH_ARCHAEOLOGY_TITLE">
			<Text>고고학</Text>
		</Row>
		<Row Tag="TXT_KEY_TECH_ARCHERY_TITLE">
			<Text>궁술</Text>
		</Row>
		<Row Tag="TXT_KEY_TECH_ASTRONOMY_TITLE">
			<Text>천문학</Text>
		</Row>
		<Row Tag="TXT_KEY_TECH_ATOMIC_THEORY_TITLE">
			<Text>원자론</Text>
		</Row>
		<Row Tag="TXT_KEY_TECH_BALLISTICS_TITLE">
			<Text>탄도학</Text>
		</Row>
		<Row Tag="TXT_KEY_TECH_BANKING_TITLE">
			<Text>은행</Text>
		</Row>
		<Row Tag="TXT_KEY_TECH_BIOLOGY_TITLE">
			<Text>생물학</Text>
		</Row>
		<Row Tag="TXT_KEY_TECH_BRONZE_WORKING_TITLE">
			<Text>청동기술</Text>
		</Row>
		<Row Tag="TXT_KEY_TECH_CALCULUS_TITLE">
			<Text>미적분학</Text>
		</Row>
		<Row Tag="TXT_KEY_TECH_CALENDAR_TITLE">
			<Text>달력</Text>
		</Row>
		<Row Tag="TXT_KEY_TECH_CHEMISTRY_TITLE">
			<Text>화학</Text>
		</Row>
		<Row Tag="TXT_KEY_TECH_CHIVALRY_TITLE">
			<Text>기사도</Text>
			<Plurality>2</Plurality>
		</Row>
		<Row Tag="TXT_KEY_TECH_CIVIL_SERVICE_TITLE">
			<Text>공공행정</Text>
		</Row>
		<Row Tag="TXT_KEY_TECH_COMBUSTION_TITLE">
			<Text>연소</Text>
			<Plurality>2</Plurality>
		</Row>
		<Row Tag="TXT_KEY_TECH_COMPASS_TITLE">
			<Text>나침반</Text>
		</Row>
		<Row Tag="TXT_KEY_TECH_COMPUTERS_TITLE">
			<Text>컴퓨터</Text>
			<Plurality>2</Plurality>
		</Row>
		<Row Tag="TXT_KEY_TECH_CONSTRUCTION_TITLE">
			<Text>건설</Text>
		</Row>
		<Row Tag="TXT_KEY_TECH_CURRENCY_TITLE">
			<Text>화폐</Text>
			<Plurality>2</Plurality>
		</Row>
		<Row Tag="TXT_KEY_TECH_DYNAMITE_TITLE">
			<Text>다이너마이트</Text>
			<Plurality>2</Plurality>
		</Row>
		<Row Tag="TXT_KEY_TECH_ECOLOGY_TITLE">
			<Text>생태학</Text>
		</Row>
		<Row Tag="TXT_KEY_TECH_ECONOMICS_TITLE">
			<Text>경제학</Text>
		</Row>
		<Row Tag="TXT_KEY_TECH_EDUCATION_TITLE">
			<Text>교육</Text>
		</Row>
		<Row Tag="TXT_KEY_TECH_ELECTRICITY_TITLE">
			<Text>전기</Text>
			<Plurality>2</Plurality>
		</Row>
		<Row Tag="TXT_KEY_TECH_ELECTRONICS_TITLE">
			<Text>전자공학</Text>
		</Row>
		<Row Tag="TXT_KEY_TECH_ENGINEERING_TITLE">
			<Text>공학</Text>
		</Row>
		<Row Tag="TXT_KEY_TECH_FERTILIZER_TITLE">
			<Text>비료</Text>
			<Plurality>2</Plurality>
		</Row>
		<Row Tag="TXT_KEY_TECH_FLIGHT_TITLE">
			<Text>비행</Text>
		</Row>
		<Row Tag="TXT_KEY_TECH_FUTURE_TECH_TITLE">
			<Text>미래기술</Text>
		</Row>
		<Row Tag="TXT_KEY_TECH_GLOBALIZATION_TITLE">
			<Text>세계화</Text>
			<Plurality>2</Plurality>
		</Row>
		<Row Tag="TXT_KEY_TECH_GUNPOWDER_TITLE">
			<Text>화약</Text>
		</Row>
		<Row Tag="TXT_KEY_TECH_HORSEBACK_RIDING_TITLE">
			<Text>기마술</Text>
		</Row>
		<Row Tag="TXT_KEY_TECH_IRON_WORKING_TITLE">
			<Text>철제기술</Text>
		</Row>
		<Row Tag="TXT_KEY_TECH_LASERS_TITLE">
			<Text>레이저</Text>
			<Plurality>2</Plurality>
		</Row>
		<Row Tag="TXT_KEY_TECH_MACHINERY_TITLE">
			<Text>기계장치</Text>
			<Plurality>2</Plurality>
		</Row>
		<Row Tag="TXT_KEY_TECH_MASONRY_TITLE">
			<Text>석조기술</Text>
		</Row>
		<Row Tag="TXT_KEY_TECH_MASS_MEDIA_TITLE">
			<Text>대중매체</Text>
			<Plurality>2</Plurality>
		</Row>
		<Row Tag="TXT_KEY_TECH_MATHEMATICS_TITLE">
			<Text>수학</Text>
		</Row>
		<Row Tag="TXT_KEY_TECH_METAL_CASTING_TITLE">
			<Text>주조</Text>
			<Plurality>2</Plurality>
		</Row>
		<Row Tag="TXT_KEY_TECH_METALLURGY_TITLE">
			<Text>금속학</Text>
		</Row>
		<Row Tag="TXT_KEY_TECH_MILITARY_SCIENCE_TITLE">
			<Text>군사과학</Text>
		</Row>
		<Row Tag="TXT_KEY_TECH_MINING_TITLE">
			<Text>채광</Text>
		</Row>
		<Row Tag="TXT_KEY_TECH_NANOTECHNOLOGY_TITLE">
			<Text>나노기술</Text>
		</Row>
		<Row Tag="TXT_KEY_TECH_NAVIGATION_TITLE">
			<Text>항해술</Text>
		</Row>
		<Row Tag="TXT_KEY_TECH_NUCLEAR_FISSION_TITLE">
			<Text>핵분열</Text>
		</Row>
		<Row Tag="TXT_KEY_TECH_NUCLEAR_FUSION_TITLE">
			<Text>핵융합</Text>
		</Row>
		<Row Tag="TXT_KEY_TECH_OPTICS_TITLE">
			<Text>광학</Text>
		</Row>
		<Row Tag="TXT_KEY_TECH_PARTICLE_PHYSICS_TITLE">
			<Text>입자물리학</Text>
		</Row>
		<Row Tag="TXT_KEY_TECH_PATRONAGE_TITLE">
			<Text>후원</Text>
		</Row>
		<Row Tag="TXT_KEY_TECH_PENICILIN_TITLE">
			<Text>페니실린</Text>
		</Row>
		<Row Tag="TXT_KEY_TECH_PHILOSOPHY_TITLE">
			<Text>철학</Text>
		</Row>
		<Row Tag="TXT_KEY_TECH_PHYSICS_TITLE">
			<Text>물리학</Text>
		</Row>
		<Row Tag="TXT_KEY_TECH_PLASTICS_TITLE">
			<Text>플라스틱</Text>
		</Row>
		<Row Tag="TXT_KEY_TECH_POTTERY_TITLE">
			<Text>도예</Text>
			<Plurality>2</Plurality>
		</Row>
		<Row Tag="TXT_KEY_TECH_PRINTING_PRESS_TITLE">
			<Text>인쇄술</Text>
		</Row>
		<Row Tag="TXT_KEY_TECH_PUBLISHING_TITLE">
			<Text>출판</Text>
		</Row>
		<Row Tag="TXT_KEY_TECH_RADAR_TITLE">
			<Text>레이더</Text>
			<Plurality>2</Plurality>
		</Row>
		<Row Tag="TXT_KEY_TECH_RADIO_TITLE">
			<Text>라디오</Text>
			<Plurality>2</Plurality>
		</Row>
		<Row Tag="TXT_KEY_TECH_RAILROAD_TITLE">
			<Text>철도</Text>
			<Plurality>2</Plurality>
		</Row>
		<Row Tag="TXT_KEY_TECH_REFRIGERATION_TITLE">
			<Text>냉각기술</Text>
		</Row>
		<Row Tag="TXT_KEY_TECH_REPLACEABLE_PARTS_TITLE">
			<Text>교환부품</Text>
		</Row>
		<Row Tag="TXT_KEY_TECH_RIFLING_TITLE">
			<Text>강선</Text>
		</Row>
		<Row Tag="TXT_KEY_TECH_ROBOTICS_TITLE">
			<Text>로봇공학</Text>
		</Row>
		<Row Tag="TXT_KEY_TECH_ROCKETRY_TITLE">
			<Text>로켓공학</Text>
		</Row>
		<Row Tag="TXT_KEY_TECH_SAILING_TITLE">
			<Text>항해</Text>
			<Plurality>2</Plurality>
		</Row>
		<Row Tag="TXT_KEY_TECH_SATELLITES_TITLE">
			<Text>인공위성</Text>
		</Row>
		<Row Tag="TXT_KEY_TECH_SCIENTIFIC_THEORY_TITLE">
			<Text>과학이론</Text>
		</Row>
		<Row Tag="TXT_KEY_TECH_STEALTH_TITLE">
			<Text>스텔스</Text>
			<Plurality>2</Plurality>
		</Row>
		<Row Tag="TXT_KEY_TECH_STEAM_POWER_TITLE">
			<Text>증기력</Text>
		</Row>
		<Row Tag="TXT_KEY_TECH_STEEL_TITLE">
			<Text>강철</Text>
		</Row>
		<Row Tag="TXT_KEY_TECH_TELEGRAPH_TITLE">
			<Text>전신기</Text>
			<Plurality>2</Plurality>
		</Row>
		<Row Tag="TXT_KEY_TECH_THE_WHEEL_TITLE">
			<Text>바퀴</Text>
			<Plurality>2</Plurality>
		</Row>
		<Row Tag="TXT_KEY_TECH_THEOLOGY_TITLE">
			<Text>신학</Text>
		</Row>
		<Row Tag="TXT_KEY_TECH_TRADE_HEADING4_TITLE">
			<Text>무역</Text>
		</Row>
		<Row Tag="TXT_KEY_TECH_TRAPPING_TITLE">
			<Text>수렵</Text>
		</Row>
		<Row Tag="TXT_KEY_TECH_WRITING_TITLE">
			<Text>문자</Text>
			<Plurality>2</Plurality>
		</Row>
	</Language_KO_KR>
</GameData>