﻿<?xml version="1.0" encoding="utf-8"?>
<!--Generated with LocalizationBuddy.-->
<!--Copyright Firaxis Games 2010-->
<!--All Rights Reserved-->
<GameData>
	<Language_KO_KR>
		<Row Tag="TXT_KEY_MONGOL_SCENARIO_CITY_NAME_ALEPPO">
			<Text>알레포</Text>
			<Plurality>2</Plurality>
		</Row>
		<Row Tag="TXT_KEY_MONGOL_SCENARIO_CITY_NAME_BEIJING">
			<Text>베이징</Text>
		</Row>
		<Row Tag="TXT_KEY_MONGOL_SCENARIO_CITY_NAME_CAIRO">
			<Text>카이로</Text>
		</Row>
		<Row Tag="TXT_KEY_MONGOL_SCENARIO_CITY_NAME_CONSTANTINOPLE">
			<Text>콘스탄티노플</Text>
		</Row>
		<Row Tag="TXT_KEY_MONGOL_SCENARIO_CITY_NAME_DAZAIFU">
			<Text>다자이후</Text>
			<Plurality>2</Plurality>
		</Row>
		<Row Tag="TXT_KEY_MONGOL_SCENARIO_CITY_NAME_ISFAHAN">
			<Text>이스파한</Text>
		</Row>
		<Row Tag="TXT_KEY_MONGOL_SCENARIO_CITY_NAME_KAIFENG">
			<Text>카이펑</Text>
		</Row>
		<Row Tag="TXT_KEY_MONGOL_SCENARIO_CITY_NAME_KIEV">
			<Text>키예프</Text>
			<Plurality>2</Plurality>
		</Row>
		<Row Tag="TXT_KEY_MONGOL_SCENARIO_CITY_NAME_LIAOYANG">
			<Text>랴오양</Text>
		</Row>
		<Row Tag="TXT_KEY_MONGOL_SCENARIO_CITY_NAME_MULTAN">
			<Text>뮬탄</Text>
		</Row>
		<Row Tag="TXT_KEY_MONGOL_SCENARIO_CITY_NAME_NISHAPUR">
			<Text>니샤푸르</Text>
			<Plurality>2</Plurality>
		</Row>
		<Row Tag="TXT_KEY_MONGOL_SCENARIO_CITY_NAME_SAMARKAND">
			<Text>사마르칸트</Text>
			<Plurality>2</Plurality>
		</Row>
		<Row Tag="TXT_KEY_MONGOL_SCENARIO_CITY_NAME_TABRIZ">
			<Text>타브리즈</Text>
			<Plurality>2</Plurality>
		</Row>
		<Row Tag="TXT_KEY_MONGOL_SCENARIO_CITY_NAME_TANZHOU">
			<Text>탄저우</Text>
			<Plurality>2</Plurality>
		</Row>
		<Row Tag="TXT_KEY_MONGOL_SCENARIO_CITY_NAME_THESSALONICA">
			<Text>테살로니카</Text>
			<Plurality>2</Plurality>
		</Row>
		<Row Tag="TXT_KEY_MONGOL_SCENARIO_CITY_NAME_URGENCH">
			<Text>우르겐치</Text>
			<Plurality>2</Plurality>
		</Row>
		<Row Tag="TXT_KEY_MONGOL_SCENARIO_CITY_NAME_XIAN">
			<Text>시안</Text>
		</Row>
		<Row Tag="TXT_KEY_MONGOL_SCENARIO_CITY_NAME_XIANGYANG">
			<Text>샹양</Text>
		</Row>
	</Language_KO_KR>
</GameData>