﻿<?xml version="1.0" encoding="utf-8"?>
<!--Generated with LocalizationBuddy.-->
<!--Copyright Firaxis Games 2010-->
<!--All Rights Reserved-->
<GameData>
	<Language_KO_KR>
		<Row Tag="TXT_KEY_CITY_NAME_ALMARIKH">
			<Text>알마리크</Text>
			<Plurality>2</Plurality>
		</Row>
		<Row Tag="TXT_KEY_CITY_NAME_ATLAY">
			<Text>아틀레이</Text>
			<Plurality>2</Plurality>
		</Row>
		<Row Tag="TXT_KEY_CITY_NAME_BARUUNURT">
			<Text>바롱 오르트</Text>
			<Plurality>2</Plurality>
		</Row>
		<Row Tag="TXT_KEY_CITY_NAME_BATSHIREET">
			<Text>바트시레트</Text>
			<Plurality>2</Plurality>
		</Row>
		<Row Tag="TXT_KEY_CITY_NAME_BAYANHONGOR">
			<Text>바양헝거르</Text>
			<Plurality>2</Plurality>
		</Row>
		<Row Tag="TXT_KEY_CITY_NAME_BESHBALIK">
			<Text>베쉬발리크</Text>
			<Plurality>2</Plurality>
		</Row>
		<Row Tag="TXT_KEY_CITY_NAME_CHOYBALSAN">
			<Text>초이발산</Text>
		</Row>
		<Row Tag="TXT_KEY_CITY_NAME_CHOYR">
			<Text>코이어</Text>
			<Plurality>2</Plurality>
		</Row>
		<Row Tag="TXT_KEY_CITY_NAME_DALANDZADGAD">
			<Text>달란드자가드</Text>
			<Plurality>2</Plurality>
		</Row>
		<Row Tag="TXT_KEY_CITY_NAME_DARHAN">
			<Text>다르한</Text>
		</Row>
		<Row Tag="TXT_KEY_CITY_NAME_ERDENET">
			<Text>에르뜨네뜨</Text>
			<Plurality>2</Plurality>
		</Row>
		<Row Tag="TXT_KEY_CITY_NAME_EREEN">
			<Text>이렌</Text>
		</Row>
		<Row Tag="TXT_KEY_CITY_NAME_HARAYRAG">
			<Text>하르 야라그</Text>
			<Plurality>2</Plurality>
		</Row>
		<Row Tag="TXT_KEY_CITY_NAME_HOVD">
			<Text>호브드</Text>
			<Plurality>2</Plurality>
		</Row>
		<Row Tag="TXT_KEY_CITY_NAME_HSIA">
			<Text>하시아</Text>
			<Plurality>2</Plurality>
		</Row>
		<Row Tag="TXT_KEY_CITY_NAME_KARAKORUM">
			<Text>카라코람</Text>
		</Row>
		<Row Tag="TXT_KEY_CITY_NAME_KAZAN">
			<Text>카잔</Text>
		</Row>
		<Row Tag="TXT_KEY_CITY_NAME_MANDALGOVI">
			<Text>만달고비</Text>
			<Plurality>2</Plurality>
		</Row>
		<Row Tag="TXT_KEY_CITY_NAME_NALAYH">
			<Text>날라이흐</Text>
			<Plurality>2</Plurality>
		</Row>
		<Row Tag="TXT_KEY_CITY_NAME_NEWSARAI">
			<Text>뉴 사라이</Text>
			<Plurality>2</Plurality>
		</Row>
		<Row Tag="TXT_KEY_CITY_NAME_OLDSARAI">
			<Text>구 사라이</Text>
			<Plurality>2</Plurality>
		</Row>
		<Row Tag="TXT_KEY_CITY_NAME_OTRAR">
			<Text>오트라르</Text>
			<Plurality>2</Plurality>
		</Row>
		<Row Tag="TXT_KEY_CITY_NAME_SAMARQAND">
			<Text>사마르칸트</Text>
			<Plurality>2</Plurality>
		</Row>
		<Row Tag="TXT_KEY_CITY_NAME_SANCHU">
			<Text>산추</Text>
			<Plurality>2</Plurality>
		</Row>
		<Row Tag="TXT_KEY_CITY_NAME_TABRIZ">
			<Text>타브리즈</Text>
			<Plurality>2</Plurality>
		</Row>
		<Row Tag="TXT_KEY_CITY_NAME_TES">
			<Text>테스</Text>
			<Plurality>2</Plurality>
		</Row>
		<Row Tag="TXT_KEY_CITY_NAME_TIFLIS">
			<Text>티플리스</Text>
			<Plurality>2</Plurality>
		</Row>
		<Row Tag="TXT_KEY_CITY_NAME_TOSONTSENGEL">
			<Text>터성쳉겔</Text>
		</Row>
		<Row Tag="TXT_KEY_CITY_NAME_TSETSERLEG">
			<Text>체트세르레그</Text>
			<Plurality>2</Plurality>
		</Row>
		<Row Tag="TXT_KEY_CITY_NAME_TURFAN">
			<Text>투루판</Text>
		</Row>
		<Row Tag="TXT_KEY_CITY_NAME_ULAANBAATAR">
			<Text>울란바토르</Text>
			<Plurality>2</Plurality>
		</Row>
		<Row Tag="TXT_KEY_CITY_NAME_ULAANGOM">
			<Text>울란곰</Text>
		</Row>
		<Row Tag="TXT_KEY_CITY_NAME_ULIASTAY">
			<Text>울리아스타이</Text>
			<Plurality>2</Plurality>
		</Row>
	</Language_KO_KR>
</GameData>