﻿<?xml version="1.0" encoding="utf-8"?>
<!--Generated with LocalizationBuddy.-->
<!--Copyright Firaxis Games 2010-->
<!--All Rights Reserved-->
<GameData>
  <Language_KO_KR>
    <Row Tag="TXT_KEY_CIV_MONGOL_ADJECTIVE">
			<Text>[COLOR:170:100:0:255]몽골[ENDCOLOR]의</Text>
		</Row>
		<Row Tag="TXT_KEY_CIV_MONGOL_DESC">
			<Text>몽골 제국</Text>
		</Row>
		<Row Tag="TXT_KEY_CIV_MONGOL_SHORT_DESC">
			<Text>[COLOR:170:100:0:255]몽골[ENDCOLOR]</Text>
    </Row>
  </Language_KO_KR>
</GameData>