﻿<?xml version="1.0" encoding="utf-8"?>
<!--Generated with LocalizationBuddy.-->
<!--Copyright Firaxis Games 2010-->
<!--All Rights Reserved-->
<GameData>
	<Language_KO_KR>
		<Row Tag="TXT_KEY_MONGOLIAN_KHAN_BATU">
			<Text>바투</Text>
			<Plurality>2</Plurality>
		</Row>
		<Row Tag="TXT_KEY_MONGOLIAN_KHAN_BERKE">
			<Text>버크</Text>
			<Plurality>2</Plurality>
		</Row>
		<Row Tag="TXT_KEY_MONGOLIAN_KHAN_GENGHIS">
			<Text>칭기즈</Text>
			<Plurality>2</Plurality>
		</Row>
		<Row Tag="TXT_KEY_MONGOLIAN_KHAN_GUYUK">
			<Text>귀위크</Text>
			<Plurality>2</Plurality>
		</Row>
		<Row Tag="TXT_KEY_MONGOLIAN_KHAN_HULEGU">
			<Text>훌레구</Text>
			<Plurality>2</Plurality>
		</Row>
		<Row Tag="TXT_KEY_MONGOLIAN_KHAN_KUBLAI">
			<Text>쿠빌라이</Text>
			<Plurality>2</Plurality>
		</Row>
		<Row Tag="TXT_KEY_MONGOLIAN_KHAN_MONGKE">
			<Text>뭉케</Text>
			<Plurality>2</Plurality>
		</Row>
		<Row Tag="TXT_KEY_MONGOLIAN_KHAN_MONGKE_TEMUR">
			<Text>몽케티무르</Text>
			<Plurality>2</Plurality>
		</Row>
		<Row Tag="TXT_KEY_MONGOLIAN_KHAN_OGEDEI">
			<Text>우구데이</Text>
			<Plurality>2</Plurality>
		</Row>
		<Row Tag="TXT_KEY_MONGOLIAN_KHAN_TEMUR_KHAGAN">
			<Text>티무르칸</Text>
		</Row>
		<Row Tag="TXT_KEY_PROMOTION_GAIN_EXPERIENCE">
			<Text>빠른 이해력</Text>
		</Row>
		<Row Tag="TXT_KEY_PROMOTION_GAIN_EXPERIENCE_HELP">
			<Text>경험치 획득 속도 [COLOR_POSITIVE_TEXT]+50%[ENDCOLOR] 빨라짐</Text>
		</Row>
		<Row Tag="TXT_KEY_PROMOTION_MEDIC_GENERAL">
			<Text>회복 강화</Text>
		</Row>
		<Row Tag="TXT_KEY_PROMOTION_MEDIC_GENERAL_HELP">
			<Text>이 유닛을 포함한 인근 타일에 있는 다른 모든 유닛이 매 턴 체력을 추가 [COLOR_POSITIVE_TEXT]15[ENDCOLOR] 회복합니다.</Text>
		</Row>
		<Row Tag="TXT_KEY_UNIT_MONGOL_KESHIK">
			<Text>케식</Text>
		</Row>
		<Row Tag="TXT_KEY_UNIT_MONGOL_KHAN">
			<Text>칸</Text>
		</Row>
	</Language_KO_KR>
</GameData>