﻿<?xml version="1.0" encoding="utf-8"?>
<!--Generated with LocalizationBuddy.-->
<!--Copyright Firaxis Games 2010-->
<!--All Rights Reserved-->
<GameData>
  <Language_KO_KR>
    <Row Tag="TXT_KEY_0E3751A1F8404E1B9706519BF484E59D_DESCRIPTION">
      <Text>신과 왕 확장팩</Text>
    </Row>
    <Row Tag="TXT_KEY_0E3751A1F8404E1B9706519BF484E59D_NAME">
      <Text>신과 왕 확장팩</Text>
    </Row>
    <Row Tag="TXT_KEY_112C22B2530842B6B734171CCAB3037B_DESCRIPTION">
      <Text>세종대왕의 한국</Text>
    </Row>
    <Row Tag="TXT_KEY_112C22B2530842B6B734171CCAB3037B_NAME">
      <Text>한국</Text>
    </Row>
    <Row Tag="TXT_KEY_293C1EE3117644F6AC1F59663826DE74_DESCRIPTION">
      <Text>칭기스칸의 몽골</Text>
    </Row>
    <Row Tag="TXT_KEY_293C1EE3117644F6AC1F59663826DE74_NAME">
      <Text>몽골</Text>
    </Row>
    <Row Tag="TXT_KEY_3F49DF5468B644D1A930A168628FAA59_DESCRIPTION">
      <Text>탐험가 지도 팩</Text>
    </Row>
    <Row Tag="TXT_KEY_3F49DF5468B644D1A930A168628FAA59_NAME">
      <Text>탐험가 지도 팩</Text>
    </Row>
    <Row Tag="TXT_KEY_4255F5F7D3AB4E55ACEE4670082040ED_DESCRIPTION">
      <Text>뒤죽박죽 국가 지도 팩</Text>
    </Row>
    <Row Tag="TXT_KEY_4255F5F7D3AB4E55ACEE4670082040ED_NAME">
      <Text>뒤죽박죽 국가 지도 팩</Text>
    </Row>
    <Row Tag="TXT_KEY_46EAEFFC7B1D443DBFC8F825DFEFB094_DESCRIPTION">
      <Text>뒤죽박죽 대륙 지도 팩</Text>
    </Row>
    <Row Tag="TXT_KEY_46EAEFFC7B1D443DBFC8F825DFEFB094_NAME">
      <Text>뒤죽박죽 대륙 지도 팩</Text>
    </Row>
    <Row Tag="TXT_KEY_6DA0763641234018B6436575B4EC336B_DESCRIPTION">
      <Text>멋진 신세계 확장팩</Text>
    </Row>
    <Row Tag="TXT_KEY_6DA0763641234018B6436575B4EC336B_NAME">
      <Text>멋진 신세계 확장팩</Text>
    </Row>
    <Row Tag="TXT_KEY_7459BA32576444AE8E9501AD0E0EFD48_DESCRIPTION">
      <Text>네부카드네자르의 바빌론</Text>
    </Row>
    <Row Tag="TXT_KEY_7459BA32576444AE8E9501AD0E0EFD48_NAME">
      <Text>바빌론</Text>
    </Row>
    <Row Tag="TXT_KEY_8871E74829A449108C578C99E32D0167_DESCRIPTION">
      <Text>업그레이드 데이터 1</Text>
    </Row>
    <Row Tag="TXT_KEY_8871E74829A449108C578C99E32D0167_NAME">
      <Text>업그레이드 1</Text>
    </Row>
    <Row Tag="TXT_KEY_ACE_PATROL_PROMO">
      <Text>STEAM의 에이스 패트롤</Text>
    </Row>
    <Row Tag="TXT_KEY_B3030D39C0D84BC791B17AD1CAF585AB_DESCRIPTION">
      <Text>하랄 블로탄의 덴마크</Text>
    </Row>
    <Row Tag="TXT_KEY_B3030D39C0D84BC791B17AD1CAF585AB_NAME">
      <Text>덴마크</Text>
    </Row>
    <Row Tag="TXT_KEY_B685D5DE7CCA4E7581B42F60754E6330_DESCRIPTION">
      <Text>이사벨라의 스페인과 파차쿠티의 잉카</Text>
    </Row>
    <Row Tag="TXT_KEY_B685D5DE7CCA4E7581B42F60754E6330_NAME">
      <Text>스페인과 잉카</Text>
    </Row>
    <Row Tag="TXT_KEY_BBB0D085A0B14475B0073E549CF3ADC3_DESCRIPTION">
      <Text>고대 세계의 불가사의</Text>
    </Row>
    <Row Tag="TXT_KEY_BBB0D085A0B14475B0073E549CF3ADC3_NAME">
      <Text>고대 불가사의</Text>
    </Row>
    <Row Tag="TXT_KEY_CIVWORLD">
      <Text>CIVWORLD 지금 플레이!</Text>
    </Row>
    <Row Tag="TXT_KEY_DENMARK_DLC_AVAILABLE">
      <Text>바이킹 DLC 출시</Text>
    </Row>
    <Row Tag="TXT_KEY_DLC_AVAILABLE">
      <Text>지도 팩 다운로드 가능</Text>
    </Row>
    <Row Tag="TXT_KEY_DLC_MAP_PACK_2_AVAILABLE">
      <Text>뒤죽박죽 대륙</Text>
    </Row>
    <Row Tag="TXT_KEY_DLC_MAP_PACK_3_AVAILABLE">
      <Text>뒤죽박죽 국가</Text>
    </Row>
    <Row Tag="TXT_KEY_EA67AED558594875BF3A360FE9E55D1B_DESCRIPTION">
      <Text>신세계 정복 디럭스</Text>
    </Row>
    <Row Tag="TXT_KEY_EA67AED558594875BF3A360FE9E55D1B_NAME">
      <Text>정복 디럭스</Text>
    </Row>
    <Row Tag="TXT_KEY_ECF7C605BA114CAC8D80D71306AAC471_DESCRIPTION">
      <Text>카메하메하의 폴리네시아</Text>
    </Row>
    <Row Tag="TXT_KEY_ECF7C605BA114CAC8D80D71306AAC471_NAME">
      <Text>폴리네시아</Text>
    </Row>
    <Row Tag="TXT_KEY_KOREA_WONDERS_AVAILABLE">
      <Text>한국과 고대 불가사의</Text>
    </Row>
    <Row Tag="TXT_KEY_KOREA_WONDERS_SHORT_AVAILABLE">
      <Text>한국과 불가사의</Text>
    </Row>
    <Row Tag="TXT_KEY_NOW_AVAILABLE">
      <Text>지금 다운로드 가능</Text>
    </Row>
    <Row Tag="TXT_KEY_POLYNESIA_DLC_AVAILABLE">
      <Text>폴리네시아 DLC 다운로드 가능</Text>
    </Row>
    <Row Tag="TXT_KEY_SPMAPPACK_DLC_AVAILABLE">
      <Text>지도 팩 DLC 출시</Text>
    </Row>
  </Language_KO_KR>
</GameData>