<?xml version="1.0" encoding="utf-8"?>
<!-- Created by ModBuddy on 7/12/2014 10:03:03 PM -->
<GameData>
	<Language_ko_KR>
		<Row Tag="TXT_KEY_BUILDING_TIDAL_PLANT">
			<Text>조력 발전소</Text>
		</Row>
		<Row Tag="TXT_KEY_BUILDING_TIDAL_PLANT_TEXT">
			<Text>A Tidal Power Plant is renewable energy source which harnesses the energy of tides to produce usable electric energy. Tidal energy can take many forms, including stationary or tethered turbines similar to undersea wind turbines, or tidal barrages that mimic traditional hydroelectric stations. Tidal energy solutions are especially attractive in comparison to wind and solar because of their consistency and predictability.[NEWLINE][NEWLINE]Of the various renewable energy solutions available, tidal energy is the youngest and still the most problematic. Corrosion and wear are costly hurdles to wide deployment of tidal power, as well as the limited number of potential sites with high flow velocities. Today, tidal power contributes less than 1% of total global power generation, with facilities in France, the UK, South Korea, and Canada.</Text>
		</Row>
		<Row Tag="TXT_KEY_BUILDING_TIDAL_PLANT_STRATEGY">
			<Text>The Tidal Plant is an Atomic-era building which can only be constructed in a coastal city. The Tidal Plant increases the [ICON_PRODUCTION] Production, [ICON_RESEARCH] Science, [ICON_FOOD] Food, and [ICON_GOLD] Gold output of every Ocean tile the city works and increases the efficiency of working processes.</Text>
		</Row>
		<Row Tag="TXT_KEY_BUILDING_TIDAL_PLANT_HELP">
			<Text>도시의 [ICON_PRODUCTION]생산을 다른 산출량으로 전환할 때의 효율성이 [COLOR_POSITIVE_TEXT]10%[ENDCOLOR] 증가합니다.[NEWLINE][NEWLINE]해양 타일의 [ICON_PRODUCTION] 생산, [ICON_RESEARCH] 과학, [ICON_FOOD] 식량, and [ICON_GOLD] 골드가 +2 증가합니다.[NEWLINE][NEWLINE][ICON_RES_ALUMINUM]알루미늄 [COLOR_NEGATIVE_TEXT]1개[ENDCOLOR]가 필요합니다. 해안에만 건설할 수 있습니다. 도시에 다른 [COLOR_NEGATIVE_TEXT]발전소[ENDCOLOR]가 없어야 건설할 수 있습니다.</Text>
		</Row>
	</Language_ko_KR>
</GameData>