﻿<?xml version="1.0" encoding="utf-8"?>
<!--Generated with LocalizationBuddy.-->
<!--Copyright Firaxis Games 2010-->
<!--All Rights Reserved-->
<GameData>
    <Language_KO_KR>
        <Row Tag="TXT_KEY_CITY_NAME_ACAPULCO">
            <Text>아카풀코</Text>
            <Plurality>2</Plurality>
        </Row>
        <Row Tag="TXT_KEY_CITY_NAME_ANTIGUA">
            <Text>안티가</Text>
            <Plurality>2</Plurality>
        </Row>
        <Row Tag="TXT_KEY_CITY_NAME_ARUBA">
            <Text>아루바</Text>
            <Plurality>2</Plurality>
        </Row>
        <Row Tag="TXT_KEY_CITY_NAME_ASUNCION">
            <Text>아순시온</Text>
        </Row>
        <Row Tag="TXT_KEY_CITY_NAME_BEVERWIJCK">
            <Text>베베르베이크</Text>
            <Plurality>2</Plurality>
        </Row>
        <Row Tag="TXT_KEY_CITY_NAME_BONAIRE">
            <Text>보네르</Text>
            <Plurality>2</Plurality>
        </Row>
        <Row Tag="TXT_KEY_CITY_NAME_BUENOS_AIRES">
            <Text>부에노스 아이레스</Text>
            <Plurality>2</Plurality>
        </Row>
        <Row Tag="TXT_KEY_CITY_NAME_CALLAO">
            <Text>카야오</Text>
            <Plurality>2</Plurality>
        </Row>
        <Row Tag="TXT_KEY_CITY_NAME_CARTAGENA">
            <Text>카르타헤나</Text>
            <Plurality>2</Plurality>
        </Row>
        <Row Tag="TXT_KEY_CITY_NAME_CAYENNE">
            <Text>카이엔</Text>
        </Row>
        <Row Tag="TXT_KEY_CITY_NAME_CHARLESBOURG_ROYALE">
            <Text>찰스버그 로얄</Text>
        </Row>
        <Row Tag="TXT_KEY_CITY_NAME_CURACAO">
            <Text>퀴라소</Text>
            <Plurality>2</Plurality>
        </Row>
        <Row Tag="TXT_KEY_CITY_NAME_DOMINICA">
            <Text>도미니카</Text>
            <Plurality>2</Plurality>
        </Row>
        <Row Tag="TXT_KEY_CITY_NAME_FORT_CAROLINE">
            <Text>포트 캐롤라인</Text>
        </Row>
        <Row Tag="TXT_KEY_CITY_NAME_FORT_GOEDE_HOOP">
            <Text>괴데 훕 요새</Text>
            <Plurality>2</Plurality>
        </Row>
        <Row Tag="TXT_KEY_CITY_NAME_FORT_KYK_OVER_AL">
            <Text>키크 오버 알 요새</Text>
            <Plurality>2</Plurality>
        </Row>
        <Row Tag="TXT_KEY_CITY_NAME_FORT_SAINT_PIERRE">
            <Text>포트 세인트 피에르</Text>
            <Plurality>2</Plurality>
        </Row>
        <Row Tag="TXT_KEY_CITY_NAME_FRANCE_ANTARCTIQUE">
            <Text>프랑스 앙따르띠끄</Text>
            <Plurality>2</Plurality>
        </Row>
        <Row Tag="TXT_KEY_CITY_NAME_HAVANA">
            <Text>아바나</Text>
            <Plurality>2</Plurality>
        </Row>
        <Row Tag="TXT_KEY_CITY_NAME_IGARASSU">
            <Text>이가라수</Text>
            <Plurality>2</Plurality>
        </Row>
        <Row Tag="TXT_KEY_CITY_NAME_JAMESTOWN">
            <Text>제임스타운</Text>
        </Row>
        <Row Tag="TXT_KEY_CITY_NAME_LA_GRENADE">
            <Text>라 그레나데</Text>
            <Plurality>2</Plurality>
        </Row>
        <Row Tag="TXT_KEY_CITY_NAME_MONTREAL">
            <Text>몬트리올</Text>
        </Row>
        <Row Tag="TXT_KEY_CITY_NAME_NEW_AMSTERDAM">
            <Text>뉴 암스테르담</Text>
        </Row>
        <Row Tag="TXT_KEY_CITY_NAME_NOMBRE_DE_DIOS">
            <Text>놈브레 데 디오스</Text>
            <Plurality>2</Plurality>
        </Row>
        <Row Tag="TXT_KEY_CITY_NAME_OLINDA">
            <Text>올린다</Text>
            <Plurality>2</Plurality>
        </Row>
        <Row Tag="TXT_KEY_CITY_NAME_PANAMA">
            <Text>파나마</Text>
            <Plurality>2</Plurality>
        </Row>
        <Row Tag="TXT_KEY_CITY_NAME_PARAMARIBO">
            <Text>파라마리보</Text>
            <Plurality>2</Plurality>
        </Row>
        <Row Tag="TXT_KEY_CITY_NAME_PAVONIA">
            <Text>파보니아</Text>
            <Plurality>2</Plurality>
        </Row>
        <Row Tag="TXT_KEY_CITY_NAME_PLYMOUTH_COLONY">
            <Text>플리머스 식민지</Text>
            <Plurality>2</Plurality>
        </Row>
        <Row Tag="TXT_KEY_CITY_NAME_PORT_ROYAL">
            <Text>포트 로얄</Text>
        </Row>
        <Row Tag="TXT_KEY_CITY_NAME_PORTO_SEGURO">
            <Text>포르투 세구로</Text>
            <Plurality>2</Plurality>
        </Row>
        <Row Tag="TXT_KEY_CITY_NAME_PROVIDENCE">
            <Text>프로비던스</Text>
            <Plurality>2</Plurality>
        </Row>
        <Row Tag="TXT_KEY_CITY_NAME_QUEBEC">
            <Text>퀘백</Text>
        </Row>
        <Row Tag="TXT_KEY_CITY_NAME_ROANOKE_ISLAND">
            <Text>로아노크 아일랜드</Text>
            <Plurality>2</Plurality>
        </Row>
        <Row Tag="TXT_KEY_CITY_NAME_SABA">
            <Text>사바</Text>
            <Plurality>2</Plurality>
        </Row>
        <Row Tag="TXT_KEY_CITY_NAME_SAINT_CRISTOPHE">
            <Text>세잉 크리스또프</Text>
            <Plurality>2</Plurality>
        </Row>
        <Row Tag="TXT_KEY_CITY_NAME_SALEM">
            <Text>세일럼</Text>
        </Row>
        <Row Tag="TXT_KEY_CITY_NAME_SALVADOR_DA_BAHIA">
            <Text>살바도르 다 바히아</Text>
            <Plurality>2</Plurality>
        </Row>
        <Row Tag="TXT_KEY_CITY_NAME_SAN_JUAN">
            <Text>산 후안</Text>
        </Row>
        <Row Tag="TXT_KEY_CITY_NAME_SANTO_DOMINGO">
            <Text>산토 도밍고</Text>
            <Plurality>2</Plurality>
        </Row>
        <Row Tag="TXT_KEY_CITY_NAME_SAO_CRISTOVAO">
            <Text>사오 크리스토바오</Text>
            <Plurality>2</Plurality>
        </Row>
        <Row Tag="TXT_KEY_CITY_NAME_SAO_VICENTE">
            <Text>사오 빈센테</Text>
            <Plurality>2</Plurality>
        </Row>
        <Row Tag="TXT_KEY_CITY_NAME_SAYBROOK">
            <Text>세이브룩</Text>
        </Row>
        <Row Tag="TXT_KEY_CITY_NAME_SINT_EUSTATIUS">
            <Text>신트 외스타티위스</Text>
            <Plurality>2</Plurality>
        </Row>
        <Row Tag="TXT_KEY_CITY_NAME_SINT_MAARTEN">
            <Text>신트 마르턴</Text>
        </Row>
        <Row Tag="TXT_KEY_CITY_NAME_ST_GEORGE">
            <Text>세인트 조지</Text>
            <Plurality>2</Plurality>
        </Row>
        <Row Tag="TXT_KEY_CITY_NAME_ST_JOHNS">
            <Text>세인트 존스</Text>
            <Plurality>2</Plurality>
        </Row>
        <Row Tag="TXT_KEY_CITY_NAME_ST_MARYS_CITY">
            <Text>세인트 매리스 시티</Text>
            <Plurality>2</Plurality>
        </Row>
        <Row Tag="TXT_KEY_CITY_NAME_TADOUSSAC">
            <Text>타두삭</Text>
        </Row>
        <Row Tag="TXT_KEY_CITY_NAME_TROIS_RIVIERES">
            <Text>트로와 리베</Text>
            <Plurality>2</Plurality>
        </Row>
        <Row Tag="TXT_KEY_CITY_NAME_VALPARAISO">
            <Text>발파라이소</Text>
            <Plurality>2</Plurality>
        </Row>
        <Row Tag="TXT_KEY_CITY_NAME_VERACRUZ">
            <Text>베라크루즈</Text>
            <Plurality>2</Plurality>
        </Row>
        <Row Tag="TXT_KEY_CITY_NAME_WETHERSFIELD">
            <Text>웨더즈필드</Text>
            <Plurality>2</Plurality>
        </Row>
        <Row Tag="TXT_KEY_CITY_NAME_WILTWIJCK">
            <Text>윌트윅</Text>
        </Row>
        <Row Tag="TXT_KEY_CITY_NAME_WINDSOR">
            <Text>윈저</Text>
            <Plurality>2</Plurality>
        </Row>
        <Row Tag="TXT_KEY_NEWWORLD_SCENARIO_CITY_NAME_ALCORCON">
            <Text>알코르콘</Text>
        </Row>
        <Row Tag="TXT_KEY_NEWWORLD_SCENARIO_CITY_NAME_ALICANTE">
            <Text>알리칸테</Text>
            <Plurality>2</Plurality>
        </Row>
        <Row Tag="TXT_KEY_NEWWORLD_SCENARIO_CITY_NAME_ALKMAAR">
            <Text>알크마르</Text>
            <Plurality>2</Plurality>
        </Row>
        <Row Tag="TXT_KEY_NEWWORLD_SCENARIO_CITY_NAME_ALMERE">
            <Text>알미르</Text>
            <Plurality>2</Plurality>
        </Row>
        <Row Tag="TXT_KEY_NEWWORLD_SCENARIO_CITY_NAME_ALMERIA">
            <Text>알메리아</Text>
            <Plurality>2</Plurality>
        </Row>
        <Row Tag="TXT_KEY_NEWWORLD_SCENARIO_CITY_NAME_ALTARDESACRIFICIOS">
            <Text>알타드새크리피셔스</Text>
            <Plurality>2</Plurality>
        </Row>
        <Row Tag="TXT_KEY_NEWWORLD_SCENARIO_CITY_NAME_AMERSFOORT">
            <Text>아메르스포르트</Text>
            <Plurality>2</Plurality>
        </Row>
        <Row Tag="TXT_KEY_NEWWORLD_SCENARIO_CITY_NAME_AMSTERDAM">
            <Text>암스테르담</Text>
        </Row>
        <Row Tag="TXT_KEY_NEWWORLD_SCENARIO_CITY_NAME_ANDAHUAYLAS">
            <Text>안다우일라스</Text>
            <Plurality>2</Plurality>
        </Row>
        <Row Tag="TXT_KEY_NEWWORLD_SCENARIO_CITY_NAME_APELDOOM">
            <Text>아펠두른</Text>
        </Row>
        <Row Tag="TXT_KEY_NEWWORLD_SCENARIO_CITY_NAME_AREQUIPA">
            <Text>아레키파</Text>
            <Plurality>2</Plurality>
        </Row>
        <Row Tag="TXT_KEY_NEWWORLD_SCENARIO_CITY_NAME_ARNHEM">
            <Text>아른험</Text>
        </Row>
        <Row Tag="TXT_KEY_NEWWORLD_SCENARIO_CITY_NAME_ASTURIAS">
            <Text>아스투리아스</Text>
            <Plurality>2</Plurality>
        </Row>
        <Row Tag="TXT_KEY_NEWWORLD_SCENARIO_CITY_NAME_ATICO">
            <Text>아티코</Text>
            <Plurality>2</Plurality>
        </Row>
        <Row Tag="TXT_KEY_NEWWORLD_SCENARIO_CITY_NAME_BADAJOZ">
            <Text>바다호스</Text>
            <Plurality>2</Plurality>
        </Row>
        <Row Tag="TXT_KEY_NEWWORLD_SCENARIO_CITY_NAME_BARCELONA">
            <Text>바르셀로나</Text>
            <Plurality>2</Plurality>
        </Row>
        <Row Tag="TXT_KEY_NEWWORLD_SCENARIO_CITY_NAME_BILBAO">
            <Text>빌바오</Text>
            <Plurality>2</Plurality>
        </Row>
        <Row Tag="TXT_KEY_NEWWORLD_SCENARIO_CITY_NAME_BREDA">
            <Text>브레다</Text>
            <Plurality>2</Plurality>
        </Row>
        <Row Tag="TXT_KEY_NEWWORLD_SCENARIO_CITY_NAME_BRIELLE">
            <Text>브릴르</Text>
            <Plurality>2</Plurality>
        </Row>
        <Row Tag="TXT_KEY_NEWWORLD_SCENARIO_CITY_NAME_BURGOS">
            <Text>부르고스</Text>
            <Plurality>2</Plurality>
        </Row>
        <Row Tag="TXT_KEY_NEWWORLD_SCENARIO_CITY_NAME_CADIZ">
            <Text>카디스</Text>
            <Plurality>2</Plurality>
        </Row>
        <Row Tag="TXT_KEY_NEWWORLD_SCENARIO_CITY_NAME_CALAKMUL">
            <Text>칼라크물</Text>
        </Row>
        <Row Tag="TXT_KEY_NEWWORLD_SCENARIO_CITY_NAME_CANCUEN">
            <Text>칸쿠엔</Text>
        </Row>
        <Row Tag="TXT_KEY_NEWWORLD_SCENARIO_CITY_NAME_CARACOL">
            <Text>카라콜</Text>
        </Row>
        <Row Tag="TXT_KEY_NEWWORLD_SCENARIO_CITY_NAME_CAXAMALCA">
            <Text>칵사말카</Text>
            <Plurality>2</Plurality>
        </Row>
        <Row Tag="TXT_KEY_NEWWORLD_SCENARIO_CITY_NAME_CERROS">
            <Text>세로스</Text>
            <Plurality>2</Plurality>
        </Row>
        <Row Tag="TXT_KEY_NEWWORLD_SCENARIO_CITY_NAME_CHAN_CHAN">
            <Text>찬찬</Text>
        </Row>
        <Row Tag="TXT_KEY_NEWWORLD_SCENARIO_CITY_NAME_CHICHENITZA">
            <Text>치첸 이사</Text>
            <Plurality>2</Plurality>
        </Row>
        <Row Tag="TXT_KEY_NEWWORLD_SCENARIO_CITY_NAME_CHUCUITO">
            <Text>추퀴토</Text>
            <Plurality>2</Plurality>
        </Row>
        <Row Tag="TXT_KEY_NEWWORLD_SCENARIO_CITY_NAME_CHUITO">
            <Text>취토</Text>
            <Plurality>2</Plurality>
        </Row>
        <Row Tag="TXT_KEY_NEWWORLD_SCENARIO_CITY_NAME_CHUQUIAPO">
            <Text>추쿠에아포</Text>
            <Plurality>2</Plurality>
        </Row>
        <Row Tag="TXT_KEY_NEWWORLD_SCENARIO_CITY_NAME_CIVAL">
            <Text>시발</Text>
        </Row>
        <Row Tag="TXT_KEY_NEWWORLD_SCENARIO_CITY_NAME_COBA">
            <Text>코바</Text>
            <Plurality>2</Plurality>
        </Row>
        <Row Tag="TXT_KEY_NEWWORLD_SCENARIO_CITY_NAME_COEVORDEN">
            <Text>쿠하르든</Text>
        </Row>
        <Row Tag="TXT_KEY_NEWWORLD_SCENARIO_CITY_NAME_COMALCALCO">
            <Text>코말칼코</Text>
            <Plurality>2</Plurality>
        </Row>
        <Row Tag="TXT_KEY_NEWWORLD_SCENARIO_CITY_NAME_COPAN">
            <Text>코판</Text>
        </Row>
        <Row Tag="TXT_KEY_NEWWORLD_SCENARIO_CITY_NAME_CORDOBA">
            <Text>코르도바</Text>
            <Plurality>2</Plurality>
        </Row>
        <Row Tag="TXT_KEY_NEWWORLD_SCENARIO_CITY_NAME_CORIHUAYACHINA">
            <Text>코리와랴치나</Text>
            <Plurality>2</Plurality>
        </Row>
        <Row Tag="TXT_KEY_NEWWORLD_SCENARIO_CITY_NAME_CUSCO">
            <Text>쿠스코</Text>
            <Plurality>2</Plurality>
        </Row>
        <Row Tag="TXT_KEY_NEWWORLD_SCENARIO_CITY_NAME_DELFT">
            <Text>델프트</Text>
            <Plurality>2</Plurality>
        </Row>
        <Row Tag="TXT_KEY_NEWWORLD_SCENARIO_CITY_NAME_DORDRECHT">
            <Text>도르드레흐트</Text>
            <Plurality>2</Plurality>
        </Row>
        <Row Tag="TXT_KEY_NEWWORLD_SCENARIO_CITY_NAME_DOSPILAS">
            <Text>도스필라스</Text>
            <Plurality>2</Plurality>
        </Row>
        <Row Tag="TXT_KEY_NEWWORLD_SCENARIO_CITY_NAME_EDZNA">
            <Text>에즈나</Text>
            <Plurality>2</Plurality>
        </Row>
        <Row Tag="TXT_KEY_NEWWORLD_SCENARIO_CITY_NAME_EINDHOVEN">
            <Text>아인트호벤</Text>
        </Row>
        <Row Tag="TXT_KEY_NEWWORLD_SCENARIO_CITY_NAME_ELCHE">
            <Text>엘체</Text>
            <Plurality>2</Plurality>
        </Row>
        <Row Tag="TXT_KEY_NEWWORLD_SCENARIO_CITY_NAME_ELMIRADOR">
            <Text>엘미라도르</Text>
            <Plurality>2</Plurality>
        </Row>
        <Row Tag="TXT_KEY_NEWWORLD_SCENARIO_CITY_NAME_ENSCHEDE">
            <Text>엔스헤데</Text>
            <Plurality>2</Plurality>
        </Row>
        <Row Tag="TXT_KEY_NEWWORLD_SCENARIO_CITY_NAME_GOUDA">
            <Text>고우다</Text>
            <Plurality>2</Plurality>
        </Row>
        <Row Tag="TXT_KEY_NEWWORLD_SCENARIO_CITY_NAME_GRANADA">
            <Text>그라나다</Text>
            <Plurality>2</Plurality>
        </Row>
        <Row Tag="TXT_KEY_NEWWORLD_SCENARIO_CITY_NAME_GRAVE">
            <Text>그라베</Text>
            <Plurality>2</Plurality>
        </Row>
        <Row Tag="TXT_KEY_NEWWORLD_SCENARIO_CITY_NAME_GRONINGEN">
            <Text>흐로닝언</Text>
        </Row>
        <Row Tag="TXT_KEY_NEWWORLD_SCENARIO_CITY_NAME_HAARLEM">
            <Text>하를럼</Text>
        </Row>
        <Row Tag="TXT_KEY_NEWWORLD_SCENARIO_CITY_NAME_HUACA">
            <Text>후아카</Text>
            <Plurality>2</Plurality>
        </Row>
        <Row Tag="TXT_KEY_NEWWORLD_SCENARIO_CITY_NAME_HUAMANGA">
            <Text>우아망가</Text>
            <Plurality>2</Plurality>
        </Row>
        <Row Tag="TXT_KEY_NEWWORLD_SCENARIO_CITY_NAME_HUANUCOPAMPA">
            <Text>후아누코 팜파</Text>
            <Plurality>2</Plurality>
        </Row>
        <Row Tag="TXT_KEY_NEWWORLD_SCENARIO_CITY_NAME_HUARAS">
            <Text>우아라스</Text>
            <Plurality>2</Plurality>
        </Row>
        <Row Tag="TXT_KEY_NEWWORLD_SCENARIO_CITY_NAME_HUELVA">
            <Text>우엘바</Text>
            <Plurality>2</Plurality>
        </Row>
        <Row Tag="TXT_KEY_NEWWORLD_SCENARIO_CITY_NAME_IBIZA">
            <Text>이비자</Text>
            <Plurality>2</Plurality>
        </Row>
        <Row Tag="TXT_KEY_NEWWORLD_SCENARIO_CITY_NAME_ICA">
            <Text>이카</Text>
            <Plurality>2</Plurality>
        </Row>
        <Row Tag="TXT_KEY_NEWWORLD_SCENARIO_CITY_NAME_IXINCHE">
            <Text>이신체</Text>
            <Plurality>2</Plurality>
        </Row>
        <Row Tag="TXT_KEY_NEWWORLD_SCENARIO_CITY_NAME_IZAPA">
            <Text>이자파</Text>
            <Plurality>2</Plurality>
        </Row>
        <Row Tag="TXT_KEY_NEWWORLD_SCENARIO_CITY_NAME_JAEN">
            <Text>하엔</Text>
        </Row>
        <Row Tag="TXT_KEY_NEWWORLD_SCENARIO_CITY_NAME_JULI">
            <Text>쥴리</Text>
            <Plurality>2</Plurality>
        </Row>
        <Row Tag="TXT_KEY_NEWWORLD_SCENARIO_CITY_NAME_KABAH">
            <Text>카바</Text>
            <Plurality>2</Plurality>
        </Row>
        <Row Tag="TXT_KEY_NEWWORLD_SCENARIO_CITY_NAME_KERKRADE">
            <Text>케르크라데</Text>
            <Plurality>2</Plurality>
        </Row>
        <Row Tag="TXT_KEY_NEWWORLD_SCENARIO_CITY_NAME_KUELAP">
            <Text>큐에랍</Text>
        </Row>
        <Row Tag="TXT_KEY_NEWWORLD_SCENARIO_CITY_NAME_LA_CORUNA">
            <Text>라코루냐</Text>
            <Plurality>2</Plurality>
        </Row>
        <Row Tag="TXT_KEY_NEWWORLD_SCENARIO_CITY_NAME_LAMANAI">
            <Text>라마나이</Text>
            <Plurality>2</Plurality>
        </Row>
        <Row Tag="TXT_KEY_NEWWORLD_SCENARIO_CITY_NAME_LAS_PALMAS">
            <Text>라스팔마스</Text>
            <Plurality>2</Plurality>
        </Row>
        <Row Tag="TXT_KEY_NEWWORLD_SCENARIO_CITY_NAME_LEIDEN">
            <Text>레이던</Text>
        </Row>
        <Row Tag="TXT_KEY_NEWWORLD_SCENARIO_CITY_NAME_LEON">
            <Text>리온</Text>
        </Row>
        <Row Tag="TXT_KEY_NEWWORLD_SCENARIO_CITY_NAME_LLACTAPATA">
            <Text>락타파타</Text>
            <Plurality>2</Plurality>
        </Row>
        <Row Tag="TXT_KEY_NEWWORLD_SCENARIO_CITY_NAME_LOGRONO">
            <Text>로그로뇨</Text>
            <Plurality>2</Plurality>
        </Row>
        <Row Tag="TXT_KEY_NEWWORLD_SCENARIO_CITY_NAME_LUGO">
            <Text>루고</Text>
            <Plurality>2</Plurality>
        </Row>
        <Row Tag="TXT_KEY_NEWWORLD_SCENARIO_CITY_NAME_MAASTRICHT">
            <Text>마스트리히트</Text>
            <Plurality>2</Plurality>
        </Row>
        <Row Tag="TXT_KEY_NEWWORLD_SCENARIO_CITY_NAME_MACHU">
            <Text>마추</Text>
            <Plurality>2</Plurality>
        </Row>
        <Row Tag="TXT_KEY_NEWWORLD_SCENARIO_CITY_NAME_MADRID">
            <Text>마드리드</Text>
            <Plurality>2</Plurality>
        </Row>
        <Row Tag="TXT_KEY_NEWWORLD_SCENARIO_CITY_NAME_MAYAPAN">
            <Text>마야판</Text>
        </Row>
        <Row Tag="TXT_KEY_NEWWORLD_SCENARIO_CITY_NAME_MERIDA">
            <Text>메리다</Text>
            <Plurality>2</Plurality>
        </Row>
        <Row Tag="TXT_KEY_NEWWORLD_SCENARIO_CITY_NAME_MIDA">
            <Text>미다</Text>
            <Plurality>2</Plurality>
        </Row>
        <Row Tag="TXT_KEY_NEWWORLD_SCENARIO_CITY_NAME_MURCIA">
            <Text>무르시아</Text>
            <Plurality>2</Plurality>
        </Row>
        <Row Tag="TXT_KEY_NEWWORLD_SCENARIO_CITY_NAME_NAKBE">
            <Text>나크베</Text>
            <Plurality>2</Plurality>
        </Row>
        <Row Tag="TXT_KEY_NEWWORLD_SCENARIO_CITY_NAME_NARANJO">
            <Text>나랑호</Text>
            <Plurality>2</Plurality>
        </Row>
        <Row Tag="TXT_KEY_NEWWORLD_SCENARIO_CITY_NAME_NASCA">
            <Text>나스카</Text>
            <Plurality>2</Plurality>
        </Row>
        <Row Tag="TXT_KEY_NEWWORLD_SCENARIO_CITY_NAME_NIEUWSTADT">
            <Text>뉴웨스타드</Text>
            <Plurality>2</Plurality>
        </Row>
        <Row Tag="TXT_KEY_NEWWORLD_SCENARIO_CITY_NAME_NIJMEGEN">
            <Text>네이메헨</Text>
        </Row>
        <Row Tag="TXT_KEY_NEWWORLD_SCENARIO_CITY_NAME_OLLANTAYTAMBO">
            <Text>올란타이탐보</Text>
            <Plurality>2</Plurality>
        </Row>
        <Row Tag="TXT_KEY_NEWWORLD_SCENARIO_CITY_NAME_OVIEDO">
            <Text>오비에도</Text>
            <Plurality>2</Plurality>
        </Row>
        <Row Tag="TXT_KEY_NEWWORLD_SCENARIO_CITY_NAME_PACHACAMAC">
            <Text>파차카막</Text>
        </Row>
        <Row Tag="TXT_KEY_NEWWORLD_SCENARIO_CITY_NAME_PAJATEN">
            <Text>파자텐</Text>
        </Row>
        <Row Tag="TXT_KEY_NEWWORLD_SCENARIO_CITY_NAME_PALMA">
            <Text>팔마</Text>
            <Plurality>2</Plurality>
        </Row>
        <Row Tag="TXT_KEY_NEWWORLD_SCENARIO_CITY_NAME_PAMPLONA">
            <Text>팜플로나</Text>
            <Plurality>2</Plurality>
        </Row>
        <Row Tag="TXT_KEY_NEWWORLD_SCENARIO_CITY_NAME_PIEDRANEGRAS">
            <Text>피에드라스 네그라스</Text>
            <Plurality>2</Plurality>
        </Row>
        <Row Tag="TXT_KEY_NEWWORLD_SCENARIO_CITY_NAME_PISAC">
            <Text>피삭</Text>
        </Row>
        <Row Tag="TXT_KEY_NEWWORLD_SCENARIO_CITY_NAME_QUIRIGUA">
            <Text>키리구아</Text>
            <Plurality>2</Plurality>
        </Row>
        <Row Tag="TXT_KEY_NEWWORLD_SCENARIO_CITY_NAME_QUMARKAJ">
            <Text>쿠마카</Text>
            <Plurality>2</Plurality>
        </Row>
        <Row Tag="TXT_KEY_NEWWORLD_SCENARIO_CITY_NAME_RIOBAMBA">
            <Text>리오밤바</Text>
            <Plurality>2</Plurality>
        </Row>
        <Row Tag="TXT_KEY_NEWWORLD_SCENARIO_CITY_NAME_ROTTERDAM">
            <Text>로테르담</Text>
        </Row>
        <Row Tag="TXT_KEY_NEWWORLD_SCENARIO_CITY_NAME_SALAMANCA">
            <Text>살라망카</Text>
            <Plurality>2</Plurality>
        </Row>
        <Row Tag="TXT_KEY_NEWWORLD_SCENARIO_CITY_NAME_SAN_SEBASTIAN">
            <Text>산세바스티안</Text>
        </Row>
        <Row Tag="TXT_KEY_NEWWORLD_SCENARIO_CITY_NAME_SANBARTOLO">
            <Text>산바톨로</Text>
            <Plurality>2</Plurality>
        </Row>
        <Row Tag="TXT_KEY_NEWWORLD_SCENARIO_CITY_NAME_SANTANDER">
            <Text>산탄데르</Text>
            <Plurality>2</Plurality>
        </Row>
        <Row Tag="TXT_KEY_NEWWORLD_SCENARIO_CITY_NAME_SANTIAGO">
            <Text>산티아고</Text>
            <Plurality>2</Plurality>
        </Row>
        <Row Tag="TXT_KEY_NEWWORLD_SCENARIO_CITY_NAME_SAUSA">
            <Text>소우사</Text>
            <Plurality>2</Plurality>
        </Row>
        <Row Tag="TXT_KEY_NEWWORLD_SCENARIO_CITY_NAME_SEIBAL">
            <Text>세이발</Text>
        </Row>
        <Row Tag="TXT_KEY_NEWWORLD_SCENARIO_CITY_NAME_SEVILLE">
            <Text>세비야</Text>
            <Plurality>2</Plurality>
        </Row>
        <Row Tag="TXT_KEY_NEWWORLD_SCENARIO_CITY_NAME_SHERTOGENBOSCH">
            <Text>스헤르토헨보스</Text>
            <Plurality>2</Plurality>
        </Row>
        <Row Tag="TXT_KEY_NEWWORLD_SCENARIO_CITY_NAME_SIPAN">
            <Text>시판</Text>
        </Row>
        <Row Tag="TXT_KEY_NEWWORLD_SCENARIO_CITY_NAME_TAKALIKABAJ">
            <Text>아바흐 타칼리크</Text>
            <Plurality>2</Plurality>
        </Row>
        <Row Tag="TXT_KEY_NEWWORLD_SCENARIO_CITY_NAME_TAMBOCCOCHA">
            <Text>탐보코챠</Text>
            <Plurality>2</Plurality>
        </Row>
        <Row Tag="TXT_KEY_NEWWORLD_SCENARIO_CITY_NAME_TAMBOCOLORADO">
            <Text>탐보 콜로라도</Text>
            <Plurality>2</Plurality>
        </Row>
        <Row Tag="TXT_KEY_NEWWORLD_SCENARIO_CITY_NAME_TENERIFE">
            <Text>테네리페</Text>
            <Plurality>2</Plurality>
        </Row>
        <Row Tag="TXT_KEY_NEWWORLD_SCENARIO_CITY_NAME_TERUEL">
            <Text>테루엘</Text>
        </Row>
        <Row Tag="TXT_KEY_NEWWORLD_SCENARIO_CITY_NAME_THEHAGUE">
            <Text>헤이그</Text>
            <Plurality>2</Plurality>
        </Row>
        <Row Tag="TXT_KEY_NEWWORLD_SCENARIO_CITY_NAME_TILBURG">
            <Text>틸뷔르흐</Text>
            <Plurality>2</Plurality>
        </Row>
        <Row Tag="TXT_KEY_NEWWORLD_SCENARIO_CITY_NAME_TIWANAKU">
            <Text>티와나쿠</Text>
            <Plurality>2</Plurality>
        </Row>
        <Row Tag="TXT_KEY_NEWWORLD_SCENARIO_CITY_NAME_TOLEDO">
            <Text>톨레도</Text>
        </Row>
        <Row Tag="TXT_KEY_NEWWORLD_SCENARIO_CITY_NAME_TULUM">
            <Text>툴룸</Text>
        </Row>
        <Row Tag="TXT_KEY_NEWWORLD_SCENARIO_CITY_NAME_TUMBES">
            <Text>툼베스</Text>
            <Plurality>2</Plurality>
        </Row>
        <Row Tag="TXT_KEY_NEWWORLD_SCENARIO_CITY_NAME_UAXACTUN">
            <Text>우아작툰</Text>
        </Row>
        <Row Tag="TXT_KEY_NEWWORLD_SCENARIO_CITY_NAME_UDEN">
            <Text>우덴</Text>
        </Row>
        <Row Tag="TXT_KEY_NEWWORLD_SCENARIO_CITY_NAME_UTRECHT">
            <Text>위트레흐트</Text>
            <Plurality>2</Plurality>
        </Row>
        <Row Tag="TXT_KEY_NEWWORLD_SCENARIO_CITY_NAME_UXMAL">
            <Text>욱스말</Text>
        </Row>
        <Row Tag="TXT_KEY_NEWWORLD_SCENARIO_CITY_NAME_VALENCIA">
            <Text>발렌시아</Text>
            <Plurality>2</Plurality>
        </Row>
        <Row Tag="TXT_KEY_NEWWORLD_SCENARIO_CITY_NAME_VALLADOLID">
            <Text>바야돌리드</Text>
            <Plurality>2</Plurality>
        </Row>
        <Row Tag="TXT_KEY_NEWWORLD_SCENARIO_CITY_NAME_VENLO">
            <Text>벤로</Text>
            <Plurality>2</Plurality>
        </Row>
        <Row Tag="TXT_KEY_NEWWORLD_SCENARIO_CITY_NAME_VIGO">
            <Text>비고</Text>
            <Plurality>2</Plurality>
        </Row>
        <Row Tag="TXT_KEY_NEWWORLD_SCENARIO_CITY_NAME_VILCABAMBA">
            <Text>빌카밤바</Text>
            <Plurality>2</Plurality>
        </Row>
        <Row Tag="TXT_KEY_NEWWORLD_SCENARIO_CITY_NAME_VILCAS">
            <Text>빌카스</Text>
            <Plurality>2</Plurality>
        </Row>
        <Row Tag="TXT_KEY_NEWWORLD_SCENARIO_CITY_NAME_VITCOS">
            <Text>비코스</Text>
            <Plurality>2</Plurality>
        </Row>
        <Row Tag="TXT_KEY_NEWWORLD_SCENARIO_CITY_NAME_VITORIA">
            <Text>비토리아</Text>
            <Plurality>2</Plurality>
        </Row>
        <Row Tag="TXT_KEY_NEWWORLD_SCENARIO_CITY_NAME_VLISSINGEN">
            <Text>플리싱겐</Text>
        </Row>
        <Row Tag="TXT_KEY_NEWWORLD_SCENARIO_CITY_NAME_WEESP">
            <Text>위스프</Text>
            <Plurality>2</Plurality>
        </Row>
        <Row Tag="TXT_KEY_NEWWORLD_SCENARIO_CITY_NAME_XUNANTUNICH">
            <Text>주난투니치</Text>
            <Plurality>2</Plurality>
        </Row>
        <Row Tag="TXT_KEY_NEWWORLD_SCENARIO_CITY_NAME_YAXHA">
            <Text>야스하</Text>
            <Plurality>2</Plurality>
        </Row>
        <Row Tag="TXT_KEY_NEWWORLD_SCENARIO_CITY_NAME_ZACULEU">
            <Text>사쿨레우</Text>
            <Plurality>2</Plurality>
        </Row>
        <Row Tag="TXT_KEY_NEWWORLD_SCENARIO_CITY_NAME_ZAMORA">
            <Text>사모라</Text>
            <Plurality>2</Plurality>
        </Row>
        <Row Tag="TXT_KEY_NEWWORLD_SCENARIO_CITY_NAME_ZARAGOZA">
            <Text>사라고사</Text>
            <Plurality>2</Plurality>
        </Row>
        <Row Tag="TXT_KEY_NEWWORLD_SCENARIO_CITY_NAME_ZUTPHEN">
            <Text>주트펜</Text>
        </Row>
        <Row Tag="TXT_KEY_NEWWORLD_SCENARIO_CITY_NAME_ZWOLLE">
            <Text>주올라</Text>
            <Plurality>2</Plurality>
        </Row>
    </Language_KO_KR>
</GameData>