﻿<?xml version="1.0" encoding="utf-8"?>
<!--Generated with LocalizationBuddy.-->
<!--Copyright Firaxis Games 2010-->
<!--All Rights Reserved-->
<GameData>
    <Language_KO_KR>
        <Row Tag="TXT_KEY_NEWWORLD_SCENARIO_TECH_ADVANCED_PIRACY">
            <Text>고급 해적 행위</Text>
        </Row>
        <Row Tag="TXT_KEY_NEWWORLD_SCENARIO_TECH_ADVANCED_PIRACY_DESC">
            <Text>헨리 모건, 바톨로뮤 로버츠, 칼리코 잭 래컴이 카리브 해를 지배했던 1650년부터 1730년까지의 시기는 '해적의 황금시대'라고 불리운다. 유럽에서 신세계로 어마어마한 재물이 수송되었던 이 시기에 범선, 쌍돛대 범선, 스쿠너 등보다 많은 무기와 선원을 실을 수 있도록 조선술이 발달하면서 해적들은 전성시대를 맞이했다.</Text>
        </Row>
        <Row Tag="TXT_KEY_NEWWORLD_SCENARIO_TECH_ADVANCED_PIRACY_HELP">
            <Text>영토 밖에서도 회복이 가능한 강력한 해적선인 [COLOR_POSITIVE_TEXT]제고이센[ENDCOLOR]을 건설할 수 있습니다. [ICON_GOLD]골드 산출량을 높여주는 건물인 [COLOR_POSITIVE_TEXT]초콜렛 하우스[ENDCOLOR]도 건설할 수 있습니다.</Text>
        </Row>
        <Row Tag="TXT_KEY_NEWWORLD_SCENARIO_TECH_ADVANCED_PIRACY_QUOTE">
            <Text>[NEWLINE][TAB][TAB]"나는 해적왕이다! 그리고 해적왕은 명예로운 자리다!"[NEWLINE][TAB][TAB] - W.S. 길버트, 펜잔스의 해적[NEWLINE][TAB]</Text>
        </Row>
        <Row Tag="TXT_KEY_NEWWORLD_SCENARIO_TECH_BANKING_HELP">
            <Text>[COLOR_POSITIVE_TEXT]은행[ENDCOLOR]은 물론, 도시의 [ICON_GOLD]골드 산출량을 증가시키는 건물인[COLOR_POSITIVE_TEXT]동인도 회사[ENDCOLOR] 역시 건설할 수 있습니다.</Text>
        </Row>
        <Row Tag="TXT_KEY_NEWWORLD_SCENARIO_TECH_EDUCATION_HELP">
            <Text>[ICON_RESEARCH]과학에 여러 가지 혜택을 제공합니다.</Text>
        </Row>
        <Row Tag="TXT_KEY_NEWWORLD_SCENARIO_TECH_IMPERIALISM">
            <Text>제국주의</Text>
        </Row>
        <Row Tag="TXT_KEY_NEWWORLD_SCENARIO_TECH_IMPERIALISM_HELP">
            <Text>해외 정찰 및 정착을 전문으로 하는 유닛인 [COLOR_POSITIVE_TEXT]콩키스타도르[ENDCOLOR]를 생산할 수 있습니다. [ICON_OCCUPIED] 점령 도시의 [ICON_HAPPINESS_4]불행을 감소시키는 건물인 [COLOR_POSITIVE_TEXT]법원[ENDCOLOR]도 건설할 수 있습니다.</Text>
        </Row>
        <Row Tag="TXT_KEY_NEWWORLD_SCENARIO_TECH_LINE_OF_BATTLE">
            <Text>일자 대형</Text>
        </Row>
        <Row Tag="TXT_KEY_NEWWORLD_SCENARIO_TECH_LINE_OF_BATTLE_DESC">
            <Text>'일자 대형' 전술의 최초 사용 시기를 놓고 1502년부터 1652년까지 저마다의 의견이 분분하지만, 1675년에는 유럽 해군에서 가장 많이 사용하는 대형이 되었다. 평범한 수상전과 달리, 일자 대형 전술에서는 모든 전함이 아군을 공격하는 일 없이 일제사격을 감행할 수 있어 지속적이고 집중적인 포격이 가능하다.</Text>
        </Row>
        <Row Tag="TXT_KEY_NEWWORLD_SCENARIO_TECH_LINE_OF_BATTLE_HELP">
            <Text>[ICON_GOLD]골드 산출량을 증가시키는 건물인 [COLOR_POSITIVE_TEXT]증권거래소[ENDCOLOR], 화력과 사정거리 모두 최강인 [COLOR_POSITIVE_TEXT]전열함[ENDCOLOR]을 생산할 수 있습니다.</Text>
        </Row>
        <Row Tag="TXT_KEY_NEWWORLD_SCENARIO_TECH_LINE_OF_BATTLE_QUOTE">
            <Text>[NEWLINE][TAB][TAB]"선장이 적과 나란히 함대를 배치하는 한 대실패를 거둘 일은 없다."[NEWLINE][TAB][TAB] - 호레이쇼 넬슨[NEWLINE][TAB]</Text>
        </Row>
        <Row Tag="TXT_KEY_NEWWORLD_SCENARIO_TECH_MERCHANT_FLEET">
            <Text>상인 함대</Text>
        </Row>
        <Row Tag="TXT_KEY_NEWWORLD_SCENARIO_TECH_MERCHANT_FLEET_DESC">
            <Text>1500년대 중반에 해적과 민간선의 약탈이 증가하자, 스페인과 포르투갈은 대서양 교역로에서 상업선들을 보호하는 초기 형태의 호송대 체제를 도입했다. 보물선단은 전함들을 자주 동반했지만, 상인 함대는 그렇지 않았다. 이런 이유로 담배, 향신료, 목재, 설탕, 곡물, 진주, 기타 유럽 시장에 판매할 귀중품을 실은 갤리온선들은 작은 해적선을 격퇴하기 위해 대포와 소형 함포로 무장했다.</Text>
        </Row>
        <Row Tag="TXT_KEY_NEWWORLD_SCENARIO_TECH_MERCHANT_FLEET_HELP">
            <Text>가장 빠른 선박인 [COLOR_POSITIVE_TEXT]나우[ENDCOLOR]를 생산할 수 있습니다.</Text>
        </Row>
        <Row Tag="TXT_KEY_NEWWORLD_SCENARIO_TECH_MERCHANT_FLEET_QUOTE">
            <Text>[NEWLINE][TAB][TAB]"금은 보물이다. 금을 소유한 자는 원하는 일이라면 뭐든지 할 수 있다."[NEWLINE][TAB][TAB] -크리스토퍼 콜럼버스[NEWLINE][TAB]</Text>
        </Row>
        <Row Tag="TXT_KEY_NEWWORLD_SCENARIO_TECH_NAVAL_TRADITION">
            <Text>해상 혈통</Text>
        </Row>
        <Row Tag="TXT_KEY_NEWWORLD_SCENARIO_TECH_PIRACY">
            <Text>해적</Text>
        </Row>
        <Row Tag="TXT_KEY_NEWWORLD_SCENARIO_TECH_PROSOLDIERS">
            <Text>직업 군인</Text>
        </Row>
        <Row Tag="TXT_KEY_NEWWORLD_SCENARIO_TECH_PROSOLDIERS_HELP">
            <Text>압도적인 근접 유닛인 [COLOR_POSITIVE_TEXT]테르시오[ENDCOLOR], 모든 유닛에게 경험치를 주는 [COLOR_POSITIVE_TEXT]군사 아카데미[ENDCOLOR]를 생산할 수 있습니다.</Text>
        </Row>
        <Row Tag="TXT_KEY_NEWWORLD_SCENARIO_TECH_RELIGIOUS_ORDERS">
            <Text>종교 교단</Text>
        </Row>
        <Row Tag="TXT_KEY_NEWWORLD_SCENARIO_TECH_RELIGIOUS_ORDERS_HELP">
            <Text>[ICON_PEACE]신앙으로 건물을 건설할 수 있고, 모든 선교사가 종교를 세 번 전파할 수 있는 건물인 [COLOR_POSITIVE_TEXT]대사원[ENDCOLOR]을 건설할 수 있습니다.</Text>
        </Row>
        <Row Tag="TXT_KEY_NEWWORLD_SCENARIO_TECH_ROYAL_GUARDS">
            <Text>근위병</Text>
        </Row>
        <Row Tag="TXT_KEY_NEWWORLD_SCENARIO_TECH_TREASURE_FLEET">
            <Text>보물선단</Text>
        </Row>
        <Row Tag="TXT_KEY_NEWWORLD_SCENARIO_TECH_WARSHIPS">
            <Text>전함</Text>
        </Row>
        <Row Tag="TXT_KEY_NEWWORLD_SCENARIO_TECH_WARSHIPS_HELP">
            <Text>[COLOR_POSITIVE_TEXT]프리깃[ENDCOLOR], 비용 없이 약탈을 할 수 있는 기마 유닛인 [COLOR_POSITIVE_TEXT]창기병[ENDCOLOR]을 생산할 수 있습니다.</Text>
        </Row>
    </Language_KO_KR>
</GameData>