﻿<?xml version="1.0" encoding="utf-8"?>
<!--Generated with LocalizationBuddy.-->
<!--Copyright Firaxis Games 2010-->
<!--All Rights Reserved-->
<GameData>
    <Language_KO_KR>
        <Row Tag="TXT_KEY_CIV_POLYNESIA_ADJECTIVE">
            <Text>[COLOR:236:150:58:255]폴리네시아[ENDCOLOR]의</Text>
        </Row>
        <Row Tag="TXT_KEY_CIV_POLYNESIA_DESC">
            <Text>폴리네시아 제국</Text>
        </Row>
        <Row Tag="TXT_KEY_CIV_POLYNESIA_SHORT_DESC">
            <Text>[COLOR:236:150:58:255]폴리네시아[ENDCOLOR]</Text>
            <Plurality>2</Plurality>
        </Row>
    </Language_KO_KR>
</GameData>