﻿<?xml version="1.0" encoding="utf-8"?>
<!--Generated with LocalizationBuddy.-->
<!--Copyright Firaxis Games 2010-->
<!--All Rights Reserved-->
<GameData>
  <Language_KO_KR>
    <Row Tag="TXT_KEY_TRAIT_WAYFINDING">
      <Text>해양 타일에 바로 승선이 가능합니다. 승선 시 시야가 [COLOR_POSITIVE_TEXT]1[ENDCOLOR] 증가합니다. 모아이가 있는 타일에서 두 타일 이내에 있으면, [ICON_STRENGTH]전투력이 [COLOR_POSITIVE_TEXT]10%[ENDCOLOR] 증가합니다.
	  </Text>
    </Row>
    <Row Tag="TXT_KEY_TRAIT_WAYFINDING_SHORT">
      <Text>활로 개척</Text>
    </Row>
  </Language_KO_KR>
</GameData>