﻿<?xml version="1.0" encoding="utf-8"?>
<!--Generated with LocalizationBuddy.-->
<!--Copyright Firaxis Games 2010-->
<!--All Rights Reserved-->
<GameData>
  <Language_KO_KR>
    <Row Tag="TXT_KEY_LEADER_GAJAH_MADA_AGREE_SHORT_1">
      <Text>좋소.</Text>
    </Row>
    <Row Tag="TXT_KEY_LEADER_GAJAH_MADA_AGREE_SHORT_2">
      <Text>뭐, 좋소.</Text>
    </Row>
    <Row Tag="TXT_KEY_LEADER_GAJAH_MADA_AGREE_SHORT_3">
      <Text>물론이오.</Text>
    </Row>
    <Row Tag="TXT_KEY_LEADER_GAJAH_MADA_AGREE_SHORT_4">
      <Text>동의하오.</Text>
    </Row>
    <Row Tag="TXT_KEY_LEADER_GAJAH_MADA_AGREE_SHORT_5">
      <Text>훌륭하오.</Text>
    </Row>
    <Row Tag="TXT_KEY_LEADER_GAJAH_MADA_ATTACKED_1">
      <Text>만용인지 용기인지 모르겠군.</Text>
    </Row>
    <Row Tag="TXT_KEY_LEADER_GAJAH_MADA_ATTACKED_2">
      <Text>감히 이 가자 마다를 공격하시겠다?</Text>
    </Row>
    <Row Tag="TXT_KEY_LEADER_GAJAH_MADA_ATTACKED_3">
      <Text>정말 무례하군! 전장에서 봅시다!</Text>
    </Row>
    <Row Tag="TXT_KEY_LEADER_GAJAH_MADA_DECLAREWAR_1">
      <Text>우리 군의 목표는 정해졌소. 각오하시오!</Text>
    </Row>
    <Row Tag="TXT_KEY_LEADER_GAJAH_MADA_DECLAREWAR_2">
      <Text>그렇게 수동적으로 저항하지 말고 전장에서 결판냅시다!</Text>
    </Row>
    <Row Tag="TXT_KEY_LEADER_GAJAH_MADA_DECLAREWAR_3">
      <Text>이제 남은 길은 전쟁뿐이오.</Text>
    </Row>
    <Row Tag="TXT_KEY_LEADER_GAJAH_MADA_DEFEATED_1">
      <Text>이번에는 당신이 이겼소...</Text>
    </Row>
    <Row Tag="TXT_KEY_LEADER_GAJAH_MADA_DEFEATED_2">
      <Text>내가 지기는 했지만 멋진 승부였소.</Text>
    </Row>
    <Row Tag="TXT_KEY_LEADER_GAJAH_MADA_DEFEATED_3">
      <Text>내 군대를 꺾을 수는 있었겠지만 내 정신을 꺾지는 못할 것이오.</Text>
    </Row>
    <Row Tag="TXT_KEY_LEADER_GAJAH_MADA_DEMANDTRIBUTE_ANGRY">
      <Text>우리가 원하는 걸 내놓지 않으면 대가를 치르게 될 거요!</Text>
    </Row>
    <Row Tag="TXT_KEY_LEADER_GAJAH_MADA_DEMANDTRIBUTE_HAPPY">
      <Text>친구를 도와야 하지 않겠소?</Text>
    </Row>
    <Row Tag="TXT_KEY_LEADER_GAJAH_MADA_DEMANDTRIBUTE_NEUTRAL">
      <Text>지금 날 도와주면 나중에 은혜를 갚으리다.</Text>
    </Row>
    <Row Tag="TXT_KEY_LEADER_GAJAH_MADA_DISAGREE_SHORT_1">
      <Text>거절하겠소.</Text>
    </Row>
    <Row Tag="TXT_KEY_LEADER_GAJAH_MADA_DISAGREE_SHORT_2">
      <Text>안 될 말이오.</Text>
    </Row>
    <Row Tag="TXT_KEY_LEADER_GAJAH_MADA_DISAGREE_SHORT_3">
      <Text>거절하겠소.</Text>
    </Row>
    <Row Tag="TXT_KEY_LEADER_GAJAH_MADA_DISAGREE_SHORT_4">
      <Text>당연히 안 되오.</Text>
    </Row>
    <Row Tag="TXT_KEY_LEADER_GAJAH_MADA_DISAGREE_SHORT_5">
      <Text>뭐라고 했소?</Text>
    </Row>
    <Row Tag="TXT_KEY_LEADER_GAJAH_MADA_DISAGREE_SHORT_6">
      <Text>받아들일 수 없소.</Text>
    </Row>
    <Row Tag="TXT_KEY_LEADER_GAJAH_MADA_DISAGREE_SHORT_7">
      <Text>농담하는 거요?</Text>
    </Row>
    <Row Tag="TXT_KEY_LEADER_GAJAH_MADA_FIRSTGREETING_1">
      <Text>난 인도네시아의 가자 마다요. 무슨 일로 오셨소?</Text>
    </Row>
    <Row Tag="TXT_KEY_LEADER_GAJAH_MADA_FIRSTGREETING_2">
      <Text>인도네시아에 온 걸 환영하오. 난 가자 마다요. 설마 불순한 목적으로 여기에 오지는 않았겠지요?</Text>
    </Row>
    <Row Tag="TXT_KEY_LEADER_GAJAH_MADA_FIRSTGREETING_3">
      <Text>안녕하시오! 난 인도네시아의 가자 마다요! 영광스러운 내 왕국에 온 걸 환영하오.</Text>
    </Row>
    <Row Tag="TXT_KEY_LEADER_GAJAH_MADA_GOODBYE_1">
      <Text>그만 가보시오.</Text>
    </Row>
    <Row Tag="TXT_KEY_LEADER_GAJAH_MADA_GOODBYE_2">
      <Text>그게 다요.</Text>
    </Row>
    <Row Tag="TXT_KEY_LEADER_GAJAH_MADA_GOODBYE_3">
      <Text>용무는 끝났소.</Text>
    </Row>
    <Row Tag="TXT_KEY_LEADER_GAJAH_MADA_GOODBYE_4">
      <Text>안녕히 가시오.</Text>
    </Row>
    <Row Tag="TXT_KEY_LEADER_GAJAH_MADA_GOODBYE_5">
      <Text>그게 다요.</Text>
    </Row>
    <Row Tag="TXT_KEY_LEADER_GAJAH_MADA_GOODBYE_6">
      <Text>더 할 이야기는 없소.</Text>
    </Row>
    <Row Tag="TXT_KEY_LEADER_GAJAH_MADA_GREETING_1">
      <Text>환영하오.</Text>
    </Row>
    <Row Tag="TXT_KEY_LEADER_GAJAH_MADA_GREETING_2">
      <Text>안녕하시오!</Text>
    </Row>
    <Row Tag="TXT_KEY_LEADER_GAJAH_MADA_GREETING_3">
      <Text>어서 오시오.</Text>
    </Row>
    <Row Tag="TXT_KEY_LEADER_GAJAH_MADA_GREETING_4">
      <Text>음?</Text>
    </Row>
    <Row Tag="TXT_KEY_LEADER_GAJAH_MADA_GREETING_5">
      <Text>뭘 원하시오?</Text>
    </Row>
    <Row Tag="TXT_KEY_LEADER_GAJAH_MADA_GREETING_6">
      <Text>뭘 원하시오?</Text>
    </Row>
    <Row Tag="TXT_KEY_LEADER_GAJAH_MADA_LETSHEARIT_1">
      <Text>말 하시오.</Text>
    </Row>
    <Row Tag="TXT_KEY_LEADER_GAJAH_MADA_LETSHEARIT_2">
      <Text>계속하시오.</Text>
    </Row>
    <Row Tag="TXT_KEY_LEADER_GAJAH_MADA_LETSHEARIT_3">
      <Text>듣고 있소.</Text>
    </Row>
    <Row Tag="TXT_KEY_LEADER_GAJAH_MADA_LETSHEARIT_4">
      <Text>음?</Text>
    </Row>
    <Row Tag="TXT_KEY_LEADER_GAJAH_MADA_LETSHEARIT_5">
      <Text>뭐라고 하셨소?</Text>
    </Row>
    <Row Tag="TXT_KEY_LEADER_GAJAH_MADA_LOSEWAR_1">
      <Text>불가능한 일이 일어나다니... 날 이긴 건 당신 생애의 최대 업적이 될 거요!</Text>
    </Row>
    <Row Tag="TXT_KEY_LEADER_GAJAH_MADA_LOSEWAR_2">
      <Text>불가능한 일이 일어나다니... 날 이긴 건 당신 생애의 최대 업적이 될 거요!</Text>
    </Row>
    <Row Tag="TXT_KEY_LEADER_GAJAH_MADA_TRADE_NEEDMORE_ANGRY_1">
      <Text>우스운 제안이군.</Text>
    </Row>
    <Row Tag="TXT_KEY_LEADER_GAJAH_MADA_TRADE_NEEDMORE_ANGRY_2">
      <Text>충분하지 않소.</Text>
    </Row>
    <Row Tag="TXT_KEY_LEADER_GAJAH_MADA_TRADE_NEEDMORE_ANGRY_3">
      <Text>좀 더 그럴듯한 제안을 해보십시오.</Text>
    </Row>
    <Row Tag="TXT_KEY_LEADER_GAJAH_MADA_TRADE_NEEDMORE_ANGRY_4">
      <Text>모욕적인 제안이군.</Text>
    </Row>
    <Row Tag="TXT_KEY_LEADER_GAJAH_MADA_TRADE_NEEDMORE_HAPPY_1">
      <Text>당신이 그 정도밖에 안 된다고는 믿고 싶지 않소.</Text>
    </Row>
    <Row Tag="TXT_KEY_LEADER_GAJAH_MADA_TRADE_NEEDMORE_HAPPY_2">
      <Text>그게 최선이오?</Text>
    </Row>
    <Row Tag="TXT_KEY_LEADER_GAJAH_MADA_TRADE_NEEDMORE_HAPPY_3">
      <Text>조금만 더하면 합의점에 이를 것 같소만...</Text>
    </Row>
    <Row Tag="TXT_KEY_LEADER_GAJAH_MADA_TRADE_NEEDMORE_NEUTRAL_1">
      <Text>그 정도로는 우리 백성이 만족하지 않을 거요.</Text>
    </Row>
    <Row Tag="TXT_KEY_LEADER_GAJAH_MADA_TRADE_NEEDMORE_NEUTRAL_2">
      <Text>조금 더 나은 제안을 해보시오.</Text>
    </Row>
    <Row Tag="TXT_KEY_LEADER_GAJAH_MADA_TRADE_NEEDMORE_NEUTRAL_3">
      <Text>조금만 더 써보시지요.</Text>
    </Row>
    <Row Tag="TXT_KEY_LEADER_GAJAH_MADA_TRADE_NEEDMORE_NEUTRAL_4">
      <Text>이걸로는 부족하오.</Text>
    </Row>
    <Row Tag="TXT_KEY_LEADER_GAJAH_MADA_TRADE_NO_ANGRY">
      <Text>절대 수락할 수 없군.</Text>
    </Row>
    <Row Tag="TXT_KEY_LEADER_GAJAH_MADA_TRADE_NO_HAPPY">
      <Text>아무리 친구라도 그럴 수는 없소.</Text>
    </Row>
    <Row Tag="TXT_KEY_LEADER_GAJAH_MADA_TRADE_NO_NEUTRAL">
      <Text>그 제안은 관심이 가지 않는구려.</Text>
    </Row>
    <Row Tag="TXT_KEY_LEADER_GAJAH_MADA_TRADE_YES_ANGRY">
      <Text>선택의 여지가 없는 것 같소.</Text>
    </Row>
    <Row Tag="TXT_KEY_LEADER_GAJAH_MADA_TRADE_YES_HAPPY">
      <Text>우리 모두 이익을 얻을 겁니다.</Text>
    </Row>
    <Row Tag="TXT_KEY_LEADER_GAJAH_MADA_TRADE_YES_NEUTRAL">
      <Text>받아들이겠소.</Text>
    </Row>
    <Row Tag="TXT_KEY_LEADER_GAJAH_MADA_TRADEREQUEST_ANGRY">
      <Text>끔찍한 거래이지만 대안이 없군.</Text>
    </Row>
    <Row Tag="TXT_KEY_LEADER_GAJAH_MADA_TRADEREQUEST_HAPPY">
      <Text>구미가 당길 제안이 있소.</Text>
    </Row>
    <Row Tag="TXT_KEY_LEADER_GAJAH_MADA_TRADEREQUEST_NEUTRAL">
      <Text>우리와 거래하시겠소?</Text>
    </Row>
    <Row Tag="TXT_KEY_LEADER_GAJAH_MADA_TRIBUTE_NO_ANGRY">
      <Text>그런 걸 요구하다니, 무엄하오.</Text>
    </Row>
    <Row Tag="TXT_KEY_LEADER_GAJAH_MADA_TRIBUTE_NO_HAPPY">
      <Text>미안하지만 그건 아무래도 힘들겠소.</Text>
    </Row>
    <Row Tag="TXT_KEY_LEADER_GAJAH_MADA_TRIBUTE_NO_NEUTRAL">
      <Text>이번에는 어렵겠소.</Text>
    </Row>
    <Row Tag="TXT_KEY_LEADER_GAJAH_MADA_TRIBUTE_YES_ANGRY">
      <Text>어쩔 수 없지... 하지만 이 모욕은 잊지 않겠소.</Text>
    </Row>
    <Row Tag="TXT_KEY_LEADER_GAJAH_MADA_TRIBUTE_YES_HAPPY">
      <Text>보상은 충분히 하겠소... 이런 사소한 일로 신경 쓸 시간이 없소.</Text>
    </Row>
    <Row Tag="TXT_KEY_LEADER_GAJAH_MADA_TRIBUTE_YES_NEUTRAL">
      <Text>우리 모두 이익을 얻을 겁니다.</Text>
    </Row>
    <Row Tag="TXT_KEY_LEADER_GAJAH_MADA_WARBLUFF_1">
      <Text>당신은 빈말뿐이오.</Text>
    </Row>
    <Row Tag="TXT_KEY_LEADER_GAJAH_MADA_WARBLUFF_2">
      <Text>위험한 도박을 하는군.</Text>
    </Row>
    <Row Tag="TXT_KEY_LEADER_GAJAH_MADA_WARBLUFF_3">
      <Text>매우 실망스럽소.</Text>
    </Row>
    <Row Tag="TXT_KEY_LEADER_GAJAH_MADA_WINWAR_1">
      <Text>인도네시아의 적은 우리와의 싸움을 피하지.</Text>
    </Row>
    <Row Tag="TXT_KEY_LEADER_GAJAH_MADA_WINWAR_2">
      <Text>인도네시아의 적은 우리와의 싸움을 피하지.</Text>
    </Row>
  </Language_KO_KR>
</GameData>