﻿<?xml version="1.0" encoding="utf-8"?>
<!--Generated with LocalizationBuddy.-->
<!--Copyright Firaxis Games 2010-->
<!--All Rights Reserved-->
<GameData>
  <Language_KO_KR>
    <Row Tag="TXT_KEY_LEADER_AHMAD_ALMANSUR_AGREE_SHORT_1">
      <Text>좋습니다.</Text>
    </Row>
    <Row Tag="TXT_KEY_LEADER_AHMAD_ALMANSUR_AGREE_SHORT_2">
      <Text>알겠습니다.</Text>
    </Row>
    <Row Tag="TXT_KEY_LEADER_AHMAD_ALMANSUR_AGREE_SHORT_3">
      <Text>물론입니다.</Text>
    </Row>
    <Row Tag="TXT_KEY_LEADER_AHMAD_ALMANSUR_AGREE_SHORT_4">
      <Text>동의합니다.</Text>
    </Row>
    <Row Tag="TXT_KEY_LEADER_AHMAD_ALMANSUR_AGREE_SHORT_5">
      <Text>훌륭합니다.</Text>
    </Row>
    <Row Tag="TXT_KEY_LEADER_AHMAD_ALMANSUR_ATTACKED_1">
      <Text>무의미한 폭력에 쉽게 의존하다니, 창피한 줄 아십시오.</Text>
    </Row>
    <Row Tag="TXT_KEY_LEADER_AHMAD_ALMANSUR_ATTACKED_2">
      <Text>협상이 더 좋은 결과를 가져올 수 있었을 겁니다.</Text>
    </Row>
    <Row Tag="TXT_KEY_LEADER_AHMAD_ALMANSUR_ATTACKED_3">
      <Text>이런 성급한 결정을 내린 걸 후회하게 될 겁니다.</Text>
    </Row>
    <Row Tag="TXT_KEY_LEADER_AHMAD_ALMANSUR_DECLAREWAR_1">
      <Text>이제 이 문제를 해결할 방법은 전쟁뿐이군요.</Text>
    </Row>
    <Row Tag="TXT_KEY_LEADER_AHMAD_ALMANSUR_DECLAREWAR_2">
      <Text>...이렇게 전쟁이 시작되는구려... 각오하시오!</Text>
    </Row>
    <Row Tag="TXT_KEY_LEADER_AHMAD_ALMANSUR_DECLAREWAR_3">
      <Text>전쟁을 벌여야 할 때가 있고 협상을 해야 할 때가 있습니다. 지금은 협상할 때입니다.</Text>
    </Row>
    <Row Tag="TXT_KEY_LEADER_AHMAD_ALMANSUR_DEFEATED_1">
      <Text>이래서 내가 전쟁보다는 협상을 좋아하는 겁니다!</Text>
    </Row>
    <Row Tag="TXT_KEY_LEADER_AHMAD_ALMANSUR_DEFEATED_2">
      <Text>내가 당신을 너무 높이 평가했나 봅니다.</Text>
    </Row>
    <Row Tag="TXT_KEY_LEADER_AHMAD_ALMANSUR_DEFEATED_3">
      <Text>내가 우리 병사들의 능력을 과신했나 보군요.</Text>
    </Row>
    <Row Tag="TXT_KEY_LEADER_AHMAD_ALMANSUR_DEMANDTRIBUTE_ANGRY">
      <Text>이렇게 나오면 나중에 후회하게 될 겁니다!</Text>
    </Row>
    <Row Tag="TXT_KEY_LEADER_AHMAD_ALMANSUR_DEMANDTRIBUTE_HAPPY">
      <Text>조금 도와주십시오. 친구 좋다는 게 뭡니까?</Text>
    </Row>
    <Row Tag="TXT_KEY_LEADER_AHMAD_ALMANSUR_DEMANDTRIBUTE_NEUTRAL">
      <Text>내 제안은 공평합니다. 잘 생각해 보십시오.</Text>
    </Row>
    <Row Tag="TXT_KEY_LEADER_AHMAD_ALMANSUR_DISAGREE_SHORT_1">
      <Text>거절하겠습니다.</Text>
    </Row>
    <Row Tag="TXT_KEY_LEADER_AHMAD_ALMANSUR_DISAGREE_SHORT_2">
      <Text>당연히 거절합니다.</Text>
    </Row>
    <Row Tag="TXT_KEY_LEADER_AHMAD_ALMANSUR_DISAGREE_SHORT_3">
      <Text>절대로 안 됩니다.</Text>
    </Row>
    <Row Tag="TXT_KEY_LEADER_AHMAD_ALMANSUR_DISAGREE_SHORT_4">
      <Text>안타깝지만 거절하겠습니다.</Text>
    </Row>
    <Row Tag="TXT_KEY_LEADER_AHMAD_ALMANSUR_DISAGREE_SHORT_5">
      <Text>뭐라고요?</Text>
    </Row>
    <Row Tag="TXT_KEY_LEADER_AHMAD_ALMANSUR_DISAGREE_SHORT_6">
      <Text>받아들일 수 없습니다.</Text>
    </Row>
    <Row Tag="TXT_KEY_LEADER_AHMAD_ALMANSUR_DISAGREE_SHORT_7">
      <Text>농담이 지나치군요.</Text>
    </Row>
    <Row Tag="TXT_KEY_LEADER_AHMAD_ALMANSUR_FIRSTGREETING_1">
      <Text>모로코에 온 것을 환영하오. 난 아흐마드 알만수르라고 합니다. 무엇을 도와드릴까요?</Text>
    </Row>
    <Row Tag="TXT_KEY_LEADER_AHMAD_ALMANSUR_FIRSTGREETING_2">
      <Text>난 모로코의 술탄 아흐마드 알만수르라고 합니다. 모로코를 대표해서 당신을 환영합니다.</Text>
    </Row>
    <Row Tag="TXT_KEY_LEADER_AHMAD_ALMANSUR_FIRSTGREETING_3">
      <Text>모로코에 온 것을 환영하오. 당신과 우리가 평화와 번영을 누렸으면 좋겠소.</Text>
    </Row>
    <Row Tag="TXT_KEY_LEADER_AHMAD_ALMANSUR_GOODBYE_1">
      <Text>그만 가시오.</Text>
    </Row>
    <Row Tag="TXT_KEY_LEADER_AHMAD_ALMANSUR_GOODBYE_2">
      <Text>이상이오.</Text>
    </Row>
    <Row Tag="TXT_KEY_LEADER_AHMAD_ALMANSUR_GOODBYE_3">
      <Text>용무는 끝났소.</Text>
    </Row>
    <Row Tag="TXT_KEY_LEADER_AHMAD_ALMANSUR_GOODBYE_4">
      <Text>잘 가시오.</Text>
    </Row>
    <Row Tag="TXT_KEY_LEADER_AHMAD_ALMANSUR_GOODBYE_5">
      <Text>그럼 이만.</Text>
    </Row>
    <Row Tag="TXT_KEY_LEADER_AHMAD_ALMANSUR_GOODBYE_6">
      <Text>오, 당신이군.</Text>
    </Row>
    <Row Tag="TXT_KEY_LEADER_AHMAD_ALMANSUR_GREETING_1">
      <Text>환영합니다.</Text>
    </Row>
    <Row Tag="TXT_KEY_LEADER_AHMAD_ALMANSUR_GREETING_2">
      <Text>안녕하시오!</Text>
    </Row>
    <Row Tag="TXT_KEY_LEADER_AHMAD_ALMANSUR_GREETING_3">
      <Text>어서 오십시오.</Text>
    </Row>
    <Row Tag="TXT_KEY_LEADER_AHMAD_ALMANSUR_GREETING_4">
      <Text>음?</Text>
    </Row>
    <Row Tag="TXT_KEY_LEADER_AHMAD_ALMANSUR_GREETING_5">
      <Text>무엇을 원하시오?</Text>
    </Row>
    <Row Tag="TXT_KEY_LEADER_AHMAD_ALMANSUR_GREETING_6">
      <Text>무엇을 원하시오?</Text>
    </Row>
    <Row Tag="TXT_KEY_LEADER_AHMAD_ALMANSUR_LETSHEARIT_1">
      <Text>말해 보시오.</Text>
    </Row>
    <Row Tag="TXT_KEY_LEADER_AHMAD_ALMANSUR_LETSHEARIT_2">
      <Text>말해 보시오.</Text>
    </Row>
    <Row Tag="TXT_KEY_LEADER_AHMAD_ALMANSUR_LETSHEARIT_3">
      <Text>듣고 있소.</Text>
    </Row>
    <Row Tag="TXT_KEY_LEADER_AHMAD_ALMANSUR_LETSHEARIT_4">
      <Text>음?</Text>
    </Row>
    <Row Tag="TXT_KEY_LEADER_AHMAD_ALMANSUR_LETSHEARIT_5">
      <Text>뭐라고 하셨소?</Text>
    </Row>
    <Row Tag="TXT_KEY_LEADER_AHMAD_ALMANSUR_LOSEWAR_1">
      <Text>슬슬 이전 관계로 돌아가는 게 어떻겠소?</Text>
    </Row>
    <Row Tag="TXT_KEY_LEADER_AHMAD_ALMANSUR_LOSEWAR_2">
      <Text>슬슬 이전 관계로 돌아가는 게 어떻겠소?</Text>
    </Row>
    <Row Tag="TXT_KEY_LEADER_AHMAD_ALMANSUR_TRADE_NEEDMORE_ANGRY_1">
      <Text>당신의 제안은 우리에게 별 이득이 없는 것 같소.</Text>
    </Row>
    <Row Tag="TXT_KEY_LEADER_AHMAD_ALMANSUR_TRADE_NEEDMORE_ANGRY_2">
      <Text>충분하지 않습니다.</Text>
    </Row>
    <Row Tag="TXT_KEY_LEADER_AHMAD_ALMANSUR_TRADE_NEEDMORE_ANGRY_3">
      <Text>좀 더 나은 제안을 해야 할 것이오.</Text>
    </Row>
    <Row Tag="TXT_KEY_LEADER_AHMAD_ALMANSUR_TRADE_NEEDMORE_ANGRY_4">
      <Text>모욕적인 제안이군요.</Text>
    </Row>
    <Row Tag="TXT_KEY_LEADER_AHMAD_ALMANSUR_TRADE_NEEDMORE_HAPPY_1">
      <Text>조건을 조금 완화하면 어떻겠소?</Text>
    </Row>
    <Row Tag="TXT_KEY_LEADER_AHMAD_ALMANSUR_TRADE_NEEDMORE_HAPPY_2">
      <Text>이게 최선입니까?</Text>
    </Row>
    <Row Tag="TXT_KEY_LEADER_AHMAD_ALMANSUR_TRADE_NEEDMORE_HAPPY_3">
      <Text>거의 합의점에 도달한 것 같습니다만...</Text>
    </Row>
    <Row Tag="TXT_KEY_LEADER_AHMAD_ALMANSUR_TRADE_NEEDMORE_NEUTRAL_1">
      <Text>조금 더 매력적인 제안은 없습니까?</Text>
    </Row>
    <Row Tag="TXT_KEY_LEADER_AHMAD_ALMANSUR_TRADE_NEEDMORE_NEUTRAL_2">
      <Text>좀 더 나은 제안을 해 보시오.</Text>
    </Row>
    <Row Tag="TXT_KEY_LEADER_AHMAD_ALMANSUR_TRADE_NEEDMORE_NEUTRAL_3">
      <Text>뭔가 살짝 아쉽군요...</Text>
    </Row>
    <Row Tag="TXT_KEY_LEADER_AHMAD_ALMANSUR_TRADE_NEEDMORE_NEUTRAL_4">
      <Text>조금 부족합니다.</Text>
    </Row>
    <Row Tag="TXT_KEY_LEADER_AHMAD_ALMANSUR_TRADE_NO_ANGRY">
      <Text>더 이상 이 문제로 실랑이하고 싶지 않소.</Text>
    </Row>
    <Row Tag="TXT_KEY_LEADER_AHMAD_ALMANSUR_TRADE_NO_HAPPY">
      <Text>미안하지만 동의할 수 없습니다.</Text>
    </Row>
    <Row Tag="TXT_KEY_LEADER_AHMAD_ALMANSUR_TRADE_NO_NEUTRAL">
      <Text>이번에는 안 됩니다.</Text>
    </Row>
    <Row Tag="TXT_KEY_LEADER_AHMAD_ALMANSUR_TRADE_YES_ANGRY">
      <Text>손해 보는 장사지만 일단 동의하겠습니다.</Text>
    </Row>
    <Row Tag="TXT_KEY_LEADER_AHMAD_ALMANSUR_TRADE_YES_HAPPY">
      <Text>이것으로 양국에 안정이 찾아올 겁니다.</Text>
    </Row>
    <Row Tag="TXT_KEY_LEADER_AHMAD_ALMANSUR_TRADE_YES_NEUTRAL">
      <Text>동의합니다.</Text>
    </Row>
    <Row Tag="TXT_KEY_LEADER_AHMAD_ALMANSUR_TRADEREQUEST_ANGRY">
      <Text>그쪽이 동의한다면 내가 동맹국을 여럿 소개해 주겠소.</Text>
    </Row>
    <Row Tag="TXT_KEY_LEADER_AHMAD_ALMANSUR_TRADEREQUEST_HAPPY">
      <Text>양국에 큰 이득이 될 것이오.</Text>
    </Row>
    <Row Tag="TXT_KEY_LEADER_AHMAD_ALMANSUR_TRADEREQUEST_NEUTRAL">
      <Text>당신의 동의를 얻고자 왔습니다.</Text>
    </Row>
    <Row Tag="TXT_KEY_LEADER_AHMAD_ALMANSUR_TRIBUTE_NO_ANGRY">
      <Text>도와줄 의사가 없습니다.</Text>
    </Row>
    <Row Tag="TXT_KEY_LEADER_AHMAD_ALMANSUR_TRIBUTE_NO_HAPPY">
      <Text>너무 많은 걸 요구하는군요.</Text>
    </Row>
    <Row Tag="TXT_KEY_LEADER_AHMAD_ALMANSUR_TRIBUTE_NO_NEUTRAL">
      <Text>바빠서 이 문제에 신경 쓸 틈이 없습니다.</Text>
    </Row>
    <Row Tag="TXT_KEY_LEADER_AHMAD_ALMANSUR_TRIBUTE_YES_ANGRY">
      <Text>모로코 전체가 이 무례함을 잊지 않을 것이오.</Text>
    </Row>
    <Row Tag="TXT_KEY_LEADER_AHMAD_ALMANSUR_TRIBUTE_YES_HAPPY">
      <Text>필요한 게 있으면 말만 하시오.</Text>
    </Row>
    <Row Tag="TXT_KEY_LEADER_AHMAD_ALMANSUR_TRIBUTE_YES_NEUTRAL">
      <Text>아쉬운 자를 도와주시오.</Text>
    </Row>
    <Row Tag="TXT_KEY_LEADER_AHMAD_ALMANSUR_WARBLUFF_1">
      <Text>귀담아들을 수 없는 말이군요.</Text>
    </Row>
    <Row Tag="TXT_KEY_LEADER_AHMAD_ALMANSUR_WARBLUFF_2">
      <Text>위험한 도박을 하는군요.</Text>
    </Row>
    <Row Tag="TXT_KEY_LEADER_AHMAD_ALMANSUR_WARBLUFF_3">
      <Text>신중하게 생각하고 말하시오.</Text>
    </Row>
    <Row Tag="TXT_KEY_LEADER_AHMAD_ALMANSUR_WINWAR_1">
      <Text>여러 번에 걸친 협상 끝에 드디어 이 전쟁이 끝나는군요.</Text>
    </Row>
    <Row Tag="TXT_KEY_LEADER_AHMAD_ALMANSUR_WINWAR_2">
      <Text>여러 번에 걸친 협상 끝에 드디어 이 전쟁이 끝나는군요.</Text>
    </Row>
  </Language_KO_KR>
</GameData>