﻿<?xml version="1.0" encoding="utf-8"?>
<!--Generated with LocalizationBuddy.-->
<!--Copyright Firaxis Games 2010-->
<!--All Rights Reserved-->
<GameData>
  <Language_KO_KR>
    <Row Tag="TXT_KEY_LEADER_SHAKA_AGREE_SHORT_1">
      <Text>좋소.</Text>
    </Row>
    <Row Tag="TXT_KEY_LEADER_SHAKA_AGREE_SHORT_2">
      <Text>아주 좋소.</Text>
    </Row>
    <Row Tag="TXT_KEY_LEADER_SHAKA_AGREE_SHORT_3">
      <Text>물론이오.</Text>
    </Row>
    <Row Tag="TXT_KEY_LEADER_SHAKA_AGREE_SHORT_4">
      <Text>동의하겠소.</Text>
    </Row>
    <Row Tag="TXT_KEY_LEADER_SHAKA_AGREE_SHORT_5">
      <Text>훌륭하오.</Text>
    </Row>
    <Row Tag="TXT_KEY_LEADER_SHAKA_ATTACKED_1">
      <Text>그 오만함 때문에 언젠간 망할 거요.</Text>
    </Row>
    <Row Tag="TXT_KEY_LEADER_SHAKA_ATTACKED_2">
      <Text>이렇게 우릴 배신하다니, 각오하시오!</Text>
    </Row>
    <Row Tag="TXT_KEY_LEADER_SHAKA_ATTACKED_3">
      <Text>어리석은 결정이군! 대가를 치러야 할 거요.</Text>
    </Row>
    <Row Tag="TXT_KEY_LEADER_SHAKA_DECLAREWAR_1">
      <Text>우리 앞길을 막는 자는 누구라도 용서할 수 없소. 당신도 예외는 아니지.</Text>
    </Row>
    <Row Tag="TXT_KEY_LEADER_SHAKA_DECLAREWAR_2">
      <Text>우리가 공존하기에는 세상이 너무 좁군.</Text>
    </Row>
    <Row Tag="TXT_KEY_LEADER_SHAKA_DECLAREWAR_3">
      <Text>우리 전사들이 피를 보고 싶어하니 당신이 피를 흘려야겠소!</Text>
    </Row>
    <Row Tag="TXT_KEY_LEADER_SHAKA_DEFEATED_1">
      <Text>우리 군대가 졌군. 다 내 불찰인가...</Text>
    </Row>
    <Row Tag="TXT_KEY_LEADER_SHAKA_DEFEATED_2">
      <Text>당신이 이기기는 했지만 우리 민족의 의지는 꺾이지 않을 거요.</Text>
    </Row>
    <Row Tag="TXT_KEY_LEADER_SHAKA_DEFEATED_3">
      <Text>이번에는 운이 좋아서 당신이 이겼지만 다음에는 어림도 없소.</Text>
    </Row>
    <Row Tag="TXT_KEY_LEADER_SHAKA_DEMANDTRIBUTE_ANGRY">
      <Text>우리가 원하는 걸 바치시오. 아니면 다음 전쟁 상대로 당신을 고르겠소.</Text>
    </Row>
    <Row Tag="TXT_KEY_LEADER_SHAKA_DEMANDTRIBUTE_HAPPY">
      <Text>우리에게 필요한 게 있는데, 도와줄 거로 믿겠소.</Text>
    </Row>
    <Row Tag="TXT_KEY_LEADER_SHAKA_DEMANDTRIBUTE_NEUTRAL">
      <Text>우리가 원하는 걸 내주는 게 신상에 이로울 거요.</Text>
    </Row>
    <Row Tag="TXT_KEY_LEADER_SHAKA_DISAGREE_SHORT_1">
      <Text>거절하겠소.</Text>
    </Row>
    <Row Tag="TXT_KEY_LEADER_SHAKA_DISAGREE_SHORT_2">
      <Text>당연히 안 되오.</Text>
    </Row>
    <Row Tag="TXT_KEY_LEADER_SHAKA_DISAGREE_SHORT_3">
      <Text>말도 안 되는 소릴.</Text>
    </Row>
    <Row Tag="TXT_KEY_LEADER_SHAKA_DISAGREE_SHORT_4">
      <Text>거절하겠소.</Text>
    </Row>
    <Row Tag="TXT_KEY_LEADER_SHAKA_DISAGREE_SHORT_5">
      <Text>뭐라고 했소?</Text>
    </Row>
    <Row Tag="TXT_KEY_LEADER_SHAKA_DISAGREE_SHORT_6">
      <Text>받아들일 수 없소.</Text>
    </Row>
    <Row Tag="TXT_KEY_LEADER_SHAKA_DISAGREE_SHORT_7">
      <Text>진심이 아니기를 바라오.</Text>
    </Row>
    <Row Tag="TXT_KEY_LEADER_SHAKA_FIRSTGREETING_1">
      <Text>샤카라고 하오! 줄루 왕국의 지도자지! 무엇 때문에 오셨소?</Text>
    </Row>
    <Row Tag="TXT_KEY_LEADER_SHAKA_FIRSTGREETING_2">
      <Text>난 위대한 전사요. 당신도 전사인가?</Text>
    </Row>
    <Row Tag="TXT_KEY_LEADER_SHAKA_FIRSTGREETING_3">
      <Text>난 줄루 왕국의 지도자요. 신중하게 생각하고 말을 꺼내시오.</Text>
    </Row>
    <Row Tag="TXT_KEY_LEADER_SHAKA_GOODBYE_1">
      <Text>사라지시오.</Text>
    </Row>
    <Row Tag="TXT_KEY_LEADER_SHAKA_GOODBYE_2">
      <Text>이상이오.</Text>
    </Row>
    <Row Tag="TXT_KEY_LEADER_SHAKA_GOODBYE_3">
      <Text>용무는 끝난 건 갔군.</Text>
    </Row>
    <Row Tag="TXT_KEY_LEADER_SHAKA_GOODBYE_4">
      <Text>잘 가시오.</Text>
    </Row>
    <Row Tag="TXT_KEY_LEADER_SHAKA_GOODBYE_5">
      <Text>이상이오.</Text>
    </Row>
    <Row Tag="TXT_KEY_LEADER_SHAKA_GOODBYE_6">
      <Text>볼일은 끝났소.</Text>
    </Row>
    <Row Tag="TXT_KEY_LEADER_SHAKA_GREETING_1">
      <Text>환영하오.</Text>
    </Row>
    <Row Tag="TXT_KEY_LEADER_SHAKA_GREETING_2">
      <Text>안녕하시오!</Text>
    </Row>
    <Row Tag="TXT_KEY_LEADER_SHAKA_GREETING_3">
      <Text>반갑소.</Text>
    </Row>
    <Row Tag="TXT_KEY_LEADER_SHAKA_GREETING_4">
      <Text>음?</Text>
    </Row>
    <Row Tag="TXT_KEY_LEADER_SHAKA_GREETING_5">
      <Text>원하는 게 뭐요?</Text>
    </Row>
    <Row Tag="TXT_KEY_LEADER_SHAKA_GREETING_6">
      <Text>원하는 게 뭐요?</Text>
    </Row>
    <Row Tag="TXT_KEY_LEADER_SHAKA_LETSHEARIT_1">
      <Text>들어 봅시다.</Text>
    </Row>
    <Row Tag="TXT_KEY_LEADER_SHAKA_LETSHEARIT_2">
      <Text>말 하시오.</Text>
    </Row>
    <Row Tag="TXT_KEY_LEADER_SHAKA_LETSHEARIT_3">
      <Text>듣고 있소.</Text>
    </Row>
    <Row Tag="TXT_KEY_LEADER_SHAKA_LETSHEARIT_4">
      <Text>음?</Text>
    </Row>
    <Row Tag="TXT_KEY_LEADER_SHAKA_LETSHEARIT_5">
      <Text>뭐라고 했소?</Text>
    </Row>
    <Row Tag="TXT_KEY_LEADER_SHAKA_LOSEWAR_1">
      <Text>전술을 바꾸면 당신 따위는 문제없지!</Text>
    </Row>
    <Row Tag="TXT_KEY_LEADER_SHAKA_LOSEWAR_2">
      <Text>전술을 바꾸면 당신 따위는 문제없지!</Text>
    </Row>
    <Row Tag="TXT_KEY_LEADER_SHAKA_TRADE_NEEDMORE_ANGRY_1">
      <Text>모욕적인 제안이군.</Text>
    </Row>
    <Row Tag="TXT_KEY_LEADER_SHAKA_TRADE_NEEDMORE_ANGRY_2">
      <Text>충분하지 않소.</Text>
    </Row>
    <Row Tag="TXT_KEY_LEADER_SHAKA_TRADE_NEEDMORE_ANGRY_3">
      <Text>조금만 더 인심 쓰시오.</Text>
    </Row>
    <Row Tag="TXT_KEY_LEADER_SHAKA_TRADE_NEEDMORE_ANGRY_4">
      <Text>우리를 무시하는 처사군.</Text>
    </Row>
    <Row Tag="TXT_KEY_LEADER_SHAKA_TRADE_NEEDMORE_HAPPY_1">
      <Text>내가 이런 제안을 받아들인다면 나라 전체가 내게 등을 돌릴 거요.</Text>
    </Row>
    <Row Tag="TXT_KEY_LEADER_SHAKA_TRADE_NEEDMORE_HAPPY_2">
      <Text>그게 최선이오?</Text>
    </Row>
    <Row Tag="TXT_KEY_LEADER_SHAKA_TRADE_NEEDMORE_HAPPY_3">
      <Text>조금만 더 인심 쓰시오.</Text>
    </Row>
    <Row Tag="TXT_KEY_LEADER_SHAKA_TRADE_NEEDMORE_NEUTRAL_1">
      <Text>이건 우리에게 꼭 필요하오. 조금 인심 쓰시오.</Text>
    </Row>
    <Row Tag="TXT_KEY_LEADER_SHAKA_TRADE_NEEDMORE_NEUTRAL_2">
      <Text>더 괜찮은 제안을 할 수는 없소?</Text>
    </Row>
    <Row Tag="TXT_KEY_LEADER_SHAKA_TRADE_NEEDMORE_NEUTRAL_3">
      <Text>약간 부족하군.</Text>
    </Row>
    <Row Tag="TXT_KEY_LEADER_SHAKA_TRADE_NEEDMORE_NEUTRAL_4">
      <Text>아직 만족할 만큼은 아니오.</Text>
    </Row>
    <Row Tag="TXT_KEY_LEADER_SHAKA_TRADE_NO_ANGRY">
      <Text>우리 왕국을 모욕하는 제안이군. 거절하겠소.</Text>
    </Row>
    <Row Tag="TXT_KEY_LEADER_SHAKA_TRADE_NO_HAPPY">
      <Text>아무리 친구라도 받아들일 수 없소.</Text>
    </Row>
    <Row Tag="TXT_KEY_LEADER_SHAKA_TRADE_NO_NEUTRAL">
      <Text>당신처럼 약해빠진 제안이군.</Text>
    </Row>
    <Row Tag="TXT_KEY_LEADER_SHAKA_TRADE_YES_ANGRY">
      <Text>그렇게 우긴다면 어쩔 수 없지.</Text>
    </Row>
    <Row Tag="TXT_KEY_LEADER_SHAKA_TRADE_YES_HAPPY">
      <Text>당신과 거래하게 되어 영광이오.</Text>
    </Row>
    <Row Tag="TXT_KEY_LEADER_SHAKA_TRADE_YES_NEUTRAL">
      <Text>공평한 제안 같소. 그렇게 합시다.</Text>
    </Row>
    <Row Tag="TXT_KEY_LEADER_SHAKA_TRADEREQUEST_ANGRY">
      <Text>달리 방법이 없소. 우리 제안을 검토해 보시오.</Text>
    </Row>
    <Row Tag="TXT_KEY_LEADER_SHAKA_TRADEREQUEST_HAPPY">
      <Text>우리 왕국을 도와주시오, 친구.</Text>
    </Row>
    <Row Tag="TXT_KEY_LEADER_SHAKA_TRADEREQUEST_NEUTRAL">
      <Text>내 제안을 어떻게 생각하시오?</Text>
    </Row>
    <Row Tag="TXT_KEY_LEADER_SHAKA_TRIBUTE_NO_ANGRY">
      <Text>내게 감히 이런 제안을 하다니! 목숨이 아깝지도 않소?</Text>
    </Row>
    <Row Tag="TXT_KEY_LEADER_SHAKA_TRIBUTE_NO_HAPPY">
      <Text>나처럼 위대한 사람도 그렇게 관대할 수는 없소.</Text>
    </Row>
    <Row Tag="TXT_KEY_LEADER_SHAKA_TRIBUTE_NO_NEUTRAL">
      <Text>당신의 어리석은 제안 따위를 듣고 있을 시간은 없소.</Text>
    </Row>
    <Row Tag="TXT_KEY_LEADER_SHAKA_TRIBUTE_YES_ANGRY">
      <Text>어쩔 수 없군. 당신과 좋게 끝나긴 틀린 것 같소.</Text>
    </Row>
    <Row Tag="TXT_KEY_LEADER_SHAKA_TRIBUTE_YES_HAPPY">
      <Text>우방을 도울 수 있다면 환영이오.</Text>
    </Row>
    <Row Tag="TXT_KEY_LEADER_SHAKA_TRIBUTE_YES_NEUTRAL">
      <Text>지금은 당신 말대로 하겠지만 언젠간 후회할 날이 올 거요.</Text>
    </Row>
    <Row Tag="TXT_KEY_LEADER_SHAKA_WARBLUFF_1">
      <Text>위험한 도박을 하는군.</Text>
    </Row>
    <Row Tag="TXT_KEY_LEADER_SHAKA_WARBLUFF_2">
      <Text>당신의 용기에 탄복했소.</Text>
    </Row>
    <Row Tag="TXT_KEY_LEADER_SHAKA_WARBLUFF_3">
      <Text>후회할 날이 올 거요.</Text>
    </Row>
    <Row Tag="TXT_KEY_LEADER_SHAKA_WINWAR_1">
      <Text>내가 자제력이 없었다면 당신은 지금쯤 목이 날아갔을 거요.</Text>
    </Row>
    <Row Tag="TXT_KEY_LEADER_SHAKA_WINWAR_2">
      <Text>내가 자제력이 없었다면 당신은 지금쯤 목이 날아갔을 거요.</Text>
    </Row>
  </Language_KO_KR>
</GameData>