﻿<?xml version="1.0" encoding="utf-8"?>
<!--Generated with LocalizationBuddy.-->
<!--Copyright Firaxis Games 2010-->
<!--All Rights Reserved-->
<GameData>
  <Language_KO_KR>
    <Row Tag="TXT_KEY_LEADER_ENRICO_DANDOLO_AGREE_SHORT_1">
      <Text>좋소.</Text>
    </Row>
    <Row Tag="TXT_KEY_LEADER_ENRICO_DANDOLO_AGREE_SHORT_2">
      <Text>아주 좋소.</Text>
    </Row>
    <Row Tag="TXT_KEY_LEADER_ENRICO_DANDOLO_AGREE_SHORT_3">
      <Text>물론이오.</Text>
    </Row>
    <Row Tag="TXT_KEY_LEADER_ENRICO_DANDOLO_AGREE_SHORT_4">
      <Text>동의하겠소.</Text>
    </Row>
    <Row Tag="TXT_KEY_LEADER_ENRICO_DANDOLO_AGREE_SHORT_5">
      <Text>훌륭하오.</Text>
    </Row>
    <Row Tag="TXT_KEY_LEADER_ENRICO_DANDOLO_ATTACKED_1">
      <Text>패를 너무 일찍 공개했소, 친구!</Text>
    </Row>
    <Row Tag="TXT_KEY_LEADER_ENRICO_DANDOLO_ATTACKED_2">
      <Text>내가 전혀 대비를 안 했다고 생각하시오?</Text>
    </Row>
    <Row Tag="TXT_KEY_LEADER_ENRICO_DANDOLO_ATTACKED_3">
      <Text>그렇게 무모하게 굴다가 망하게 될 거요.</Text>
    </Row>
    <Row Tag="TXT_KEY_LEADER_ENRICO_DANDOLO_DECLAREWAR_1">
      <Text>아무리 고심해도 당신과 전쟁을 하면 남는 장사가 될 것 같소!</Text>
    </Row>
    <Row Tag="TXT_KEY_LEADER_ENRICO_DANDOLO_DECLAREWAR_2">
      <Text>사실, 계획이야 많지만 당신과는 간단하게 전쟁으로 해결하겠소.</Text>
    </Row>
    <Row Tag="TXT_KEY_LEADER_ENRICO_DANDOLO_DECLAREWAR_3">
      <Text>당신이 사라지면 내게는 이득이지!</Text>
    </Row>
    <Row Tag="TXT_KEY_LEADER_ENRICO_DANDOLO_DEFEATED_1">
      <Text>내가 잘못 계산했군... 이런 실수는 이제 없을 거요.</Text>
    </Row>
    <Row Tag="TXT_KEY_LEADER_ENRICO_DANDOLO_DEFEATED_2">
      <Text>가끔 야망에 눈이 멀 때가 있지.</Text>
    </Row>
    <Row Tag="TXT_KEY_LEADER_ENRICO_DANDOLO_DEFEATED_3">
      <Text>흥하는 자가 있으면 망하는 자도 있기 마련이오.</Text>
    </Row>
    <Row Tag="TXT_KEY_LEADER_ENRICO_DANDOLO_DEMANDTRIBUTE_ANGRY">
      <Text>내 말 들으시오. 이 제안을 거절하는 건 지혜롭지 못한 행동이오.</Text>
    </Row>
    <Row Tag="TXT_KEY_LEADER_ENRICO_DANDOLO_DEMANDTRIBUTE_HAPPY">
      <Text>우리 우정을 위해 내 부탁을 들어주시오.</Text>
    </Row>
    <Row Tag="TXT_KEY_LEADER_ENRICO_DANDOLO_DEMANDTRIBUTE_NEUTRAL">
      <Text>합리적인 제안이라고 생각하오. 한 번 생각해보시오.</Text>
    </Row>
    <Row Tag="TXT_KEY_LEADER_ENRICO_DANDOLO_DISAGREE_SHORT_1">
      <Text>거절하겠소.</Text>
    </Row>
    <Row Tag="TXT_KEY_LEADER_ENRICO_DANDOLO_DISAGREE_SHORT_2">
      <Text>당연히 거절이오.</Text>
    </Row>
    <Row Tag="TXT_KEY_LEADER_ENRICO_DANDOLO_DISAGREE_SHORT_3">
      <Text>물론 안 될 일이오.</Text>
    </Row>
    <Row Tag="TXT_KEY_LEADER_ENRICO_DANDOLO_DISAGREE_SHORT_4">
      <Text>거절하겠소.</Text>
    </Row>
    <Row Tag="TXT_KEY_LEADER_ENRICO_DANDOLO_DISAGREE_SHORT_5">
      <Text>뭐라고 했소?</Text>
    </Row>
    <Row Tag="TXT_KEY_LEADER_ENRICO_DANDOLO_DISAGREE_SHORT_6">
      <Text>받아들일 수 없소.</Text>
    </Row>
    <Row Tag="TXT_KEY_LEADER_ENRICO_DANDOLO_DISAGREE_SHORT_7">
      <Text>지금 농담하시오?</Text>
    </Row>
    <Row Tag="TXT_KEY_LEADER_ENRICO_DANDOLO_FIRSTGREETING_1">
      <Text>베니스에 온 걸 환영하오. 나는 엔리코 단돌로 총독이오... 우리와 거래하고 싶으시오?</Text>
    </Row>
    <Row Tag="TXT_KEY_LEADER_ENRICO_DANDOLO_FIRSTGREETING_2">
      <Text>안녕하시오, 여행자. 난 엔리코 단돌로 총독이오. 베니스에는 무슨 일로 왔소?</Text>
    </Row>
    <Row Tag="TXT_KEY_LEADER_ENRICO_DANDOLO_FIRSTGREETING_3">
      <Text>난 베니스의 총독 엔리코 단돌로요... 그쪽은 무역상이오?</Text>
    </Row>
    <Row Tag="TXT_KEY_LEADER_ENRICO_DANDOLO_GOODBYE_1">
      <Text>그만 가보시오.</Text>
    </Row>
    <Row Tag="TXT_KEY_LEADER_ENRICO_DANDOLO_GOODBYE_2">
      <Text>이상이오.</Text>
    </Row>
    <Row Tag="TXT_KEY_LEADER_ENRICO_DANDOLO_GOODBYE_3">
      <Text>용무는 끝났소.</Text>
    </Row>
    <Row Tag="TXT_KEY_LEADER_ENRICO_DANDOLO_GOODBYE_4">
      <Text>잘 가시오.</Text>
    </Row>
    <Row Tag="TXT_KEY_LEADER_ENRICO_DANDOLO_GOODBYE_5">
      <Text>그럼 이만.</Text>
    </Row>
    <Row Tag="TXT_KEY_LEADER_ENRICO_DANDOLO_GOODBYE_6">
      <Text>볼일은 다 끝난 것 같소만.</Text>
    </Row>
    <Row Tag="TXT_KEY_LEADER_ENRICO_DANDOLO_GREETING_1">
      <Text>환영합니다.</Text>
    </Row>
    <Row Tag="TXT_KEY_LEADER_ENRICO_DANDOLO_GREETING_2">
      <Text>안녕하시오!</Text>
    </Row>
    <Row Tag="TXT_KEY_LEADER_ENRICO_DANDOLO_GREETING_3">
      <Text>어서 오시오.</Text>
    </Row>
    <Row Tag="TXT_KEY_LEADER_ENRICO_DANDOLO_GREETING_4">
      <Text>음?</Text>
    </Row>
    <Row Tag="TXT_KEY_LEADER_ENRICO_DANDOLO_GREETING_5">
      <Text>무엇을 원하시오?</Text>
    </Row>
    <Row Tag="TXT_KEY_LEADER_ENRICO_DANDOLO_GREETING_6">
      <Text>무엇을 원하시오?</Text>
    </Row>
    <Row Tag="TXT_KEY_LEADER_ENRICO_DANDOLO_LETSHEARIT_1">
      <Text>말해 보시오.</Text>
    </Row>
    <Row Tag="TXT_KEY_LEADER_ENRICO_DANDOLO_LETSHEARIT_2">
      <Text>들어봅시다.</Text>
    </Row>
    <Row Tag="TXT_KEY_LEADER_ENRICO_DANDOLO_LETSHEARIT_3">
      <Text>듣고 있소.</Text>
    </Row>
    <Row Tag="TXT_KEY_LEADER_ENRICO_DANDOLO_LETSHEARIT_4">
      <Text>음?</Text>
    </Row>
    <Row Tag="TXT_KEY_LEADER_ENRICO_DANDOLO_LETSHEARIT_5">
      <Text>뭐라고 하셨소?</Text>
    </Row>
    <Row Tag="TXT_KEY_LEADER_ENRICO_DANDOLO_LOSEWAR_1">
      <Text>이거 하나로 내가 끝났다고 생각하면 오산이오.</Text>
    </Row>
    <Row Tag="TXT_KEY_LEADER_ENRICO_DANDOLO_LOSEWAR_2">
      <Text>이거 하나로 내가 끝났다고 생각하면 오산이오.</Text>
    </Row>
    <Row Tag="TXT_KEY_LEADER_ENRICO_DANDOLO_TRADE_NEEDMORE_ANGRY_1">
      <Text>어처구니가 없군! 누구에게 말하는지 생각하고 입을 여시오!</Text>
    </Row>
    <Row Tag="TXT_KEY_LEADER_ENRICO_DANDOLO_TRADE_NEEDMORE_ANGRY_2">
      <Text>충분하지 않소.</Text>
    </Row>
    <Row Tag="TXT_KEY_LEADER_ENRICO_DANDOLO_TRADE_NEEDMORE_ANGRY_3">
      <Text>좀 더 나은 제안을 해야 할 것이오.</Text>
    </Row>
    <Row Tag="TXT_KEY_LEADER_ENRICO_DANDOLO_TRADE_NEEDMORE_ANGRY_4">
      <Text>모욕적인 제안이군.</Text>
    </Row>
    <Row Tag="TXT_KEY_LEADER_ENRICO_DANDOLO_TRADE_NEEDMORE_HAPPY_1">
      <Text>조건을 조금 완화하면 어떻겠소?</Text>
    </Row>
    <Row Tag="TXT_KEY_LEADER_ENRICO_DANDOLO_TRADE_NEEDMORE_HAPPY_2">
      <Text>이게 최선이오?</Text>
    </Row>
    <Row Tag="TXT_KEY_LEADER_ENRICO_DANDOLO_TRADE_NEEDMORE_HAPPY_3">
      <Text>거의 합의점에 도달한 것 같군...</Text>
    </Row>
    <Row Tag="TXT_KEY_LEADER_ENRICO_DANDOLO_TRADE_NEEDMORE_NEUTRAL_1">
      <Text>조금 더 매력적인 제안은 없소?</Text>
    </Row>
    <Row Tag="TXT_KEY_LEADER_ENRICO_DANDOLO_TRADE_NEEDMORE_NEUTRAL_2">
      <Text>좀 더 나은 제안을 해 보시오.</Text>
    </Row>
    <Row Tag="TXT_KEY_LEADER_ENRICO_DANDOLO_TRADE_NEEDMORE_NEUTRAL_3">
      <Text>뭔가 살짝 아쉽군...</Text>
    </Row>
    <Row Tag="TXT_KEY_LEADER_ENRICO_DANDOLO_TRADE_NEEDMORE_NEUTRAL_4">
      <Text>조금 부족하오.</Text>
    </Row>
    <Row Tag="TXT_KEY_LEADER_ENRICO_DANDOLO_TRADE_NO_ANGRY">
      <Text>평민과는 거래하지 않겠소!</Text>
    </Row>
    <Row Tag="TXT_KEY_LEADER_ENRICO_DANDOLO_TRADE_NO_HAPPY">
      <Text>내 관대함에도 분명 한계는 있소.</Text>
    </Row>
    <Row Tag="TXT_KEY_LEADER_ENRICO_DANDOLO_TRADE_NO_NEUTRAL">
      <Text>베니스에서는 손해 보는 장사는 하지 않소.</Text>
    </Row>
    <Row Tag="TXT_KEY_LEADER_ENRICO_DANDOLO_TRADE_YES_ANGRY">
      <Text>당신 같은 부류와 거래하다니, 모욕적이군.</Text>
    </Row>
    <Row Tag="TXT_KEY_LEADER_ENRICO_DANDOLO_TRADE_YES_HAPPY">
      <Text>물론이오! 공정한 거래는 언제든 환영이오!</Text>
    </Row>
    <Row Tag="TXT_KEY_LEADER_ENRICO_DANDOLO_TRADE_YES_NEUTRAL">
      <Text>동의하겠소.</Text>
    </Row>
    <Row Tag="TXT_KEY_LEADER_ENRICO_DANDOLO_TRADEREQUEST_ANGRY">
      <Text>우리와 거래하면 그쪽의 지위가 조금은 올라가지 않을까 싶소...</Text>
    </Row>
    <Row Tag="TXT_KEY_LEADER_ENRICO_DANDOLO_TRADEREQUEST_HAPPY">
      <Text>장사라면 내가 전문가요... 이건 남는 장사요.</Text>
    </Row>
    <Row Tag="TXT_KEY_LEADER_ENRICO_DANDOLO_TRADEREQUEST_NEUTRAL">
      <Text>시간이 별로 없으니 서둘러 결정하시오.</Text>
    </Row>
    <Row Tag="TXT_KEY_LEADER_ENRICO_DANDOLO_TRIBUTE_NO_ANGRY">
      <Text>실수한 것 같은데... 당신 제안은 검토할 가치도 없소.</Text>
    </Row>
    <Row Tag="TXT_KEY_LEADER_ENRICO_DANDOLO_TRIBUTE_NO_HAPPY">
      <Text>너무 많은 걸 요구하는군.</Text>
    </Row>
    <Row Tag="TXT_KEY_LEADER_ENRICO_DANDOLO_TRIBUTE_NO_NEUTRAL">
      <Text>이런 일에 낭비할 시간이 없소.</Text>
    </Row>
    <Row Tag="TXT_KEY_LEADER_ENRICO_DANDOLO_TRIBUTE_YES_ANGRY">
      <Text>이렇게 나오면 신상에 좋지 않은 줄 알면서... 이번에는 요구를 들어주겠소.</Text>
    </Row>
    <Row Tag="TXT_KEY_LEADER_ENRICO_DANDOLO_TRIBUTE_YES_HAPPY">
      <Text>곤경에 빠진 친구는 도와야지.</Text>
    </Row>
    <Row Tag="TXT_KEY_LEADER_ENRICO_DANDOLO_TRIBUTE_YES_NEUTRAL">
      <Text>동의하오.</Text>
    </Row>
    <Row Tag="TXT_KEY_LEADER_ENRICO_DANDOLO_WARBLUFF_1">
      <Text>너무 뻔한 협박이라 신경 쓰고 싶지도 않군.</Text>
    </Row>
    <Row Tag="TXT_KEY_LEADER_ENRICO_DANDOLO_WARBLUFF_2">
      <Text>당신은 허세를 부리고 있소. 보면 알지.</Text>
    </Row>
    <Row Tag="TXT_KEY_LEADER_ENRICO_DANDOLO_WARBLUFF_3">
      <Text>위험한 도박을 하는군.</Text>
    </Row>
    <Row Tag="TXT_KEY_LEADER_ENRICO_DANDOLO_WINWAR_1">
      <Text>공든 일이 결실을 맺을 때의 기분은 다른 것과 비교할 수 없지.</Text>
    </Row>
    <Row Tag="TXT_KEY_LEADER_ENRICO_DANDOLO_WINWAR_2">
      <Text>공든 일이 결실을 맺을 때의 기분은 다른 것과 비교할 수 없지.</Text>
    </Row>
  </Language_KO_KR>
</GameData>