﻿<?xml version="1.0" encoding="utf-8"?>
<!--Generated with LocalizationBuddy.-->
<!--Copyright Firaxis Games 2010-->
<!--All Rights Reserved-->
<GameData>
  <Language_KO_KR>
    <Row Tag="TXT_KEY_LEADER_MARIA_I_AGREE_SHORT_1">
      <Text>좋습니다.</Text>
    </Row>
    <Row Tag="TXT_KEY_LEADER_MARIA_I_AGREE_SHORT_2">
      <Text>좋아요.</Text>
    </Row>
    <Row Tag="TXT_KEY_LEADER_MARIA_I_AGREE_SHORT_3">
      <Text>물론이죠.</Text>
    </Row>
    <Row Tag="TXT_KEY_LEADER_MARIA_I_AGREE_SHORT_4">
      <Text>동의합니다.</Text>
    </Row>
    <Row Tag="TXT_KEY_LEADER_MARIA_I_AGREE_SHORT_5">
      <Text>훌륭해요.</Text>
    </Row>
    <Row Tag="TXT_KEY_LEADER_MARIA_I_ATTACKED_1">
      <Text>진심인가요? 그렇다면 당신을 처리하겠어요!</Text>
    </Row>
    <Row Tag="TXT_KEY_LEADER_MARIA_I_ATTACKED_2">
      <Text>내가 누군 줄 알고 감히 이런 짓을!</Text>
    </Row>
    <Row Tag="TXT_KEY_LEADER_MARIA_I_ATTACKED_3">
      <Text>날 공격한다고요? 웃기지 마세요. 내가 당신을 공격하겠습니다!</Text>
    </Row>
    <Row Tag="TXT_KEY_LEADER_MARIA_I_DECLAREWAR_1">
      <Text>당신 왕국을 없애기로 했어요. 불만은 없었으면 좋겠군요.</Text>
    </Row>
    <Row Tag="TXT_KEY_LEADER_MARIA_I_DECLAREWAR_2">
      <Text>아참, 당신이 알아야 할 것 같아서 말해두는데, 당신 왕국에 선전포고를 할 참입니다.</Text>
    </Row>
    <Row Tag="TXT_KEY_LEADER_MARIA_I_DECLAREWAR_3">
      <Text>아무래도 당신과 나는 공존할 수 없겠군요. 전쟁으로 해결하죠.</Text>
    </Row>
    <Row Tag="TXT_KEY_LEADER_MARIA_I_DEFEATED_1">
      <Text>예상 밖의 일이군요. 이번에는 넘어갑시다.</Text>
    </Row>
    <Row Tag="TXT_KEY_LEADER_MARIA_I_DEFEATED_2">
      <Text>합당한 예의로 우릴 대하길 바랍니다.</Text>
    </Row>
    <Row Tag="TXT_KEY_LEADER_MARIA_I_DEFEATED_3">
      <Text>끔찍하군! 난 전쟁을 바라지 않아요!</Text>
    </Row>
    <Row Tag="TXT_KEY_LEADER_MARIA_I_DEMANDTRIBUTE_ANGRY">
      <Text>필요한 걸 적어놨으니 당장 보내주세요!</Text>
    </Row>
    <Row Tag="TXT_KEY_LEADER_MARIA_I_DEMANDTRIBUTE_HAPPY">
      <Text>여왕과 그 백성을 도와야겠다고 생각하지 않나요?</Text>
    </Row>
    <Row Tag="TXT_KEY_LEADER_MARIA_I_DEMANDTRIBUTE_NEUTRAL">
      <Text>강요하지는 않겠지만, 내가 원하는 걸 넘기는 게 어떻겠어요?</Text>
    </Row>
    <Row Tag="TXT_KEY_LEADER_MARIA_I_DISAGREE_SHORT_1">
      <Text>거절하겠어요.</Text>
    </Row>
    <Row Tag="TXT_KEY_LEADER_MARIA_I_DISAGREE_SHORT_2">
      <Text>당연히 거절입니다.</Text>
    </Row>
    <Row Tag="TXT_KEY_LEADER_MARIA_I_DISAGREE_SHORT_3">
      <Text>물론 거절하겠어요.</Text>
    </Row>
    <Row Tag="TXT_KEY_LEADER_MARIA_I_DISAGREE_SHORT_4">
      <Text>납득할 수 없습니다.</Text>
    </Row>
    <Row Tag="TXT_KEY_LEADER_MARIA_I_DISAGREE_SHORT_5">
      <Text>뭐라고 했나요?</Text>
    </Row>
    <Row Tag="TXT_KEY_LEADER_MARIA_I_DISAGREE_SHORT_6">
      <Text>받아들일 수 없습니다.</Text>
    </Row>
    <Row Tag="TXT_KEY_LEADER_MARIA_I_DISAGREE_SHORT_7">
      <Text>농담하는 건가요?</Text>
    </Row>
    <Row Tag="TXT_KEY_LEADER_MARIA_I_FIRSTGREETING_1">
      <Text>포르투갈의 여왕 마리아입니다. 전에 만난 적이 있나요? 낯이 익군요.</Text>
    </Row>
    <Row Tag="TXT_KEY_LEADER_MARIA_I_FIRSTGREETING_2">
      <Text>포르투갈의 여왕 마리아입니다. 무슨 일로 오셨죠?</Text>
    </Row>
    <Row Tag="TXT_KEY_LEADER_MARIA_I_FIRSTGREETING_3">
      <Text>난 마리아입니다. 당신은 누구죠? 누가 보냈나요?</Text>
    </Row>
    <Row Tag="TXT_KEY_LEADER_MARIA_I_GOODBYE_1">
      <Text>그만 가세요.</Text>
    </Row>
    <Row Tag="TXT_KEY_LEADER_MARIA_I_GOODBYE_2">
      <Text>이게 답니다.</Text>
    </Row>
    <Row Tag="TXT_KEY_LEADER_MARIA_I_GOODBYE_3">
      <Text>용무는 끝난 것 같군요.</Text>
    </Row>
    <Row Tag="TXT_KEY_LEADER_MARIA_I_GOODBYE_4">
      <Text>잘 가세요.</Text>
    </Row>
    <Row Tag="TXT_KEY_LEADER_MARIA_I_GOODBYE_5">
      <Text>이게 답니다.</Text>
    </Row>
    <Row Tag="TXT_KEY_LEADER_MARIA_I_GOODBYE_6">
      <Text>더 이야기할 건 없네요.</Text>
    </Row>
    <Row Tag="TXT_KEY_LEADER_MARIA_I_GREETING_1">
      <Text>환영합니다.</Text>
    </Row>
    <Row Tag="TXT_KEY_LEADER_MARIA_I_GREETING_2">
      <Text>안녕하세요!</Text>
    </Row>
    <Row Tag="TXT_KEY_LEADER_MARIA_I_GREETING_3">
      <Text>반갑습니다.</Text>
    </Row>
    <Row Tag="TXT_KEY_LEADER_MARIA_I_GREETING_4">
      <Text>음?</Text>
    </Row>
    <Row Tag="TXT_KEY_LEADER_MARIA_I_GREETING_5">
      <Text>뭘 원하죠?</Text>
    </Row>
    <Row Tag="TXT_KEY_LEADER_MARIA_I_GREETING_6">
      <Text>뭘 원하죠?</Text>
    </Row>
    <Row Tag="TXT_KEY_LEADER_MARIA_I_LETSHEARIT_1">
      <Text>들어 봅시다.</Text>
    </Row>
    <Row Tag="TXT_KEY_LEADER_MARIA_I_LETSHEARIT_2">
      <Text>말하세요.</Text>
    </Row>
    <Row Tag="TXT_KEY_LEADER_MARIA_I_LETSHEARIT_3">
      <Text>듣고 있습니다.</Text>
    </Row>
    <Row Tag="TXT_KEY_LEADER_MARIA_I_LETSHEARIT_4">
      <Text>음?</Text>
    </Row>
    <Row Tag="TXT_KEY_LEADER_MARIA_I_LETSHEARIT_5">
      <Text>뭐라고 했나요?</Text>
    </Row>
    <Row Tag="TXT_KEY_LEADER_MARIA_I_LOSEWAR_1">
      <Text>우리가 전쟁 중이라고요? 언제 전투가 있었나요? 고문단과 상의해야겠습니다. 잘 가세요!</Text>
    </Row>
    <Row Tag="TXT_KEY_LEADER_MARIA_I_LOSEWAR_2">
      <Text>우리가 전쟁 중이라고요? 언제 전투가 있었나요? 고문단과 상의해야겠습니다. 잘 가세요!</Text>
    </Row>
    <Row Tag="TXT_KEY_LEADER_MARIA_I_TRADE_NEEDMORE_ANGRY_1">
      <Text>날 바보 취급하나요?</Text>
    </Row>
    <Row Tag="TXT_KEY_LEADER_MARIA_I_TRADE_NEEDMORE_ANGRY_2">
      <Text>모자라요.</Text>
    </Row>
    <Row Tag="TXT_KEY_LEADER_MARIA_I_TRADE_NEEDMORE_ANGRY_3">
      <Text>더 나은 제안을 하세요.</Text>
    </Row>
    <Row Tag="TXT_KEY_LEADER_MARIA_I_TRADE_NEEDMORE_ANGRY_4">
      <Text>모욕적이군요.</Text>
    </Row>
    <Row Tag="TXT_KEY_LEADER_MARIA_I_TRADE_NEEDMORE_HAPPY_1">
      <Text>난 항상 백성을 먼저 생각합니다. 더 나은 제안을 하세요.</Text>
    </Row>
    <Row Tag="TXT_KEY_LEADER_MARIA_I_TRADE_NEEDMORE_HAPPY_2">
      <Text>그게 최선인가요?</Text>
    </Row>
    <Row Tag="TXT_KEY_LEADER_MARIA_I_TRADE_NEEDMORE_HAPPY_3">
      <Text>거의 합의점에 도달한 것 같은데요...</Text>
    </Row>
    <Row Tag="TXT_KEY_LEADER_MARIA_I_TRADE_NEEDMORE_NEUTRAL_1">
      <Text>약간 모자라는 제안이군요.</Text>
    </Row>
    <Row Tag="TXT_KEY_LEADER_MARIA_I_TRADE_NEEDMORE_NEUTRAL_2">
      <Text>조금만 더 써보시지요.</Text>
    </Row>
    <Row Tag="TXT_KEY_LEADER_MARIA_I_TRADE_NEEDMORE_NEUTRAL_3">
      <Text>거의...</Text>
    </Row>
    <Row Tag="TXT_KEY_LEADER_MARIA_I_TRADE_NEEDMORE_NEUTRAL_4">
      <Text>충분하지 않습니다.</Text>
    </Row>
    <Row Tag="TXT_KEY_LEADER_MARIA_I_TRADE_NO_ANGRY">
      <Text>누가 보냈어요? 당신 누구죠? 당장 나가세요!</Text>
    </Row>
    <Row Tag="TXT_KEY_LEADER_MARIA_I_TRADE_NO_HAPPY">
      <Text>미안하지만 거절하겠어요.</Text>
    </Row>
    <Row Tag="TXT_KEY_LEADER_MARIA_I_TRADE_NO_NEUTRAL">
      <Text>그렇게 할 수는 없습니다.</Text>
    </Row>
    <Row Tag="TXT_KEY_LEADER_MARIA_I_TRADE_YES_ANGRY">
      <Text>정 그렇다면 할 수 없죠.</Text>
    </Row>
    <Row Tag="TXT_KEY_LEADER_MARIA_I_TRADE_YES_HAPPY">
      <Text>물론 받아들이겠습니다.</Text>
    </Row>
    <Row Tag="TXT_KEY_LEADER_MARIA_I_TRADE_YES_NEUTRAL">
      <Text>공평하군요.</Text>
    </Row>
    <Row Tag="TXT_KEY_LEADER_MARIA_I_TRADEREQUEST_ANGRY">
      <Text>당신 같은 무리와 거래하다니, 세상 참!</Text>
    </Row>
    <Row Tag="TXT_KEY_LEADER_MARIA_I_TRADEREQUEST_HAPPY">
      <Text>친구를 도와주지 않겠어요?</Text>
    </Row>
    <Row Tag="TXT_KEY_LEADER_MARIA_I_TRADEREQUEST_NEUTRAL">
      <Text>내 제안을 고려해 보세요.</Text>
    </Row>
    <Row Tag="TXT_KEY_LEADER_MARIA_I_TRIBUTE_NO_ANGRY">
      <Text>방금 건 못 들은 걸로 하겠습니다.</Text>
    </Row>
    <Row Tag="TXT_KEY_LEADER_MARIA_I_TRIBUTE_NO_HAPPY">
      <Text>여러 대신이 그렇게 관대한 조처를 환영할지 모르겠네요.</Text>
    </Row>
    <Row Tag="TXT_KEY_LEADER_MARIA_I_TRIBUTE_NO_NEUTRAL">
      <Text>그런 어처구니 없는 제안을 들을 만큼 한가하지 않습니다.</Text>
    </Row>
    <Row Tag="TXT_KEY_LEADER_MARIA_I_TRIBUTE_YES_ANGRY">
      <Text>당신 제안에 맞추기는 하겠지만, 부끄러운 줄 아세요.</Text>
    </Row>
    <Row Tag="TXT_KEY_LEADER_MARIA_I_TRIBUTE_YES_HAPPY">
      <Text>우방을 도울 수 있다면 도와야죠.</Text>
    </Row>
    <Row Tag="TXT_KEY_LEADER_MARIA_I_TRIBUTE_YES_NEUTRAL">
      <Text>동의합니다. 하지만 이번뿐입니다.</Text>
    </Row>
    <Row Tag="TXT_KEY_LEADER_MARIA_I_WARBLUFF_1">
      <Text>설마 내가 그런 위협을 진지하게 받아들일 거로 생각했나요?</Text>
    </Row>
    <Row Tag="TXT_KEY_LEADER_MARIA_I_WARBLUFF_2">
      <Text>위험한 도박을 하는군요.</Text>
    </Row>
    <Row Tag="TXT_KEY_LEADER_MARIA_I_WARBLUFF_3">
      <Text>당신의 협박이 공갈이라는 것 정도는 나도 알고 있습니다.</Text>
    </Row>
    <Row Tag="TXT_KEY_LEADER_MARIA_I_WINWAR_1">
      <Text>이 얼마나 영광스러운 날인가! 여자라고 우습게 보면 어떤 꼴을 당하는지 알았겠지요?</Text>
    </Row>
    <Row Tag="TXT_KEY_LEADER_MARIA_I_WINWAR_2">
      <Text>이 얼마나 영광스러운 날인가! 여자라고 우습게 보면 어떤 꼴을 당하는지 알았겠지요?</Text>
    </Row>
  </Language_KO_KR>
</GameData>