﻿<?xml version="1.0" encoding="utf-8"?>
<!--Generated with LocalizationBuddy.-->
<!--Copyright Firaxis Games 2010-->
<!--All Rights Reserved-->
<GameData>
  <Language_KO_KR>
    <Row Tag="TXT_KEY_LEADER_CASIMIR_AGREE_SHORT_1">
      <Text>좋소.</Text>
    </Row>
    <Row Tag="TXT_KEY_LEADER_CASIMIR_AGREE_SHORT_2">
      <Text>알겠소.</Text>
    </Row>
    <Row Tag="TXT_KEY_LEADER_CASIMIR_AGREE_SHORT_3">
      <Text>물론이오.</Text>
    </Row>
    <Row Tag="TXT_KEY_LEADER_CASIMIR_AGREE_SHORT_4">
      <Text>동의하오.</Text>
    </Row>
    <Row Tag="TXT_KEY_LEADER_CASIMIR_AGREE_SHORT_5">
      <Text>훌륭하오.</Text>
    </Row>
    <Row Tag="TXT_KEY_LEADER_CASIMIR_ATTACKED_1">
      <Text>전쟁이 끝나면 당신 문명은 역사에서 사라질 거요.</Text>
    </Row>
    <Row Tag="TXT_KEY_LEADER_CASIMIR_ATTACKED_2">
      <Text>이렇게 배신하다니! 개미처럼 짓밟아주겠어.</Text>
    </Row>
    <Row Tag="TXT_KEY_LEADER_CASIMIR_ATTACKED_3">
      <Text>외교가 서투르시군. 전쟁에서 패하면 수치심이라도 배우겠지!</Text>
    </Row>
    <Row Tag="TXT_KEY_LEADER_CASIMIR_DECLAREWAR_1">
      <Text>여러 대안을 검토해봤지만 역시 당신을 제거하는 편이 좋을 것 같소!</Text>
    </Row>
    <Row Tag="TXT_KEY_LEADER_CASIMIR_DECLAREWAR_2">
      <Text>당신의 허약한 왕국을 없애버리는 게 내 사명이오.</Text>
    </Row>
    <Row Tag="TXT_KEY_LEADER_CASIMIR_DECLAREWAR_3">
      <Text>왕국 전체의 결정이오. 당신이 내키는 대로 하지 못하도록 막겠소.</Text>
    </Row>
    <Row Tag="TXT_KEY_LEADER_CASIMIR_DEFEATED_1">
      <Text>지금 마음껏 자축하시오. 이게 마지막 승리가 될 테니까.</Text>
    </Row>
    <Row Tag="TXT_KEY_LEADER_CASIMIR_DEFEATED_2">
      <Text>오늘의 승자는 당신이오... 우리 백성을 영광으로 이끄시오.</Text>
    </Row>
    <Row Tag="TXT_KEY_LEADER_CASIMIR_DEFEATED_3">
      <Text>난 우리 왕국의 진정한 지도자로 역사에 남을 겁니다... 당신이 거머쥔 승리는 사소한 거요.</Text>
    </Row>
    <Row Tag="TXT_KEY_LEADER_CASIMIR_DEMANDTRIBUTE_ANGRY">
      <Text>왕국에 필요한 조치요. 설마 거절하지는 않겠지?</Text>
    </Row>
    <Row Tag="TXT_KEY_LEADER_CASIMIR_DEMANDTRIBUTE_HAPPY">
      <Text>한때는 우방이었으니 우리를 조금 도와주는 게 어떻겠소?</Text>
    </Row>
    <Row Tag="TXT_KEY_LEADER_CASIMIR_DEMANDTRIBUTE_NEUTRAL">
      <Text>아쉬운 사람을 도와주시오. 나중에 그쪽이 아쉬울 때 도와주리다.</Text>
    </Row>
    <Row Tag="TXT_KEY_LEADER_CASIMIR_DISAGREE_SHORT_1">
      <Text>거절하겠소.</Text>
    </Row>
    <Row Tag="TXT_KEY_LEADER_CASIMIR_DISAGREE_SHORT_2">
      <Text>당연히 안 될 말이오.</Text>
    </Row>
    <Row Tag="TXT_KEY_LEADER_CASIMIR_DISAGREE_SHORT_3">
      <Text>절대 안 되오.</Text>
    </Row>
    <Row Tag="TXT_KEY_LEADER_CASIMIR_DISAGREE_SHORT_4">
      <Text>아쉽지만 거절하겠소.</Text>
    </Row>
    <Row Tag="TXT_KEY_LEADER_CASIMIR_DISAGREE_SHORT_5">
      <Text>뭐라고 했소?</Text>
    </Row>
    <Row Tag="TXT_KEY_LEADER_CASIMIR_DISAGREE_SHORT_6">
      <Text>받아들일 수 없소.</Text>
    </Row>
    <Row Tag="TXT_KEY_LEADER_CASIMIR_DISAGREE_SHORT_7">
      <Text>농담이 지나치오.</Text>
    </Row>
    <Row Tag="TXT_KEY_LEADER_CASIMIR_FIRSTGREETING_1">
      <Text>난 카지미에시라고 하오! 폴란드에는 무슨 일로 오셨소?</Text>
    </Row>
    <Row Tag="TXT_KEY_LEADER_CASIMIR_FIRSTGREETING_2">
      <Text>안녕하시오, 먼 길을 왔구려. 난 폴란드의 카지미에시요. 연회장으로 가서 폴란드의 역사를 들어보시오.</Text>
    </Row>
    <Row Tag="TXT_KEY_LEADER_CASIMIR_FIRSTGREETING_3">
      <Text>환영하오, 이방인. 난 폴란드의 카지미에시요. 소문으로라도 들어보셨소?</Text>
    </Row>
    <Row Tag="TXT_KEY_LEADER_CASIMIR_GOODBYE_1">
      <Text>사라지시오.</Text>
    </Row>
    <Row Tag="TXT_KEY_LEADER_CASIMIR_GOODBYE_2">
      <Text>그게 다요.</Text>
    </Row>
    <Row Tag="TXT_KEY_LEADER_CASIMIR_GOODBYE_3">
      <Text>용무는 끝났소이다.</Text>
    </Row>
    <Row Tag="TXT_KEY_LEADER_CASIMIR_GOODBYE_4">
      <Text>잘 가시오.</Text>
    </Row>
    <Row Tag="TXT_KEY_LEADER_CASIMIR_GOODBYE_5">
      <Text>그게 다요.</Text>
    </Row>
    <Row Tag="TXT_KEY_LEADER_CASIMIR_GOODBYE_6">
      <Text>볼일은 다 끝났소?</Text>
    </Row>
    <Row Tag="TXT_KEY_LEADER_CASIMIR_GREETING_1">
      <Text>어서 오시오.</Text>
    </Row>
    <Row Tag="TXT_KEY_LEADER_CASIMIR_GREETING_2">
      <Text>안녕하시오!</Text>
    </Row>
    <Row Tag="TXT_KEY_LEADER_CASIMIR_GREETING_3">
      <Text>반갑소.</Text>
    </Row>
    <Row Tag="TXT_KEY_LEADER_CASIMIR_GREETING_4">
      <Text>음?</Text>
    </Row>
    <Row Tag="TXT_KEY_LEADER_CASIMIR_GREETING_5">
      <Text>원하는 게 뭐요?</Text>
    </Row>
    <Row Tag="TXT_KEY_LEADER_CASIMIR_GREETING_6">
      <Text>원하는 게 뭐요?</Text>
    </Row>
    <Row Tag="TXT_KEY_LEADER_CASIMIR_LETSHEARIT_1">
      <Text>어디, 들어봅시다.</Text>
    </Row>
    <Row Tag="TXT_KEY_LEADER_CASIMIR_LETSHEARIT_2">
      <Text>말해보시오.</Text>
    </Row>
    <Row Tag="TXT_KEY_LEADER_CASIMIR_LETSHEARIT_3">
      <Text>듣고 있소.</Text>
    </Row>
    <Row Tag="TXT_KEY_LEADER_CASIMIR_LETSHEARIT_4">
      <Text>음?</Text>
    </Row>
    <Row Tag="TXT_KEY_LEADER_CASIMIR_LETSHEARIT_5">
      <Text>뭐라고 했소?</Text>
    </Row>
    <Row Tag="TXT_KEY_LEADER_CASIMIR_LOSEWAR_1">
      <Text>날 이겨도 폴란드는 더 강력한 왕국이 될 거요!</Text>
    </Row>
    <Row Tag="TXT_KEY_LEADER_CASIMIR_LOSEWAR_2">
      <Text>날 이겨도 폴란드는 더 강력한 왕국이 될 거요!</Text>
    </Row>
    <Row Tag="TXT_KEY_LEADER_CASIMIR_TRADE_NEEDMORE_ANGRY_1">
      <Text>당신은 진지한 면이 없군.</Text>
    </Row>
    <Row Tag="TXT_KEY_LEADER_CASIMIR_TRADE_NEEDMORE_ANGRY_2">
      <Text>그걸로는 부족하오.</Text>
    </Row>
    <Row Tag="TXT_KEY_LEADER_CASIMIR_TRADE_NEEDMORE_ANGRY_3">
      <Text>더 나은 제안을 하시오.</Text>
    </Row>
    <Row Tag="TXT_KEY_LEADER_CASIMIR_TRADE_NEEDMORE_ANGRY_4">
      <Text>모욕적인 제안이군.</Text>
    </Row>
    <Row Tag="TXT_KEY_LEADER_CASIMIR_TRADE_NEEDMORE_HAPPY_1">
      <Text>받아들일 수 없소. 더 나은 제안을 해보시오.</Text>
    </Row>
    <Row Tag="TXT_KEY_LEADER_CASIMIR_TRADE_NEEDMORE_HAPPY_2">
      <Text>그게 최선이오?</Text>
    </Row>
    <Row Tag="TXT_KEY_LEADER_CASIMIR_TRADE_NEEDMORE_HAPPY_3">
      <Text>거의 합의점에 이른 것 같소...</Text>
    </Row>
    <Row Tag="TXT_KEY_LEADER_CASIMIR_TRADE_NEEDMORE_NEUTRAL_1">
      <Text>우리 상인들도 장사에는 도가 텄소. 더 나은 제안을 해보시오.</Text>
    </Row>
    <Row Tag="TXT_KEY_LEADER_CASIMIR_TRADE_NEEDMORE_NEUTRAL_2">
      <Text>조금만 더 써보시지요.</Text>
    </Row>
    <Row Tag="TXT_KEY_LEADER_CASIMIR_TRADE_NEEDMORE_NEUTRAL_3">
      <Text>그걸로는 좀...</Text>
    </Row>
    <Row Tag="TXT_KEY_LEADER_CASIMIR_TRADE_NEEDMORE_NEUTRAL_4">
      <Text>무리한 제안이오.</Text>
    </Row>
    <Row Tag="TXT_KEY_LEADER_CASIMIR_TRADE_NO_ANGRY">
      <Text>우릴 바보로 아시오? 거절하겠소.</Text>
    </Row>
    <Row Tag="TXT_KEY_LEADER_CASIMIR_TRADE_NO_HAPPY">
      <Text>친구에게 일부러 그런 일방적인 제안을 하려는 건 아니겠지요?</Text>
    </Row>
    <Row Tag="TXT_KEY_LEADER_CASIMIR_TRADE_NO_NEUTRAL">
      <Text>우리가 너무 손해 보는 거래지 않소?</Text>
    </Row>
    <Row Tag="TXT_KEY_LEADER_CASIMIR_TRADE_YES_ANGRY">
      <Text>좋소.</Text>
    </Row>
    <Row Tag="TXT_KEY_LEADER_CASIMIR_TRADE_YES_HAPPY">
      <Text>동의하오.</Text>
    </Row>
    <Row Tag="TXT_KEY_LEADER_CASIMIR_TRADE_YES_NEUTRAL">
      <Text>폴란드에서는 공정한 거래를 환영하오.</Text>
    </Row>
    <Row Tag="TXT_KEY_LEADER_CASIMIR_TRADEREQUEST_ANGRY">
      <Text>대신 이걸 제안하겠소. 어떻게 생각하시오?</Text>
    </Row>
    <Row Tag="TXT_KEY_LEADER_CASIMIR_TRADEREQUEST_HAPPY">
      <Text>안녕하시오, 친구! 폴란드와 거래하지 않겠소?</Text>
    </Row>
    <Row Tag="TXT_KEY_LEADER_CASIMIR_TRADEREQUEST_NEUTRAL">
      <Text>이 물건에 관심이 있소?</Text>
    </Row>
    <Row Tag="TXT_KEY_LEADER_CASIMIR_TRIBUTE_NO_ANGRY">
      <Text>농담의 질이 떨어지는구려... 이건 거래가 아니라 갈취요.</Text>
    </Row>
    <Row Tag="TXT_KEY_LEADER_CASIMIR_TRIBUTE_NO_HAPPY">
      <Text>아무리 친구라지만 이건 지나치지 않소?</Text>
    </Row>
    <Row Tag="TXT_KEY_LEADER_CASIMIR_TRIBUTE_NO_NEUTRAL">
      <Text>폴란드를 싸잡아 모욕하는군. 거절하겠소.</Text>
    </Row>
    <Row Tag="TXT_KEY_LEADER_CASIMIR_TRIBUTE_YES_ANGRY">
      <Text>달리 선택의 여지가 없구려. 하지만 이번만이오.</Text>
    </Row>
    <Row Tag="TXT_KEY_LEADER_CASIMIR_TRIBUTE_YES_HAPPY">
      <Text>폴란드는 우방과 함께 나누는 걸 좋아하지.</Text>
    </Row>
    <Row Tag="TXT_KEY_LEADER_CASIMIR_TRIBUTE_YES_NEUTRAL">
      <Text>이번만은 허락하겠소. 하지만 조심하시오.</Text>
    </Row>
    <Row Tag="TXT_KEY_LEADER_CASIMIR_WARBLUFF_1">
      <Text>위험한 도박을 하는군.</Text>
    </Row>
    <Row Tag="TXT_KEY_LEADER_CASIMIR_WARBLUFF_2">
      <Text>위험한 도박을 하는군.</Text>
    </Row>
    <Row Tag="TXT_KEY_LEADER_CASIMIR_WARBLUFF_3">
      <Text>잘 생각하고 말하시오.</Text>
    </Row>
    <Row Tag="TXT_KEY_LEADER_CASIMIR_WINWAR_1">
      <Text>이제 함부로 폴란드를 건드리면 어떻게 되는지 알겠소?</Text>
    </Row>
    <Row Tag="TXT_KEY_LEADER_CASIMIR_WINWAR_2">
      <Text>이제 함부로 폴란드를 건드리면 어떻게 되는지 알겠소?</Text>
    </Row>
  </Language_KO_KR>
</GameData>