﻿<?xml version="1.0" encoding="utf-8"?>
<!--Generated with LocalizationBuddy.-->
<!--Copyright Firaxis Games 2010-->
<!--All Rights Reserved-->
<GameData>
    <Language_KO_KR>
        <Row Tag="TXT_KEY_WONDER_SCENARIO_CIV_ARABIA_ADJECTIVE">
            <Text>[COLOR:40:110:150:255]수메르[ENDCOLOR]의</Text>
        </Row>
        <Row Tag="TXT_KEY_WONDER_SCENARIO_CIV_ARABIA_DESC">
            <Text>수메르 제국</Text>
        </Row>
        <Row Tag="TXT_KEY_WONDER_SCENARIO_CIV_ARABIA_SHORT_DESC">
            <Text>[COLOR:40:110:150:255]수메르[ENDCOLOR]</Text>
            <Plurality>2</Plurality>
        </Row>
        <Row Tag="TXT_KEY_WONDER_SCENARIO_CIV_OTTOMAN_ADJECTIVE">
            <Text>[COLOR:170:90:0:255]히타이트[ENDCOLOR]의</Text>
        </Row>
        <Row Tag="TXT_KEY_WONDER_SCENARIO_CIV_OTTOMAN_DESC">
            <Text>히타이트 제국</Text>
        </Row>
        <Row Tag="TXT_KEY_WONDER_SCENARIO_CIV_OTTOMAN_SHORT_DESC">
            <Text>[COLOR:170:90:0:255]히타이트[ENDCOLOR]</Text>
            <Plurality>2</Plurality>
        </Row>
    </Language_KO_KR>
</GameData>