﻿<?xml version="1.0" encoding="utf-8"?>
<!--Generated with LocalizationBuddy.-->
<!--Copyright Firaxis Games 2010-->
<!--All Rights Reserved-->
<GameData>
    <Language_KO_KR>
        <Row Tag="TXT_KEY_WONDER_SCENARIO_FEATURE_GIBRALTAR">
            <Text>올림포스 산</Text>
        </Row>
        <Row Tag="TXT_KEY_WONDER_SCENARIO_FEATURE_MESA">
            <Text>카파도키아</Text>
            <Plurality>2</Plurality>
        </Row>
        <Row Tag="TXT_KEY_WONDER_SCENARIO_FEATURE_MT_FUJI">
            <Text>아라라트 산</Text>
        </Row>
        <Row Tag="TXT_KEY_WONDER_SCENARIO_FEATURE_VOLCANO">
            <Text>테라 산</Text>
        </Row>
    </Language_KO_KR>
</GameData>