﻿<?xml version="1.0" encoding="utf-8"?>
<!--Generated with LocalizationBuddy.-->
<!--Copyright Firaxis Games 2010-->
<!--All Rights Reserved-->
<GameData>
    <Language_KO_KR>
        <Row Tag="TXT_KEY_1066_SCENARIO_CIV_ENGLAND_DESC">
            <Text>앵글로색슨 영국</Text>
        </Row>
        <Row Tag="TXT_KEY_1066_SCENARIO_CIV_FRANCE_ADJECTIVE">
            <Text>[COLOR:230:60:60:255]노르망디[ENDCOLOR]의</Text>
        </Row>
        <Row Tag="TXT_KEY_1066_SCENARIO_CIV_FRANCE_DESC">
            <Text>노르망디 제국</Text>
        </Row>
        <Row Tag="TXT_KEY_1066_SCENARIO_CIV_FRANCE_SHORT_DESC">
            <Text>[COLOR:230:60:60:255]노르망디[ENDCOLOR]</Text>
            <Plurality>2</Plurality>
        </Row>
        <Row Tag="TXT_KEY_1066_SCENARIO_CIV_GERMANY_ADJECTIVE">
            <Text>[COLOR:70:120:200:255]노르웨이[ENDCOLOR]의</Text>
        </Row>
        <Row Tag="TXT_KEY_1066_SCENARIO_CIV_GERMANY_DESC">
            <Text>노르웨이 제국</Text>
        </Row>
        <Row Tag="TXT_KEY_1066_SCENARIO_CIV_GERMANY_SHORT_DESC">
            <Text>[COLOR:70:120:200:255]노르웨이[ENDCOLOR]</Text>
            <Plurality>2</Plurality>
        </Row>
    </Language_KO_KR>
</GameData>