﻿<?xml version="1.0" encoding="utf-8"?>
<!--Generated with LocalizationBuddy.-->
<!--Copyright Firaxis Games 2010-->
<!--All Rights Reserved-->
<GameData>
	<Language_KO_KR>
		<Row Tag="TXT_KEY_CITY_NAME_AGRAB">
			<Text>아그라브</Text>
			<Plurality>2</Plurality>
		</Row>
		<Row Tag="TXT_KEY_CITY_NAME_AKKAD">
			<Text>아카드</Text>
			<Plurality>2</Plurality>
		</Row>
		<Row Tag="TXT_KEY_CITY_NAME_ANA">
			<Text>아나</Text>
			<Plurality>2</Plurality>
		</Row>
		<Row Tag="TXT_KEY_CITY_NAME_ARBELA">
			<Text>아르벨라</Text>
			<Plurality>2</Plurality>
		</Row>
		<Row Tag="TXT_KEY_CITY_NAME_ARRAPKHA">
			<Text>아르라프카</Text>
			<Plurality>2</Plurality>
		</Row>
		<Row Tag="TXT_KEY_CITY_NAME_ASHUR">
			<Text>아수르</Text>
			<Plurality>2</Plurality>
		</Row>
		<Row Tag="TXT_KEY_CITY_NAME_AWAN">
			<Text>아완</Text>
		</Row>
		<Row Tag="TXT_KEY_CITY_NAME_BABYLON">
			<Text>바빌론</Text>
		</Row>
		<Row Tag="TXT_KEY_CITY_NAME_BORSIPPA">
			<Text>보르시파</Text>
			<Plurality>2</Plurality>
		</Row>
		<Row Tag="TXT_KEY_CITY_NAME_DUR_KURIGALZU">
			<Text>두르 쿠리갈주</Text>
			<Plurality>2</Plurality>
		</Row>
		<Row Tag="TXT_KEY_CITY_NAME_ELLASAR">
			<Text>엘라사르</Text>
			<Plurality>2</Plurality>
		</Row>
		<Row Tag="TXT_KEY_CITY_NAME_ERECH">
			<Text>에레크</Text>
			<Plurality>2</Plurality>
		</Row>
		<Row Tag="TXT_KEY_CITY_NAME_ESHNUNNA">
			<Text>에수눈나</Text>
			<Plurality>2</Plurality>
		</Row>
		<Row Tag="TXT_KEY_CITY_NAME_GUBBA">
			<Text>굽바</Text>
			<Plurality>2</Plurality>
		</Row>
		<Row Tag="TXT_KEY_CITY_NAME_HAFRIYAT">
			<Text>하프리야트</Text>
			<Plurality>2</Plurality>
		</Row>
		<Row Tag="TXT_KEY_CITY_NAME_HARADUM">
			<Text>하라둠</Text>
		</Row>
		<Row Tag="TXT_KEY_CITY_NAME_KUTHA">
			<Text>쿠타</Text>
			<Plurality>2</Plurality>
		</Row>
		<Row Tag="TXT_KEY_CITY_NAME_MARI">
			<Text>마리</Text>
			<Plurality>2</Plurality>
		</Row>
		<Row Tag="TXT_KEY_CITY_NAME_MASHKAN_SHAPIR">
			<Text>마스칸 사피르</Text>
			<Plurality>2</Plurality>
		</Row>
		<Row Tag="TXT_KEY_CITY_NAME_NAGAR">
			<Text>나가트</Text>
			<Plurality>2</Plurality>
		</Row>
		<Row Tag="TXT_KEY_CITY_NAME_NERIBTUM">
			<Text>네리브툼</Text>
		</Row>
		<Row Tag="TXT_KEY_CITY_NAME_NIMRUD">
			<Text>님루드</Text>
			<Plurality>2</Plurality>
		</Row>
		<Row Tag="TXT_KEY_CITY_NAME_NINEVEH">
			<Text>니네베</Text>
			<Plurality>2</Plurality>
		</Row>
		<Row Tag="TXT_KEY_CITY_NAME_NIPPUR">
			<Text>니푸르</Text>
			<Plurality>2</Plurality>
		</Row>
		<Row Tag="TXT_KEY_CITY_NAME_NUZI">
			<Text>누지</Text>
			<Plurality>2</Plurality>
		</Row>
		<Row Tag="TXT_KEY_CITY_NAME_OPIS">
			<Text>오피스</Text>
			<Plurality>2</Plurality>
		</Row>
		<Row Tag="TXT_KEY_CITY_NAME_RAMADI">
			<Text>라마디</Text>
			<Plurality>2</Plurality>
		</Row>
		<Row Tag="TXT_KEY_CITY_NAME_RAPIQUM">
			<Text>라피쿰</Text>
		</Row>
		<Row Tag="TXT_KEY_CITY_NAME_RIBLAH">
			<Text>리블라</Text>
			<Plurality>2</Plurality>
		</Row>
		<Row Tag="TXT_KEY_CITY_NAME_SHADUPPUM">
			<Text>사두품</Text>
		</Row>
		<Row Tag="TXT_KEY_CITY_NAME_SHUBAT_ENLIL">
			<Text>수바트 엔릴</Text>
		</Row>
		<Row Tag="TXT_KEY_CITY_NAME_SHUSHAN">
			<Text>수산</Text>
		</Row>
		<Row Tag="TXT_KEY_CITY_NAME_SIPPAR">
			<Text>시파르</Text>
			<Plurality>2</Plurality>
		</Row>
		<Row Tag="TXT_KEY_CITY_NAME_SIRPURLA">
			<Text>시르푸르라</Text>
			<Plurality>2</Plurality>
		</Row>
		<Row Tag="TXT_KEY_CITY_NAME_TAYMA">
			<Text>타이마</Text>
			<Plurality>2</Plurality>
		</Row>
		<Row Tag="TXT_KEY_CITY_NAME_TUTTUL">
			<Text>투툴</Text>
		</Row>
		<Row Tag="TXT_KEY_CITY_NAME_TUTUB">
			<Text>투투브</Text>
			<Plurality>2</Plurality>
		</Row>
		<Row Tag="TXT_KEY_CITY_NAME_UQAIR">
			<Text>우콰이르</Text>
			<Plurality>2</Plurality>
		</Row>
		<Row Tag="TXT_KEY_CITY_NAME_URHAI">
			<Text>우르하이</Text>
			<Plurality>2</Plurality>
		</Row>
		<Row Tag="TXT_KEY_CITY_NAME_URKESH">
			<Text>우르케시</Text>
			<Plurality>2</Plurality>
		</Row>
	</Language_KO_KR>
</GameData>