﻿<?xml version="1.0" encoding="utf-8"?>
<!--Generated with LocalizationBuddy.-->
<!--Copyright Firaxis Games 2010-->
<!--All Rights Reserved-->
<GameData>
  <Language_KO_KR>
    <Row Tag="TXT_KEY_CIV5_DAWN_BABYLON_TEXT">
			<Text>오, 강대한 고대 바빌론의 아버지, 위대한 네부카드네자르여, 하늘의 축복이 그대와 함께하기를! 사르곤이 약 5천 년 전 바빌론을 건설했을 때만 해도 세상은 창조된 지 오래되지 않았습니다. 바빌로니아는 법전을 만드신 신성한 함무라비 왕 치하 기원전 18세기에 처음으로 제국을 이루었습니다. 비록 카시트인과 아시리아인에게 정복당했으나, 시련을 이겨낸 바빌로니아는 불사조와도 같이 파괴의 잿더미에서 솟아올라 수많은 적의 틈바구니에서 독립을 되찾았습니다. 진실로, 바빌론은 고대 세계에서 진정한 예술과 학문의 중심지였습니다![NEWLINE][NEWLINE]네부카드네자르여, 그대가 세상을 떠난 후 얼마 지나지 않아 바빌로니아 제국은 강대한 페르시아와 그리스에 정복당해, 기원전 141년에는 바빌론 시마저 파괴되었습니다. 위대한 네부카드네자르여, 바빌론이 정말 영원히 사라진 것입니까? 백성은 그대가 다시금 제국을 부활시키리라 기대하고 있습니다! 이 도전을 받아들이시겠습니까? 세월의 시련을 이겨낼 문명을 건설해 주시겠습니까?</Text>
    </Row>
    <Row Tag="TXT_KEY_CIV5_DAWN_BABYLON_TITLE">
			<Text>바빌론</Text>
    </Row>
    <Row Tag="TXT_KEY_TRAIT_INGENIOUS">
			<Text>문자를 연구하면 위대한 과학자가 출현합니다. 위대한 과학자의 출현 속도가 [COLOR_POSITIVE_TEXT]50%[ENDCOLOR] 증가합니다.</Text>
    </Row>
    <Row Tag="TXT_KEY_TRAIT_INGENIOUS_SHORT">
			<Text>독창성</Text>
    </Row>
  </Language_KO_KR>
</GameData>