﻿<?xml version="1.0" encoding="utf-8"?>
<!--Generated with LocalizationBuddy.-->
<!--Copyright Firaxis Games 2010-->
<!--All Rights Reserved-->
<GameData>
  <Language_KO_KR>
    <Row Tag="TXT_KEY_CIV_BABYLON_ADJECTIVE">
			      <Text>[COLOR:50:120:120:255]바빌론[ENDCOLOR]의</Text>
    </Row>
    <Row Tag="TXT_KEY_CIV_BABYLON_DESC">
			      <Text>바빌론 제국</Text>
    </Row>
    <Row Tag="TXT_KEY_CIV_BABYLON_SHORT_DESC">
			      <Text>[COLOR:50:120:120:255]바빌론[ENDCOLOR]</Text>
    </Row>
  </Language_KO_KR>
</GameData>