﻿<?xml version="1.0" encoding="utf-8"?>
<!--Generated with LocalizationBuddy.-->
<!--Copyright Firaxis Games 2010-->
<!--All Rights Reserved-->
<GameData>
	<Language_KO_KR>
		<Row Tag="TXT_KEY_CITY_NAME_BAYEUX">
			<Text>바이외</Text>
			<Plurality>2</Plurality>
		</Row>
		<Row Tag="TXT_KEY_CITY_NAME_BIRSAY">
			<Text>버르세이</Text>
			<Plurality>2</Plurality>
		</Row>
		<Row Tag="TXT_KEY_CITY_NAME_CHESTER">
			<Text>체스터</Text>
			<Plurality>2</Plurality>
		</Row>
		<Row Tag="TXT_KEY_CITY_NAME_CHICHESTER">
			<Text>치체스터</Text>
			<Plurality>2</Plurality>
		</Row>
		<Row Tag="TXT_KEY_CITY_NAME_FISKAVAIG">
			<Text>피스카바이그</Text>
			<Plurality>2</Plurality>
		</Row>
		<Row Tag="TXT_KEY_CITY_NAME_IONA">
			<Text>아이오나</Text>
			<Plurality>2</Plurality>
		</Row>
		<Row Tag="TXT_KEY_CITY_NAME_LINCOLN">
			<Text>링컨</Text>
		</Row>
		<Row Tag="TXT_KEY_CITY_NAME_NORTHAMPTON">
			<Text>노샘프턴</Text>
		</Row>
		<Row Tag="TXT_KEY_CITY_NAME_SAINT_VALERY">
			<Text>세인트 발레리</Text>
			<Plurality>2</Plurality>
		</Row>
		<Row Tag="TXT_KEY_CITY_NAME_STAFFORD">
			<Text>스태퍼드</Text>
			<Plurality>2</Plurality>
		</Row>
		<Row Tag="TXT_KEY_CITY_NAME_STAMFORD">
			<Text>스탬퍼드</Text>
			<Plurality>2</Plurality>
		</Row>
		<Row Tag="TXT_KEY_CITY_NAME_STORNOWAY">
			<Text>스토너웨이</Text>
			<Plurality>2</Plurality>
		</Row>
		<Row Tag="TXT_KEY_CITY_NAME_THETFORD">
			<Text>셋퍼드</Text>
			<Plurality>2</Plurality>
		</Row>
		<Row Tag="TXT_KEY_CITY_NAME_THURSO">
			<Text>서소</Text>
			<Plurality>2</Plurality>
		</Row>
		<Row Tag="TXT_KEY_CITY_NAME_WAREHAM">
			<Text>웨어햄</Text>
		</Row>
	</Language_KO_KR>
</GameData>