﻿<?xml version="1.0" encoding="utf-8"?>
<!--Generated with LocalizationBuddy.-->
<!--Copyright Firaxis Games 2010-->
<!--All Rights Reserved-->
<GameData>
	<Language_KO_KR>
		<Row Tag="TXT_KEY_CITY_NAME_AALBORG">
			<Text>올보르</Text>
			<Plurality>2</Plurality>
		</Row>
		<Row Tag="TXT_KEY_CITY_NAME_DRAMMEN">
			<Text>드람멘</Text>
		</Row>
		<Row Tag="TXT_KEY_CITY_NAME_ELSINORE">
			<Text>헬싱괴르</Text>
			<Plurality>2</Plurality>
		</Row>
		<Row Tag="TXT_KEY_CITY_NAME_FAEROERNE">
			<Text>파에로에르네</Text>
			<Plurality>2</Plurality>
		</Row>
		<Row Tag="TXT_KEY_CITY_NAME_FLADSTRAND">
			<Text>플라드스트란드</Text>
			<Plurality>2</Plurality>
		</Row>
		<Row Tag="TXT_KEY_CITY_NAME_FREDRIKSTAD">
			<Text>프레드릭스타</Text>
			<Plurality>2</Plurality>
		</Row>
		<Row Tag="TXT_KEY_CITY_NAME_GODTHAB">
			<Text>고트호브</Text>
			<Plurality>2</Plurality>
		</Row>
		<Row Tag="TXT_KEY_CITY_NAME_HADERSLEV">
			<Text>하데르슬레우</Text>
			<Plurality>2</Plurality>
		</Row>
		<Row Tag="TXT_KEY_CITY_NAME_HALOGALAND">
			<Text>할로가란드</Text>
			<Plurality>2</Plurality>
		</Row>
		<Row Tag="TXT_KEY_CITY_NAME_HEDEBY">
			<Text>헤데비</Text>
			<Plurality>2</Plurality>
		</Row>
		<Row Tag="TXT_KEY_CITY_NAME_HELLULAND">
			<Text>헬룰란드</Text>
			<Plurality>2</Plurality>
		</Row>
		<Row Tag="TXT_KEY_CITY_NAME_HILLEROD">
			<Text>힐레뢰드</Text>
			<Plurality>2</Plurality>
		</Row>
		<Row Tag="TXT_KEY_CITY_NAME_HJORRING">
			<Text>히링</Text>
		</Row>
		<Row Tag="TXT_KEY_CITY_NAME_HOLBAEK">
			<Text>홀베크</Text>
			<Plurality>2</Plurality>
		</Row>
		<Row Tag="TXT_KEY_CITY_NAME_HOLSTEBRO">
			<Text>홀스테브로</Text>
			<Plurality>2</Plurality>
		</Row>
		<Row Tag="TXT_KEY_CITY_NAME_HORSENS">
			<Text>호르센스</Text>
			<Plurality>2</Plurality>
		</Row>
		<Row Tag="TXT_KEY_CITY_NAME_JELLING">
			<Text>옐링</Text>
		</Row>
		<Row Tag="TXT_KEY_CITY_NAME_KAUPANG">
			<Text>카우팡</Text>
		</Row>
		<Row Tag="TXT_KEY_CITY_NAME_KOGE">
			<Text>고게</Text>
			<Plurality>2</Plurality>
		</Row>
		<Row Tag="TXT_KEY_CITY_NAME_KOLDING">
			<Text>콜딩</Text>
		</Row>
		<Row Tag="TXT_KEY_CITY_NAME_KRISTIANSAND">
			<Text>크리스티안산</Text>
		</Row>
		<Row Tag="TXT_KEY_CITY_NAME_LILLEHAMMER">
			<Text>릴레함메르</Text>
			<Plurality>2</Plurality>
		</Row>
		<Row Tag="TXT_KEY_CITY_NAME_MARKLAND">
			<Text>마르클란드</Text>
			<Plurality>2</Plurality>
		</Row>
		<Row Tag="TXT_KEY_CITY_NAME_ODENSE">
			<Text>오덴세</Text>
			<Plurality>2</Plurality>
		</Row>
		<Row Tag="TXT_KEY_CITY_NAME_RANDERS">
			<Text>란데르스</Text>
			<Plurality>2</Plurality>
		</Row>
		<Row Tag="TXT_KEY_CITY_NAME_REYKJAVIK">
			<Text>레이캬비크</Text>
			<Plurality>2</Plurality>
		</Row>
		<Row Tag="TXT_KEY_CITY_NAME_RIBE">
			<Text>리베</Text>
			<Plurality>2</Plurality>
		</Row>
		<Row Tag="TXT_KEY_CITY_NAME_RINGSTED">
			<Text>링스테드</Text>
			<Plurality>2</Plurality>
		</Row>
		<Row Tag="TXT_KEY_CITY_NAME_ROSKILDE">
			<Text>로스킬레</Text>
			<Plurality>2</Plurality>
		</Row>
		<Row Tag="TXT_KEY_CITY_NAME_SANDNES">
			<Text>산네스</Text>
			<Plurality>2</Plurality>
		</Row>
		<Row Tag="TXT_KEY_CITY_NAME_SARPSBORG">
			<Text>사릅스보르그</Text>
			<Plurality>2</Plurality>
		</Row>
		<Row Tag="TXT_KEY_CITY_NAME_SCHLESWIG">
			<Text>슐레스비히</Text>
			<Plurality>2</Plurality>
		</Row>
		<Row Tag="TXT_KEY_CITY_NAME_SKIEN">
			<Text>시엔</Text>
		</Row>
		<Row Tag="TXT_KEY_CITY_NAME_SKIVE">
			<Text>시베</Text>
			<Plurality>2</Plurality>
		</Row>
		<Row Tag="TXT_KEY_CITY_NAME_SLAGELSE">
			<Text>슬라겔세</Text>
			<Plurality>2</Plurality>
		</Row>
		<Row Tag="TXT_KEY_CITY_NAME_SONDERBORG">
			<Text>손데르보리</Text>
			<Plurality>2</Plurality>
		</Row>
		<Row Tag="TXT_KEY_CITY_NAME_STAVANGER">
			<Text>스타방에르</Text>
			<Plurality>2</Plurality>
		</Row>
		<Row Tag="TXT_KEY_CITY_NAME_SVENDBORG">
			<Text>스벤보르</Text>
			<Plurality>2</Plurality>
		</Row>
		<Row Tag="TXT_KEY_CITY_NAME_TONSBERG">
			<Text>된스베르그</Text>
			<Plurality>2</Plurality>
		</Row>
		<Row Tag="TXT_KEY_CITY_NAME_TROMSOE">
			<Text>트롬세</Text>
			<Plurality>2</Plurality>
		</Row>
		<Row Tag="TXT_KEY_CITY_NAME_TRONDHEIM">
			<Text>트론헤임</Text>
		</Row>
		<Row Tag="TXT_KEY_CITY_NAME_TRUSO">
			<Text>트루소</Text>
			<Plurality>2</Plurality>
		</Row>
		<Row Tag="TXT_KEY_CITY_NAME_VEJLE">
			<Text>바일레</Text>
			<Plurality>2</Plurality>
		</Row>
		<Row Tag="TXT_KEY_CITY_NAME_VIBORG">
			<Text>비보리</Text>
			<Plurality>2</Plurality>
		</Row>
		<Row Tag="TXT_KEY_CITY_NAME_VORBASSE">
			<Text>보르바세</Text>
			<Plurality>2</Plurality>
		</Row>
	</Language_KO_KR>
</GameData>