﻿<?xml version="1.0" encoding="utf-8"?>
<!--Generated with LocalizationBuddy.-->
<!--Copyright Firaxis Games 2010-->
<!--All Rights Reserved-->
<GameData>
    <Language_KO_KR>
        <Row Tag="TXT_KEY_CITY_STATE_MERCANTILE_ADJECTIVE">
            <Text>상업적</Text>
        </Row>
        <Row Tag="TXT_KEY_CITY_STATE_RELIGIOUS_ADJECTIVE">
            <Text>종교적</Text>
        </Row>
        <Row Tag="TXT_KEY_CITYVIEW_FAITH_TEXT">
            <Text>신앙</Text>
        </Row>
        <Row Tag="TXT_KEY_DOMAIN_HOVER">
            <Text>공중 부양 유닛</Text>
        </Row>
        <Row Tag="TXT_KEY_ERA_6">
            <Text>원자력 시대</Text>
            <Plurality>2</Plurality>
        </Row>
        <Row Tag="TXT_KEY_ERA_7">
            <Text>정보화 시대</Text>
            <Plurality>2</Plurality>
        </Row>
        <Row Tag="TXT_KEY_ERA_POSTMODERN_STRATEGY">
            <Text>원자력 시대</Text>
            <Plurality>2</Plurality>
        </Row>
        <Row Tag="TXT_KEY_FEATURE_MT_KAILASH">
            <Text>카일라스 산</Text>
        </Row>
        <Row Tag="TXT_KEY_FEATURE_MT_SINAI">
            <Text>시나이산</Text>
        </Row>
        <Row Tag="TXT_KEY_FEATURE_SRI_PADA">
            <Text>스리파다</Text>
            <Plurality>2</Plurality>
        </Row>
        <Row Tag="TXT_KEY_FEATURE_ULURU">
            <Text>울루루</Text>
            <Plurality>2</Plurality>
        </Row>
        <Row Tag="TXT_KEY_IMPROVEMENT_HOLY_SITE">
            <Text>성지</Text>
            <Plurality>2</Plurality>
        </Row>
        <Row Tag="TXT_KEY_RESOURCE_CITRUS">
            <Text>감귤</Text>
        </Row>
        <Row Tag="TXT_KEY_RESOURCE_COPPER">
            <Text>구리</Text>
            <Plurality>2</Plurality>
        </Row>
        <Row Tag="TXT_KEY_RESOURCE_CRAB">
            <Text>게</Text>
            <Plurality>2</Plurality>
        </Row>
        <Row Tag="TXT_KEY_RESOURCE_JEWELRY">
            <Text>장신구</Text>
            <Plurality>2</Plurality>
        </Row>
        <Row Tag="TXT_KEY_RESOURCE_PORCELAIN">
            <Text>도자기</Text>
            <Plurality>2</Plurality>
        </Row>
        <Row Tag="TXT_KEY_RESOURCE_SALT">
            <Text>소금</Text>
        </Row>
        <Row Tag="TXT_KEY_RESOURCE_TRUFFLES">
            <Text>송로버섯</Text>
        </Row>
        <Row Tag="TXT_KEY_YIELD_CULTURE">
            <Text>문화</Text>
            <Plurality>2</Plurality>
        </Row>
        <Row Tag="TXT_KEY_YIELD_FAITH">
            <Text>신앙</Text>
        </Row>
    </Language_KO_KR>
</GameData>