﻿<?xml version="1.0" encoding="utf-8"?>
<!--Generated with LocalizationBuddy.-->
<!--Copyright Firaxis Games 2010-->
<!--All Rights Reserved-->
<GameData>
  <Language_KO_KR>
    <Row Tag="TXT_KEY_CIVIL_WAR_SCENARIO_CIV_AMERICA_ADJECTIVE">
      <Text>미합중국의</Text>
    </Row>
    <Row Tag="TXT_KEY_CIVIL_WAR_SCENARIO_CIV_AMERICA_DESC">
      <Text>미합중국</Text>
    </Row>
    <Row Tag="TXT_KEY_CIVIL_WAR_SCENARIO_CIV_AMERICA_SHORT_DESC">
      <Text>미합중국</Text>
    </Row>
    <Row Tag="TXT_KEY_CIVIL_WAR_SCENARIO_CIV_ENGLAND_ADJECTIVE">
      <Text>남부연합의</Text>
    </Row>
    <Row Tag="TXT_KEY_CIVIL_WAR_SCENARIO_CIV_ENGLAND_DESC">
      <Text>남부연합</Text>
    </Row>
    <Row Tag="TXT_KEY_CIVIL_WAR_SCENARIO_CIV_ENGLAND_SHORT_DESC">
      <Text>남부연합</Text>
    </Row>
  </Language_KO_KR>
</GameData>