﻿<?xml version="1.0" encoding="utf-8"?>
<!--Generated with LocalizationBuddy.-->
<!--Copyright Firaxis Games 2010-->
<!--All Rights Reserved-->
<GameData>
  <Language_KO_KR>
    <Row Tag="TXT_KEY_CITY_NAME_ADAMA">
      <Text>아다마</Text>
	  <Plurality>2</Plurality>
    </Row>
    <Row Tag="TXT_KEY_CITY_NAME_ADDISABABA">
      <Text>아디스아바바</Text>
	  <Plurality>2</Plurality>
    </Row>
    <Row Tag="TXT_KEY_CITY_NAME_ADIGRAT">
      <Text>아디그라트</Text>
	  <Plurality>2</Plurality>
    </Row>
    <Row Tag="TXT_KEY_CITY_NAME_ADWA">
      <Text>아드와</Text>
	  <Plurality>2</Plurality>
    </Row>
    <Row Tag="TXT_KEY_CITY_NAME_AMBO">
      <Text>암보</Text>
	  <Plurality>2</Plurality>
    </Row>
    <Row Tag="TXT_KEY_CITY_NAME_ASELLA">
      <Text>아셀라</Text>
	  <Plurality>2</Plurality>
    </Row>
    <Row Tag="TXT_KEY_CITY_NAME_AWASA">
      <Text>아와사</Text>
	  <Plurality>2</Plurality>
    </Row>
    <Row Tag="TXT_KEY_CITY_NAME_AXUM">
      <Text>악숨</Text>
    </Row>
    <Row Tag="TXT_KEY_CITY_NAME_BAHIRDAR">
      <Text>바히르다르</Text>
	  <Plurality>2</Plurality>
    </Row>
    <Row Tag="TXT_KEY_CITY_NAME_DEBREBERHAN">
      <Text>데브레버한</Text>
    </Row>
    <Row Tag="TXT_KEY_CITY_NAME_DEBREMARKOS">
      <Text>데브레마코스</Text>
	  <Plurality>2</Plurality>
    </Row>
    <Row Tag="TXT_KEY_CITY_NAME_DEBRETABOR">
      <Text>데브레타보르</Text>
	  <Plurality>2</Plurality>
    </Row>
    <Row Tag="TXT_KEY_CITY_NAME_DEBREZEYIT">
      <Text>데브레제이트</Text>
	  <Plurality>2</Plurality>
    </Row>
    <Row Tag="TXT_KEY_CITY_NAME_DESSIE">
      <Text>데시</Text>
	  <Plurality>2</Plurality>
    </Row>
    <Row Tag="TXT_KEY_CITY_NAME_DILA">
      <Text>딜라</Text>
	  <Plurality>2</Plurality>
    </Row>
    <Row Tag="TXT_KEY_CITY_NAME_DIREDAWA">
      <Text>디레다와</Text>
	  <Plurality>2</Plurality>
    </Row>
    <Row Tag="TXT_KEY_CITY_NAME_GAMBELA">
      <Text>감벨라</Text>
	  <Plurality>2</Plurality>
    </Row>
    <Row Tag="TXT_KEY_CITY_NAME_GONDAR">
      <Text>곤다르</Text>
	  <Plurality>2</Plurality>
    </Row>
    <Row Tag="TXT_KEY_CITY_NAME_HARAR">
      <Text>하라르</Text>
	  <Plurality>2</Plurality>
    </Row>
    <Row Tag="TXT_KEY_CITY_NAME_HOSAENA">
      <Text>호사이나</Text>
	  <Plurality>2</Plurality>
    </Row>
    <Row Tag="TXT_KEY_CITY_NAME_JIJIGA">
      <Text>지지가</Text>
	  <Plurality>2</Plurality>
    </Row>
    <Row Tag="TXT_KEY_CITY_NAME_JIMMA">
      <Text>짐마</Text>
	  <Plurality>2</Plurality>
    </Row>
    <Row Tag="TXT_KEY_CITY_NAME_KOMBOLCHA">
      <Text>콘볼차</Text>
	  <Plurality>2</Plurality>
    </Row>
    <Row Tag="TXT_KEY_CITY_NAME_LALIBELA">
      <Text>랄리벨라</Text>
	  <Plurality>2</Plurality>
    </Row>
    <Row Tag="TXT_KEY_CITY_NAME_MEKELE">
      <Text>멕엘레</Text>
	  <Plurality>2</Plurality>
    </Row>
    <Row Tag="TXT_KEY_CITY_NAME_NEGELEARSI">
      <Text>네겔레아르시</Text>
	  <Plurality>2</Plurality>
    </Row>
    <Row Tag="TXT_KEY_CITY_NAME_NEKEMTE">
      <Text>네켐테</Text>
	  <Plurality>2</Plurality>
    </Row>
    <Row Tag="TXT_KEY_CITY_NAME_SEBETA">
      <Text>세베타</Text>
	  <Plurality>2</Plurality>
    </Row>
    <Row Tag="TXT_KEY_CITY_NAME_SHASHAMANE">
      <Text>샤샤메인</Text>
    </Row>
    <Row Tag="TXT_KEY_CITY_NAME_SHIRE">
      <Text>샤이어</Text>
	  <Plurality>2</Plurality>
    </Row>
    <Row Tag="TXT_KEY_CITY_NAME_SODO">
      <Text>소도</Text>
	  <Plurality>2</Plurality>
    </Row>
    <Row Tag="TXT_KEY_CITY_NAME_WELDIYA">
      <Text>웰디야</Text>
	  <Plurality>2</Plurality>
    </Row>
    <Row Tag="TXT_KEY_CITY_NAME_ZIWAY">
      <Text>지웨이</Text>
	  <Plurality>2</Plurality>
    </Row>
  </Language_KO_KR>
</GameData>