﻿<?xml version="1.0" encoding="utf-8"?>
<!--Generated with LocalizationBuddy.-->
<!--Copyright Firaxis Games 2010-->
<!--All Rights Reserved-->
<GameData>
  <Language_KO_KR>
    <Row Tag="TXT_KEY_ABLTY_ALLOW_EMBASSY_STRING">
      <Text>다른 문명의 수도에 대사관 건설</Text>
    </Row>
    <Row Tag="TXT_KEY_ABLTY_DEFENSIVE_EMBARK_STRING">
      <Text>승선한 유닛의 방어력이 두 배 증가</Text>
    </Row>
    <Row Tag="TXT_KEY_BUILD_CULTURE_STRING">
      <Text>{1_Num} [ENDCOLOR][ICON_CULTURE]문화</Text>
    </Row>
    <Row Tag="TXT_KEY_BUILD_FAITH_STRING">
      <Text>{1_Num} [ENDCOLOR][ICON_PEACE]신앙</Text>
    </Row>
    <Row Tag="TXT_KEY_CANNOT_PURCHASE_NO_FAITH">
      <Text>[NEWLINE][ICON_PEACE]신앙이 부족해 구매할 수 없습니다.</Text>
    </Row>
    <Row Tag="TXT_KEY_CHOOSE_FAITH_GREAT_PERSON">
      <Text>신앙 보너스 위인 선택</Text>
    </Row>
    <Row Tag="TXT_KEY_CHOOSE_FAITH_GREAT_PERSON_TT">
      <Text>신앙을 모은 대가로 다음 위인 중 한 명을 선택할 수 있습니다!</Text>
    </Row>
    <Row Tag="TXT_KEY_CHOOSE_LONG_COUNT">
      <Text>마야 장기력 보너스 선택</Text>
    </Row>
    <Row Tag="TXT_KEY_CHOOSE_LONG_COUNT_TT">
      <Text>마야 장기력의 현재 주기가 끝나 이를 축하하는 의미에서 보너스 한 개를 선택할 수 있습니다.</Text>
    </Row>
    <Row Tag="TXT_KEY_CITY_ATHEISTS">
      <Text>무신자: {1_Num}명</Text>
    </Row>
    <Row Tag="TXT_KEY_CITY_FAVORED_RELIGION">
      <Text>{1_ReligionString} 신자: {2_Num}명</Text>
    </Row>
    <Row Tag="TXT_KEY_CITY_HOLY_CITY">
      <Text>(성지)</Text>
    </Row>
    <Row Tag="TXT_KEY_CITY_NO_RELIGION">
      <Text>도시에 종교가 없습니다.</Text>
    </Row>
    <Row Tag="TXT_KEY_CITY_OTHER_FOLLOWERS">
      <Text>이교도 : {1_Num}명</Text>
    </Row>
    <Row Tag="TXT_KEY_CITY_RELIGION_SPREADING">
      <Text>(이제 주변 도시로 퍼짐)</Text>
    </Row>
    <Row Tag="TXT_KEY_CULTURE_FROM_RELIGION">
      <Text>[COLOR_POSITIVE_TEXT]+{1_Num}[ENDCOLOR] [ICON_CULTURE]  종교에서 획득</Text>
    </Row>
    <Row Tag="TXT_KEY_DIPLO_CULTURE_BOMB">
      <Text>[COLOR_NEGATIVE_TEXT]위대한 장군으로 그들의 영토를 빼앗았습니다![ENDCOLOR]</Text>
    </Row>
    <Row Tag="TXT_KEY_FAITH_FROM_BUILDINGS">
      <Text>[COLOR_POSITIVE_TEXT]+{1_Num}[ENDCOLOR] [ICON_PEACE]  건물에서 획득 </Text>
    </Row>
    <Row Tag="TXT_KEY_FAITH_FROM_POLICIES">
      <Text>[COLOR_POSITIVE_TEXT]+{1_Num}[ENDCOLOR] [ICON_PEACE]  정책에서 획득 </Text>
    </Row>
    <Row Tag="TXT_KEY_FAITH_FROM_RELIGION">
      <Text>[COLOR_POSITIVE_TEXT]+{1_Num}[ENDCOLOR] [ICON_PEACE]  종교에서 획득 </Text>
    </Row>
    <Row Tag="TXT_KEY_FAITH_FROM_TERRAIN">
      <Text>[COLOR_POSITIVE_TEXT]+{1_Num}[ENDCOLOR] [ICON_PEACE]  지형에서 획득 </Text>
    </Row>
    <Row Tag="TXT_KEY_FAITH_FROM_TRAITS">
      <Text>[COLOR_POSITIVE_TEXT]+{1_Num}[ENDCOLOR] [ICON_PEACE]  특성에서 획득 </Text>
    </Row>
    <Row Tag="TXT_KEY_FAITH_HELP_INFO">
      <Text>[ICON_PEACE]신앙을 사용하여 제국 수준에서 [COLOR_POSITIVE_TEXT]종교[ENDCOLOR]를 창시하고 강화할 수 있습니다. 신앙을 사용하여 선교사나 이단심문관, 종교 건물을 구매할 수도 있습니다.[NEWLINE]</Text>
    </Row>
    <Row Tag="TXT_KEY_GAME_OPTION_NO_ESPIONAGE">
      <Text>첩보 없음</Text>
    </Row>
    <Row Tag="TXT_KEY_GAME_OPTION_NO_ESPIONAGE_HELP">
      <Text>첩보 시스템을 비활성화 해 스파이를 사용할 수 없습니다.</Text>
    </Row>
    <Row Tag="TXT_KEY_GAME_OPTION_NO_RELIGION">
      <Text>종교 비활성화</Text>
    </Row>
    <Row Tag="TXT_KEY_GAME_OPTION_NO_RELIGION_HELP">
      <Text>종교 시스템을 비활성화합니다. 신앙을 얻을 수 없으며 종교관을 세우거나 종교를 창시할 수도 없습니다.</Text>
    </Row>
    <Row Tag="TXT_KEY_MAYA_CALENDAR_LONG_STRING">
      <Text>{1_Num}박툰, {2_Num}카툰, {3_Num}툰, {4_Num}위날, {5_Num}킨</Text>
    </Row>
    <Row Tag="TXT_KEY_MAYA_DATE_TOOLTIP">
      <Text>당신 문명의 과학자와 신학자들이 먀야력이라는 불가사의를 발명했습니다. 마야력의 완성을 축하하는 의미로, 현재 박툰이 끝나면 원하는 위인 한 명을 선택할 수 있습니다.[NEWLINE][NEWLINE]현재 마야 장기력은[NEWLINE]{1_LongMayaCalendarString}[NEWLINE][NEWLINE]({2_TraditionalDateString})입니다.</Text>
    </Row>
    <Row Tag="TXT_KEY_NO_MERCHANT_FROM_FAITH">
      <Text>위대한 상인을 선택하려면 상업 정책 트리의 잠금을 해제해야 합니다.</Text>
    </Row>
    <Row Tag="TXT_KEY_NO_PROPHET_FROM_FAITH">
      <Text>종교를 창시하지 않아 위대한 선지자를 선택할 수 없습니다.</Text>
    </Row>
    <Row Tag="TXT_KEY_NO_SCIENTIST_FROM_FAITH">
      <Text>합리주의 정책 트리의 잠금을 해제하지 않아 위대한 과학자를 선택할 수 없습니다.</Text>
    </Row>
    <Row Tag="TXT_KEY_POP_UN_ELEC_PRELIMINARY_ALT">
      <Text>이 예비 투표로 국제 연합에 가입한 플레이어가 좋아하는 국가를 알 수 있습니다. 플레이어는 자신에게 투표할 수 없습니다. 다음 투표부터 외교 승리가 가능합니다.</Text>
    </Row>
    <Row Tag="TXT_KEY_POP_UN_ELEC_VOTE_TT_CITYSTATE_ALT">
      <Text>{@1_MinorCivName}{@1: plural 1?은; 2?는;} 자신들을 해방시켜 주었거나 자신들과 동맹을 맺은 {@2_RecipientCivName}에게 표를 주었습니다.</Text>
    </Row>
    <Row Tag="TXT_KEY_POP_UN_ELEC_VOTE_TT_CIV_ALT">
      <Text>{@1_VotingCivName}{@1: plural 1?은; 2?는;} 자신들과 영향력이 가장 높은 {@2_RecipientCivName}에게 표를 주었습니다.</Text>
    </Row>
    <Row Tag="TXT_KEY_POP_UNITED_NATIONS_VOTE_NOT_SELF_ALT">
      <Text>(자신에게 투표할 수 없음)</Text>
    </Row>
    <Row Tag="TXT_KEY_POPUP_MINOR_BULLY_GOLD_AMOUNT">
      <Text>공물 [ICON_GOLD]골드 {1_NumGold} - [ICON_INFLUENCE]영향력 {2_NumInfluence} 감소</Text>
    </Row>
    <Row Tag="TXT_KEY_POPUP_MINOR_BULLY_UNIT_AMOUNT">
      <Text>{@1_Unit} 강탈 - [ICON_INFLUENCE]영향력 {2_NumInfluence} 감소</Text>
    </Row>
    <Row Tag="TXT_KEY_POPUP_MINOR_GIFT_TILE_IMPROVEMENT">
      <Text>[ICON_GOLD]골드 {1_NumGold} - 자원 개발</Text>
    </Row>
    <Row Tag="TXT_KEY_PRODMOD_PUPPET">
      <Text>[NEWLINE][ICON_BULLET][COLOR_NEGATIVE_TEXT]{1_Num}%[ENDCOLOR]  괴뢰정부여서 받는 페널티</Text>
    </Row>
    <Row Tag="TXT_KEY_PRODMOD_YIELD_BELIEF">
      <Text>[NEWLINE][ICON_BULLET][COLOR_POSITIVE_TEXT]+{1_Num}%[ENDCOLOR]  종교에서 얻는 이익</Text>
    </Row>
    <Row Tag="TXT_KEY_PRODUCTION_BUILDING_FAITH">
      <Text>[ICON_PEACE]신앙 : [COLOR_POSITIVE_TEXT]+{1_Num}[ENDCOLOR]</Text>
    </Row>
    <Row Tag="TXT_KEY_PRODUCTION_BUILDING_HITPOINTS">
      <Text>[ICON_STRENGTH]체력 : [COLOR_POSITIVE_TEXT]+{1_Num}[ENDCOLOR]</Text>
    </Row>
    <Row Tag="TXT_KEY_SELECTED_EARLIER_BAKTUN">
      <Text>{1_Num}박툰을 축하하는 보너스로 이미 선택했습니다. </Text>
    </Row>
  </Language_KO_KR>
</GameData>