﻿<?xml version="1.0" encoding="utf-8"?>
<!--Generated with LocalizationBuddy. Modified by N-->
<!--Copyright Firaxis Games 2010-->
<!--All Rights Reserved-->
<GameData>
    <Language_KO_KR>
        <Row Tag="TXT_KEY_TECH_ARCHITECTURE">
            <Text>건축</Text>
        </Row>
        <Row Tag="TXT_KEY_TECH_ARCHITECTURE_TITLE">
            <Text>건축</Text>
        </Row>
        <Row Tag="TXT_KEY_TECH_COMBINED_ARMS">
            <Text>통합 작전군</Text>
        </Row>
        <Row Tag="TXT_KEY_TECH_COMBINED_ARMS_TITLE">
            <Text>통합 작전군</Text>
        </Row>
        <Row Tag="TXT_KEY_TECH_DRAMA">
            <Text>드라마와 시</Text>
            <Plurality>2</Plurality>
        </Row>
        <Row Tag="TXT_KEY_TECH_DRAMA_TITLE">
            <Text>드라마와 시</Text>
            <Plurality>2</Plurality>
        </Row>
        <Row Tag="TXT_KEY_TECH_GUILDS">
            <Text>길드</Text>
            <Plurality>2</Plurality>
        </Row>
        <Row Tag="TXT_KEY_TECH_GUILDS_TITLE">
            <Text>길드</Text>
            <Plurality>2</Plurality>
        </Row>
        <Row Tag="TXT_KEY_TECH_INDUSTRIALIZATION">
            <Text>산업화</Text>
            <Plurality>2</Plurality>
        </Row>
        <Row Tag="TXT_KEY_TECH_INDUSTRIALIZATION_TITLE">
            <Text>산업화</Text>
            <Plurality>2</Plurality>
        </Row>
        <Row Tag="TXT_KEY_TECH_MOBILE_TACTICS">
            <Text>기동 전술</Text>
        </Row>
        <Row Tag="TXT_KEY_TECH_MOBILE_TACTICS_TITLE">
            <Text>기동 전술</Text>
        </Row>
        <Row Tag="TXT_KEY_TECH_TELECOM">
            <Text>전기 통신</Text>
        </Row>
        <Row Tag="TXT_KEY_TECH_TELECOM_TITLE">
            <Text>전기 통신</Text>
        </Row>
    </Language_KO_KR>
</GameData>