﻿<?xml version="1.0" encoding="utf-8"?>
<!--Generated with LocalizationBuddy.-->
<!--Copyright Firaxis Games 2010-->
<!--All Rights Reserved-->
<GameData>
	<Language_KO_KR>
		<Row Tag="TXT_KEY_SCRAMBLE_AFRICA_LEADER_AHMAD_ALMANSUR">
			<Text>하산 1세</Text>
			<Plurality>2</Plurality>
		</Row>
		<Row Tag="TXT_KEY_SCRAMBLE_AFRICA_LEADER_AUGUSTUS">
			<Text>주세페 가리발디</Text>
			<Plurality>2</Plurality>
		</Row>
		<Row Tag="TXT_KEY_SCRAMBLE_AFRICA_LEADER_BISMARCK">
			<Text>비스마르크</Text>
			<Plurality>2</Plurality>
		</Row>
		<Row Tag="TXT_KEY_SCRAMBLE_AFRICA_LEADER_ELIZABETH">
			<Text>빅토리아</Text>
			<Plurality>2</Plurality>
		</Row>
		<Row Tag="TXT_KEY_SCRAMBLE_AFRICA_LEADER_MARIA_I">
			<Text>마리아 피아</Text>
			<Plurality>2</Plurality>
		</Row>
		<Row Tag="TXT_KEY_SCRAMBLE_AFRICA_LEADER_NAPOLEON">
			<Text>줄스 그레비</Text>
			<Plurality>2</Plurality>
		</Row>
		<Row Tag="TXT_KEY_SCRAMBLE_AFRICA_LEADER_PEDRO">
			<Text>레오폴드 2세</Text>
			<Plurality>2</Plurality>
		</Row>
		<Row Tag="TXT_KEY_SCRAMBLE_AFRICA_LEADER_RAMESSES">
			<Text>이스마일 파샤</Text>
			<Plurality>2</Plurality>
		</Row>
		<Row Tag="TXT_KEY_SCRAMBLE_AFRICA_LEADER_SELASSIE">
			<Text>메넬리크 2세</Text>
			<Plurality>2</Plurality>
		</Row>
		<Row Tag="TXT_KEY_SCRAMBLE_AFRICA_LEADER_SHAKA">
			<Text>케시와요</Text>
			<Plurality>2</Plurality>
		</Row>
		<Row Tag="TXT_KEY_SCRAMBLE_AFRICA_LEADER_SULEIMAN">
			<Text>압둘 하미드 2세</Text>
			<Plurality>2</Plurality>
		</Row>
		<Row Tag="TXT_KEY_SCRAMBLE_AFRICA_LEADER_WASHINGTON">
			<Text>폴 크루거</Text>
			<Plurality>2</Plurality>
		</Row>
	</Language_KO_KR>
</GameData>