﻿<?xml version="1.0" encoding="utf-8"?>
<!--Generated with LocalizationBuddy. Modified by N-->
<!--Copyright Firaxis Games 2010-->
<!--All Rights Reserved-->
<GameData>
    <Language_KO_KR>
        <Row Tag="TXT_KEY_BUILD_BLOCKED_NOT_IN_ADJACENT_TERRITORY">
            <Text>{@1_ImprovementName}{@1: plural 1?은; 2?는;} 당신의 영토 안이나 바로 옆 타일에 건설해야 합니다.</Text>
        </Row>
        <Row Tag="TXT_KEY_CITY_STATE_OF">
            <Text>{@1_MinorCivName} 도시 국가</Text>
            <Plurality>2</Plurality>
        </Row>
        <Row Tag="TXT_KEY_CITY_TEAMMATE">
            <Text>팀원의 도시입니다.</Text>
        </Row>
        <Row Tag="TXT_KEY_CITYVIEW_FOCUS_FAITH_TEXT">
            <Text>[ICON_PEACE]신앙 생산에 집중</Text>
        </Row>
        <Row Tag="TXT_KEY_CITYVIEW_FOCUS_FAITH_TT">
            <Text>[ICON_CITIZEN]시민을 [ICON_PEACE]신앙 생산에 집중시킵니다.</Text>
        </Row>
        <Row Tag="TXT_KEY_CITYVIEW_PURCHASE_TT">
            <Text>[ICON_GOLD]골드나 [ICON_PEACE]신앙이 모이는 대로 유닛이나 건물을 구입하십시오.</Text>
        </Row>
        <Row Tag="TXT_KEY_CITYVIEW_RETURN_TO_ESPIONAGE">
            <Text>첩보 화면으로 돌아가기</Text>
            <Plurality>2</Plurality>
        </Row>
        <Row Tag="TXT_KEY_EUPANEL_CAPITAL_DEFENSE_BONUS">
            <Text>수도 방위 보너스</Text>
            <Plurality>2</Plurality>
        </Row>
        <Row Tag="TXT_KEY_EUPANEL_CAPTURE_CHANCE">
            <Text>[COLOR_CYAN]전투에서 이길 경우 나포할 확률 : {1_Percent}%[ENDCOLOR]</Text>
        </Row>
        <Row Tag="TXT_KEY_EUPANEL_ENEMY_CITY_BELIEF_BONUS">
            <Text>정의로운 전쟁</Text>
        </Row>
        <Row Tag="TXT_KEY_EUPANEL_FRIENDLY_CITY_BELIEF_BONUS">
            <Text>신앙의 수호자</Text>
            <Plurality>2</Plurality>
        </Row>
        <Row Tag="TXT_KEY_EUPANEL_GA_NEAR">
            <Text>위대한 제독 보너스</Text>
            <Plurality>2</Plurality>
        </Row>
        <Row Tag="TXT_KEY_EUPANEL_GG_STACKED">
            <Text>위대한 장군과 겹침</Text>
        </Row>
        <Row Tag="TXT_KEY_EUPANEL_IGG">
            <Text>위대한 장군 무시</Text>
            <Plurality>2</Plurality>
        </Row>
        <Row Tag="TXT_KEY_EUPANEL_REVERSE_GG_NEAR">
            <Text>무시무시한 상대 옆 </Text>
        </Row>
        <Row Tag="TXT_KEY_EUPANEL_TRAIT_LOW_TECH_BONUS">
            <Text>더 높은 기술에 대한 보너스</Text>
            <Plurality>2</Plurality>
        </Row>
        <Row Tag="TXT_KEY_EUPANEL_TRAIT_SMALL_SIZE_BONUS">
            <Text>더 큰 문명에 대한 보너스</Text>
            <Plurality>2</Plurality>
        </Row>
        <Row Tag="TXT_KEY_SV_OVERLAY_RELIGION">
            <Text>종교 지도</Text>
            <Plurality>2</Plurality>
        </Row>
        <Row Tag="TXT_KEY_TP_CULTURE_FROM_GOLDEN_AGE">
            <Text>[ICON_BULLET][COLOR_POSITIVE_TEXT]+{1_Num}[ENDCOLOR]  황금기에서 획득</Text>
        </Row>
        <Row Tag="TXT_KEY_TP_CULTURE_FROM_RELIGION">
            <Text>[ICON_BULLET][COLOR_POSITIVE_TEXT]+{1_Num}[ENDCOLOR]  종교에서 획득</Text>
        </Row>
        <Row Tag="TXT_KEY_TP_FAITH_ACCUMULATED">
            <Text>문명 전체에서 [ICON_PEACE]신앙을 {1_Num} 모았습니다.</Text>
        </Row>
        <Row Tag="TXT_KEY_TP_FAITH_FROM_CITIES">
            <Text>[ICON_BULLET][COLOR_POSITIVE_TEXT]+{1_Num}[ENDCOLOR]  도시에서 획득</Text>
        </Row>
        <Row Tag="TXT_KEY_TP_FAITH_FROM_MINORS">
            <Text>[ICON_BULLET][COLOR_POSITIVE_TEXT]+{1_Num}[ENDCOLOR]  도시 국가에서 획득</Text>
        </Row>
        <Row Tag="TXT_KEY_TP_FAITH_FROM_RELIGION">
            <Text>[ICON_BULLET][COLOR_POSITIVE_TEXT]+{1_Num}[ENDCOLOR]  창시자 교리에서 획득</Text>
        </Row>
        <Row Tag="TXT_KEY_TP_FAITH_NEXT_GREAT_PERSON">
            <Text>[ICON_PEACE]신앙으로 다음 위인을 구입할 수 있습니다.</Text>
        </Row>
        <Row Tag="TXT_KEY_TP_FAITH_NEXT_PANTHEON">
            <Text>다음 종교관을 세우려면 [ICON_PEACE]신앙이 적어도 {1_Num} 필요합니다. 게임에 강화 종교가 등장하기 전에 종교관을 세워야 합니다. 하지만 게임에 존재할 수 있는 종교의 수를 초과하지 않는다면 나중에 종교관을 세울 수 있습니다.</Text>
        </Row>
        <Row Tag="TXT_KEY_TP_FAITH_NEXT_PROPHET">
            <Text>다음 위대한 선지자가 출현하려면 [ICON_PEACE]신앙이 적어도 {1_MinFaith} 필요합니다.</Text>
        </Row>
        <Row Tag="TXT_KEY_TP_FAITH_PANTHEONS_LOCKED">
            <Text>강화된 종교가 있고 최대 종교 수만큼의 종교관이 세워졌습니다. 이제 종교관은 세울 수 없습니다. 도시에 타 종교가 퍼진다면 모은 신앙으로 종교 유닛이나 건물을 구입하십시오. 산업 시대까지 신앙을 모았다가 위인에 투자하는 것도 좋은 방법입니다.</Text>
        </Row>
        <Row Tag="TXT_KEY_TP_FAITH_RELIGIONS_LEFT">
            <Text>창시할 수 있는 종교 개수 : {1_Num}</Text>
        </Row>
        <Row Tag="TXT_KEY_TP_GOLD_FROM_RELIGION">
            <Text>[COLOR_POSITIVE_TEXT]+{1_Num}[ENDCOLOR]  종교에서 획득</Text>
        </Row>
        <Row Tag="TXT_KEY_TP_GOLDEN_AGE_EFFECT">
            <Text>[ICON_GOLDEN_AGE]황금기에는 골드를 산출하는 제국의 모든 타일에서 [ICON_GOLD]골드를 [COLOR_POSITIVE_TEXT]+1[ENDCOLOR] 더 생산합니다. 도시의 [ICON_PRODUCTION]생산이 [COLOR_POSITIVE_TEXT]20%[ENDCOLOR] 증가하고 제국 전역의 [ICON_CULTURE]문화가 [COLOR_POSITIVE_TEXT]20%[ENDCOLOR] 증가합니다.</Text>
        </Row>
        <Row Tag="TXT_KEY_TP_GOLDEN_AGE_EFFECT_NO_CULTURE">
            <Text>[ICON_GOLDEN_AGE]황금기가 도래하면 해당 문명이 소유한 모든 타일에서 [ICON_GOLD]골드 [COLOR_POSITIVE_TEXT]1[ENDCOLOR]을 추가로 생산할 수 있으며 해당 문명의 모든 도시에서 [ICON_PRODUCTION]생산 속도가 [COLOR_POSITIVE_TEXT]20%[ENDCOLOR] 증가합니다.</Text>
        </Row>
        <Row Tag="TXT_KEY_TP_HAPPINESS_BUILDINGS">
            <Text>[COLOR_POSITIVE_TEXT]+{1_Num}[ENDCOLOR]  전역 건물 행복에서 획득</Text>
        </Row>
        <Row Tag="TXT_KEY_TP_HAPPINESS_CITIES">
            <Text>[COLOR_POSITIVE_TEXT]+{1_Num}[ENDCOLOR]  지역 도시 행복에서 획득</Text>
        </Row>
        <Row Tag="TXT_KEY_TP_HAPPINESS_CITY_STATE_FRIENDSHIP">
            <Text>[COLOR_POSITIVE_TEXT]+{1_Num}[ENDCOLOR]  도시 국가에서 획득</Text>
        </Row>
        <Row Tag="TXT_KEY_TP_HAPPINESS_POLICIES">
            <Text>[COLOR_POSITIVE_TEXT]+{1_Num}[ENDCOLOR]  전역 사회 정책에서 획득</Text>
        </Row>
        <Row Tag="TXT_KEY_TP_PANTHEON_DESCRIPTION">
            <Text> 다음 교리를 가진 종교관 숭배:</Text>
        </Row>
        <Row Tag="TXT_KEY_TP_RELIGION_DESCRIPTION">
            <Text> 다음 종교를 창시:</Text>
        </Row>
        <Row Tag="TXT_KEY_UPANEL_RELIGIOUS_STRENGTH_TT">
            <Text>종교 유닛의 전투력을 나타냅니다. 평균은 100입니다.</Text>
        </Row>
        <Row Tag="TXT_KEY_UPANEL_REMOVE_HERESY_USES">
            <Text>{TXT_KEY_MISSION_REMOVE_HERESY}</Text>
        </Row>
        <Row Tag="TXT_KEY_UPANEL_REMOVE_HERESY_USES_TT">
            <Text>이 유닛이 도시에서 이단을 제거할 수 있는 남은 횟수입니다.</Text>
        </Row>
        <Row Tag="TXT_KEY_UPANEL_SPREAD_RELIGION_USES">
            <Text>종교 전파</Text>
            <Plurality>2</Plurality>
        </Row>
        <Row Tag="TXT_KEY_UPANEL_SPREAD_RELIGION_USES_TT">
            <Text>이 유닛이 도시에서 종교를 전파할 수 있는 남은 횟수입니다.</Text>
        </Row>
    </Language_KO_KR>
</GameData>