﻿<?xml version="1.0" encoding="utf-8"?>
<!--Generated with LocalizationBuddy.-->
<!--Copyright Firaxis Games 2010-->
<!--All Rights Reserved-->
<GameData>
    <Language_KO_KR>
        <Row Tag="TXT_KEY_CIVIL_WAR_SCENARIO_LEADER_ELIZABETH">
            <Text>제퍼슨 데이비스</Text>
            <Plurality>2</Plurality>
        </Row>
        <Row Tag="TXT_KEY_CIVIL_WAR_SCENARIO_LEADER_WASHINGTON">
            <Text>에이브라함 링컨</Text>
        </Row>
    </Language_KO_KR>
</GameData>