<?xml version="1.0" encoding="utf-8"?>
<GameData>
	<Language_KO_KR>
		<Row Tag="TXT_KEY_LEADER_RAMKHAMHAENG_AGREE_SHORT_1">
			<Text>아주 좋습니다.</Text>
		</Row>
		<Row Tag="TXT_KEY_LEADER_RAMKHAMHAENG_AGREE_SHORT_2">
			<Text>좋습니다.</Text>
		</Row>
		<Row Tag="TXT_KEY_LEADER_RAMKHAMHAENG_AGREE_SHORT_3">
			<Text>물론입니다.</Text>
		</Row>
		<Row Tag="TXT_KEY_LEADER_RAMKHAMHAENG_AGREE_SHORT_4">
			<Text>동의합니다.</Text>
		</Row>
		<Row Tag="TXT_KEY_LEADER_RAMKHAMHAENG_AGREE_SHORT_5">
			<Text>오, 아주 좋습니다.</Text>
		</Row>
		<Row Tag="TXT_KEY_LEADER_RAMKHAMHAENG_AGREE_SHORT_6">
			<Text>그래야만 할 것 같습니다.</Text>
		</Row>
		<Row Tag="TXT_KEY_LEADER_RAMKHAMHAENG_AGREE_SHORT_7">
			<Text>훌륭합니다.</Text>
		</Row>
		<Row Tag="TXT_KEY_LEADER_RAMKHAMHAENG_ATTACKED_1">
			<Text>내 당신이 이럴 줄 알고 준비하고 있었습니다.</Text>
		</Row>
		<Row Tag="TXT_KEY_LEADER_RAMKHAMHAENG_ATTACKED_2">
			<Text>감히 내 민족을 욕보이다니 당신의 피를 대가로 취해야겠습니다!</Text>
		</Row>
		<Row Tag="TXT_KEY_LEADER_RAMKHAMHAENG_ATTACKED_3">
			<Text>누가 뭐래도 당신을 짓밟아 버리겠습니다.</Text>
		</Row>
		<Row Tag="TXT_KEY_LEADER_RAMKHAMHAENG_DECLAREWAR_1">
			<Text>우리를 욕보이는 것도 이번이 마지막입니다! 전쟁을 대비하시오!</Text>
		</Row>
		<Row Tag="TXT_KEY_LEADER_RAMKHAMHAENG_DECLAREWAR_2">
			<Text>우리에 대한 당신의 지나친 모욕은 우리에게 전쟁이라는 선택밖에 남기질 않습니다!</Text>
		</Row>
		<Row Tag="TXT_KEY_LEADER_RAMKHAMHAENG_DECLAREWAR_3">
			<Text>인간쓰레기도 못한 사람 같으니! 당신의 오만을 짓밟아버리겠습니다!</Text>
		</Row>
		<Row Tag="TXT_KEY_LEADER_RAMKHAMHAENG_DEFEATED_1">
			<Text>명예 빼고는 모든 것을 잃었습니다. 제가 갈 길은 이제 하나뿐입니다. 그럼 그대의 안녕을 빌겠습니다.</Text>
		</Row>
		<Row Tag="TXT_KEY_LEADER_RAMKHAMHAENG_DEFEATED_2">
			<Text>나를 결국 무너뜨리고 말았군요. 제가 갈 수 있는 길은 이제 하나뿐입니다. 그럼 안녕히.</Text>
		</Row>
		<Row Tag="TXT_KEY_LEADER_RAMKHAMHAENG_DEFEATED_3">
			<Text>당신의 승리를 축하합니다. 제가 갈 수 있는 명예로운 길은 이제 하나뿐입니다. 그럼 안녕히.</Text>
		</Row>
		<Row Tag="TXT_KEY_LEADER_RAMKHAMHAENG_DEMANDTRIBUTE_ANGRY">
			<Text>이것이 나의 요구입니다. 불응은 곧 죽음입니다.</Text>
		</Row>
		<Row Tag="TXT_KEY_LEADER_RAMKHAMHAENG_DEMANDTRIBUTE_HAPPY">
			<Text>나의 친구여, 그대가 필요하던 참인데 좀 도와주실 수 있으십니까?</Text>
		</Row>
		<Row Tag="TXT_KEY_LEADER_RAMKHAMHAENG_DEMANDTRIBUTE_NEUTRAL">
			<Text>살아남길 원하시면 내 요구를 들어주시는 게 나을 겁니다.</Text>
		</Row>
		<Row Tag="TXT_KEY_LEADER_RAMKHAMHAENG_DISAGREE_SHORT_1">
			<Text>싫습니다.</Text>
		</Row>
		<Row Tag="TXT_KEY_LEADER_RAMKHAMHAENG_DISAGREE_SHORT_2">
			<Text>안됩니다.</Text>
		</Row>
		<Row Tag="TXT_KEY_LEADER_RAMKHAMHAENG_DISAGREE_SHORT_3">
			<Text>거절입니다.</Text>
		</Row>
		<Row Tag="TXT_KEY_LEADER_RAMKHAMHAENG_DISAGREE_SHORT_4">
			<Text>물론 안됩니다..</Text>
		</Row>
		<Row Tag="TXT_KEY_LEADER_RAMKHAMHAENG_DISAGREE_SHORT_5">
			<Text>납득할 수 없습니다.</Text>
		</Row>
		<Row Tag="TXT_KEY_LEADER_RAMKHAMHAENG_DISAGREE_SHORT_6">
			<Text>진심입니까?</Text>
		</Row>
		<Row Tag="TXT_KEY_LEADER_RAMKHAMHAENG_DISAGREE_SHORT_7">
			<Text>뭐라고요?</Text>
		</Row>
		<Row Tag="TXT_KEY_LEADER_RAMKHAMHAENG_FIRSTGREETING_1">
			<Text>이방인이여, 시암에 온 것을 환영합니다. 나는 람캄행이라고 합니다. 당신을 만나게 된 것을 큰 영광으로 생각합니다.</Text>
		</Row>
		<Row Tag="TXT_KEY_LEADER_RAMKHAMHAENG_FIRSTGREETING_2">
			<Text>당신을 알게 되어 영광입니다. 나는 시암의 람캄행이라고 합니다.</Text>
		</Row>
		<Row Tag="TXT_KEY_LEADER_RAMKHAMHAENG_FIRSTGREETING_3">
			<Text>반갑습니다. 나는 시암의 왕 람캄행이라고 합니다. 미천한 우리에게 당신의 방문은 큰 영광입니다.</Text>
		</Row>
		<Row Tag="TXT_KEY_LEADER_RAMKHAMHAENG_GOODBYE_1">
			<Text>좋은 하루 되십시오.</Text>
		</Row>
		<Row Tag="TXT_KEY_LEADER_RAMKHAMHAENG_GOODBYE_2">
			<Text>잘 가십시오.</Text>
		</Row>
		<Row Tag="TXT_KEY_LEADER_RAMKHAMHAENG_GOODBYE_3">
			<Text>안녕히.</Text>
		</Row>
		<Row Tag="TXT_KEY_LEADER_RAMKHAMHAENG_GOODBYE_4">
			<Text>다음에 또 만나기를.</Text>
		</Row>
		<Row Tag="TXT_KEY_LEADER_RAMKHAMHAENG_GOODBYE_5">
			<Text>어서 사라지시오.</Text>
		</Row>
		<Row Tag="TXT_KEY_LEADER_RAMKHAMHAENG_GOODBYE_6">
			<Text>이제 끝났습니다.</Text>
		</Row>
		<Row Tag="TXT_KEY_LEADER_RAMKHAMHAENG_GOODBYE_7">
			<Text>우리 용무는 여기서 끝입니다.</Text>
		</Row>
		<Row Tag="TXT_KEY_LEADER_RAMKHAMHAENG_GREETING_1">
			<Text>환영합니다.</Text>
		</Row>
		<Row Tag="TXT_KEY_LEADER_RAMKHAMHAENG_GREETING_2">
			<Text>안녕하시오.</Text>
		</Row>
		<Row Tag="TXT_KEY_LEADER_RAMKHAMHAENG_GREETING_3">
			<Text>반갑습니다.</Text>
		</Row>
		<Row Tag="TXT_KEY_LEADER_RAMKHAMHAENG_GREETING_4">
			<Text>좋은 하루군요.</Text>
		</Row>
		<Row Tag="TXT_KEY_LEADER_RAMKHAMHAENG_GREETING_5">
			<Text>오, 당신이군요.</Text>
		</Row>
		<Row Tag="TXT_KEY_LEADER_RAMKHAMHAENG_GREETING_6">
			<Text>네?</Text>
		</Row>
		<Row Tag="TXT_KEY_LEADER_RAMKHAMHAENG_GREETING_7">
			<Text>뭘 원하십니까?</Text>
		</Row>
		<Row Tag="TXT_KEY_LEADER_RAMKHAMHAENG_LETSHEARIT_1">
			<Text>말하십시오.</Text>
		</Row>
		<Row Tag="TXT_KEY_LEADER_RAMKHAMHAENG_LETSHEARIT_2">
			<Text>계속하십시오.</Text>
		</Row>
		<Row Tag="TXT_KEY_LEADER_RAMKHAMHAENG_LETSHEARIT_3">
			<Text>듣고 있습니다.</Text>
		</Row>
		<Row Tag="TXT_KEY_LEADER_RAMKHAMHAENG_LETSHEARIT_4">
			<Text>네?</Text>
		</Row>
		<Row Tag="TXT_KEY_LEADER_RAMKHAMHAENG_LETSHEARIT_5">
			<Text>그래서요?</Text>
		</Row>
		<Row Tag="TXT_KEY_LEADER_RAMKHAMHAENG_LETSHEARIT_6">
			<Text>그리고요?</Text>
		</Row>
		<Row Tag="TXT_KEY_LEADER_RAMKHAMHAENG_LETSHEARIT_7">
			<Text>계속하세요.</Text>
		</Row>
		<Row Tag="TXT_KEY_LEADER_RAMKHAMHAENG_LOSEWAR_1">
			<Text>지금은 의기양양하겠지만, 다가올 나의 복수를 잊지 마십시오!</Text>
		</Row>
		<Row Tag="TXT_KEY_LEADER_RAMKHAMHAENG_TRADE_NEEDMORE_ANGRY_1">
			<Text>당신의 제안은 참 비열합니다. 그것보다는 나은 사람일 거라 기대했는데, 바꿀 생각 없으면 그냥 접으십시오.</Text>
		</Row>
		<Row Tag="TXT_KEY_LEADER_RAMKHAMHAENG_TRADE_NEEDMORE_ANGRY_2">
			<Text>이 정도로는 안 됩니다.</Text>
		</Row>
		<Row Tag="TXT_KEY_LEADER_RAMKHAMHAENG_TRADE_NEEDMORE_ANGRY_3">
			<Text>이것보다는 잘하실 것 같습니다.</Text>
		</Row>
		<Row Tag="TXT_KEY_LEADER_RAMKHAMHAENG_TRADE_NEEDMORE_HAPPY_1">
			<Text>나를 욕보이려는 마음이 없다는 것을 알긴 하지만, 그 제안은 공평하지가 않습니다. 좀 더 나은 제안은 없습니까?</Text>
		</Row>
		<Row Tag="TXT_KEY_LEADER_RAMKHAMHAENG_TRADE_NEEDMORE_HAPPY_2">
			<Text>이게 당신의 내놓을 수 있는 최고의 제안입니까?</Text>
		</Row>
		<Row Tag="TXT_KEY_LEADER_RAMKHAMHAENG_TRADE_NEEDMORE_HAPPY_3">
			<Text>뭔가 조금 더 있었으면 좋겠습니다...</Text>
		</Row>
		<Row Tag="TXT_KEY_LEADER_RAMKHAMHAENG_TRADE_NEEDMORE_NEUTRAL_1">
			<Text>지금으로서는 당신의 제안은 온당치 않아 내 민족 앞에 설 면목을 잃을지도 모르겠습니다. 좀 더 나을 제안이 있으면 좋겠습니다.</Text>
		</Row>
		<Row Tag="TXT_KEY_LEADER_RAMKHAMHAENG_TRADE_NEEDMORE_NEUTRAL_2">
			<Text>이것보다 나은 제안은 없습니까?</Text>
		</Row>
		<Row Tag="TXT_KEY_LEADER_RAMKHAMHAENG_TRADE_NEEDMORE_NEUTRAL_3">
			<Text>이 정도로 될 것 같지 않습니다.</Text>
		</Row>
		<Row Tag="TXT_KEY_LEADER_RAMKHAMHAENG_TRADE_NEEDMORE_NEUTRAL_4">
			<Text>조금만 더요...</Text>
		</Row>
		<Row Tag="TXT_KEY_LEADER_RAMKHAMHAENG_TRADE_NO_ANGRY">
			<Text>이 몸은 명예 없는 자와 거래를 하지 않으니 내 눈앞에서 당장 사라지시오.</Text>
		</Row>
		<Row Tag="TXT_KEY_LEADER_RAMKHAMHAENG_TRADE_NO_HAPPY">
			<Text>나를 무시하려는 게 아닌 것은 알지만, 이 조건은 받아들일 수가 없습니다.</Text>
		</Row>
		<Row Tag="TXT_KEY_LEADER_RAMKHAMHAENG_TRADE_NO_NEUTRAL">
			<Text>이 제안은 시암인들을 모욕하는 것이니, 거절하겠습니다.</Text>
		</Row>
		<Row Tag="TXT_KEY_LEADER_RAMKHAMHAENG_TRADE_YES_ANGRY">
			<Text>좋습니다. 승낙하겠습니다.</Text>
		</Row>
		<Row Tag="TXT_KEY_LEADER_RAMKHAMHAENG_TRADE_YES_HAPPY">
			<Text>친구여, 당신의 제안을 영광으로 생각합니다.</Text>
		</Row>
		<Row Tag="TXT_KEY_LEADER_RAMKHAMHAENG_TRADE_YES_NEUTRAL">
			<Text>올바른 거래는 언제나 모두를 기쁘게 합니다. 이렇게 합시다.</Text>
		</Row>
		<Row Tag="TXT_KEY_LEADER_RAMKHAMHAENG_TRADEREQUEST_ANGRY">
			<Text>이게 내 조건입니다. 어서 받아들이는 게 좋을 겁니다.</Text>
		</Row>
		<Row Tag="TXT_KEY_LEADER_RAMKHAMHAENG_TRADEREQUEST_HAPPY">
			<Text>당신이 이 거래를 받아들이신다면 나에게 큰 영광일 것입니다.</Text>
		</Row>
		<Row Tag="TXT_KEY_LEADER_RAMKHAMHAENG_TRADEREQUEST_NEUTRAL">
			<Text>안녕하시오. 나는 이것이 우리 모두에게 공평한 거라 보는데 어떻게 생각하십니까?</Text>
		</Row>
		<Row Tag="TXT_KEY_LEADER_RAMKHAMHAENG_TRIBUTE_NO_ANGRY">
			<Text>비열한 사람 같으니, 내 앞마당을 더럽히지 말고 어서 떠나시오!</Text>
		</Row>
		<Row Tag="TXT_KEY_LEADER_RAMKHAMHAENG_TRIBUTE_NO_HAPPY">
			<Text>마음이 썩 내키지는 않지만 거절할 수밖에 없을 것 같습니다.</Text>
		</Row>
		<Row Tag="TXT_KEY_LEADER_RAMKHAMHAENG_TRIBUTE_NO_NEUTRAL">
			<Text>이런 굴욕을 당하느니 죽는 편이 낫겠습니다!</Text>
		</Row>
		<Row Tag="TXT_KEY_LEADER_RAMKHAMHAENG_TRIBUTE_YES_ANGRY">
			<Text>이런 건방지군요! 이 치욕은 언젠가 꼭 갚아주겠습니다!</Text>
		</Row>
		<Row Tag="TXT_KEY_LEADER_RAMKHAMHAENG_TRIBUTE_YES_HAPPY">
			<Text>당신 같은 친구의 부탁이라면 아무것도 거절할 수가 없겠습니다.</Text>
		</Row>
		<Row Tag="TXT_KEY_LEADER_RAMKHAMHAENG_TRIBUTE_YES_NEUTRAL">
			<Text>좋습니다. 지금 나에게는 선택의 여지가 없지만, 내 기필코 이 치욕을 갚아주고 말겠습니다!</Text>
		</Row>
		<Row Tag="TXT_KEY_LEADER_RAMKHAMHAENG_WARBLUFF_1">
			<Text>위험한 장난을 치고 있군요.</Text>
		</Row>
		<Row Tag="TXT_KEY_LEADER_RAMKHAMHAENG_WARBLUFF_2">
			<Text>좋습니다! 하지만, 다음번에는 이렇게 고분고분하지 않을 겁니다!</Text>
		</Row>
		<Row Tag="TXT_KEY_LEADER_RAMKHAMHAENG_WARBLUFF_3">
			<Text>실망스럽군요.</Text>
		</Row>
		<Row Tag="TXT_KEY_LEADER_RAMKHAMHAENG_WARBLUFF_4">
			<Text>참으로 실망스럽군요.</Text>
		</Row>
		<Row Tag="TXT_KEY_LEADER_RAMKHAMHAENG_WARBLUFF_5">
			<Text>진심입니까? 난 당신이 그 짧은 생각을 후회할 틈도 없게 될 거라 믿습니다.</Text>
		</Row>
		<Row Tag="TXT_KEY_LEADER_RAMKHAMHAENG_WARBLUFF_6">
			<Text>참으로 어리석군요.</Text>
		</Row>
		<Row Tag="TXT_KEY_LEADER_RAMKHAMHAENG_WINWAR_1">
			<Text>아주 무참하게 무너지셨습니다. 이 굴욕을 어찌 감당하실 겁니까?</Text>
		</Row>
	</Language_KO_KR>
</GameData>