<?xml version="1.0" encoding="utf-8"?>
<GameData>
	<Language_KO_KR>
		<Row Tag="TXT_KEY_LEADER_WUZETIAN_AGREE_SHORT_1">
			<Text>아주 좋구나.</Text>
		</Row>
		<Row Tag="TXT_KEY_LEADER_WUZETIAN_AGREE_SHORT_2">
			<Text>좋구나.</Text>
		</Row>
		<Row Tag="TXT_KEY_LEADER_WUZETIAN_AGREE_SHORT_3">
			<Text>물론이지.</Text>
		</Row>
		<Row Tag="TXT_KEY_LEADER_WUZETIAN_AGREE_SHORT_4">
			<Text>동의하네.</Text>
		</Row>
		<Row Tag="TXT_KEY_LEADER_WUZETIAN_AGREE_SHORT_5">
			<Text>오, 아주 좋구나.</Text>
		</Row>
		<Row Tag="TXT_KEY_LEADER_WUZETIAN_AGREE_SHORT_6">
			<Text>전적으로 동의하네.</Text>
		</Row>
		<Row Tag="TXT_KEY_LEADER_WUZETIAN_AGREE_SHORT_7">
			<Text>훌륭하군.</Text>
		</Row>
		<Row Tag="TXT_KEY_LEADER_WUZETIAN_ATTACKED_1">
			<Text>바보같으니! 그대의 창자를 잉어 잡듯 마구 뽑아버리겠다!</Text>
		</Row>
		<Row Tag="TXT_KEY_LEADER_WUZETIAN_ATTACKED_2">
			<Text>속물스럽군! 죽여버리겠다!</Text>
		</Row>
		<Row Tag="TXT_KEY_LEADER_WUZETIAN_ATTACKED_3">
			<Text>네게 저주를! 너의 짧은 명 동안이라도 이 날을 비탄하게 만들어주겠다!</Text>
		</Row>
		<Row Tag="TXT_KEY_LEADER_WUZETIAN_DECLAREWAR_1">
			<Text>네가 쓸모없어진 지도 오래됐지. 이제 끝이군.</Text>
		</Row>
		<Row Tag="TXT_KEY_LEADER_WUZETIAN_DECLAREWAR_2">
			<Text>넌 더 이상 쓸모가 없군. 파극이다.</Text>
		</Row>
		<Row Tag="TXT_KEY_LEADER_WUZETIAN_DECLAREWAR_3">
			<Text>나를 욕보인 것도 이제 마지막일 것이오! 죽어라!</Text>
		</Row>
		<Row Tag="TXT_KEY_LEADER_WUZETIAN_DEFEATED_1">
			<Text>나를 무너뜨렸군. 축하하겠소. 만약 상황이 반대였다면, 나도 기꺼이 이렇게 했을 것이오.</Text>
		</Row>
		<Row Tag="TXT_KEY_LEADER_WUZETIAN_DEFEATED_2">
			<Text>이 세상도 나에겐 이제 끝이군. 다음 세상에서 두고 보시오.</Text>
		</Row>
		<Row Tag="TXT_KEY_LEADER_WUZETIAN_DEFEATED_3">
			<Text>넌 과연 빈틈없는 대적할만한 상대이군. 너의 승리군.</Text>
		</Row>
		<Row Tag="TXT_KEY_LEADER_WUZETIAN_DEMANDTRIBUTE_ANGRY">
			<Text>너의 비참한 삶을 지속하고 싶다면, 우리의 요구를 들어라.</Text>
		</Row>
		<Row Tag="TXT_KEY_LEADER_WUZETIAN_DEMANDTRIBUTE_HAPPY">
			<Text>친구여, 중국은 그대의 도움이 필요하네. 도와줄 거라 믿소.</Text>
		</Row>
		<Row Tag="TXT_KEY_LEADER_WUZETIAN_DEMANDTRIBUTE_NEUTRAL">
			<Text>이 요구에 응하질 않을 때 발생할 대가를 생각해서라도 내 말을 듣는 게 좋을 거요.</Text>
		</Row>
		<Row Tag="TXT_KEY_LEADER_WUZETIAN_DISAGREE_SHORT_1">
			<Text>아니지.</Text>
		</Row>
		<Row Tag="TXT_KEY_LEADER_WUZETIAN_DISAGREE_SHORT_2">
			<Text>안되네.</Text>
		</Row>
		<Row Tag="TXT_KEY_LEADER_WUZETIAN_DISAGREE_SHORT_3">
			<Text>거부하오.</Text>
		</Row>
		<Row Tag="TXT_KEY_LEADER_WUZETIAN_DISAGREE_SHORT_4">
			<Text>단연코 거부하오.</Text>
		</Row>
		<Row Tag="TXT_KEY_LEADER_WUZETIAN_DISAGREE_SHORT_5">
			<Text>동의할 수 없군.</Text>
		</Row>
		<Row Tag="TXT_KEY_LEADER_WUZETIAN_DISAGREE_SHORT_6">
			<Text>농담인가?</Text>
		</Row>
		<Row Tag="TXT_KEY_LEADER_WUZETIAN_DISAGREE_SHORT_7">
			<Text>잘못 들은 건가?</Text>
		</Row>
		<Row Tag="TXT_KEY_LEADER_WUZETIAN_FIRSTGREETING_1">
			<Text>환영하네. 나는 중국의 황제 측천무후라고 하지. 우린 갈등이 일어나는 걸 내키지는 않는 편이지만, 권리를 지키기 위해서라면 수단을 가리지는 않는 편이지.</Text>
		</Row>
		<Row Tag="TXT_KEY_LEADER_WUZETIAN_FIRSTGREETING_2">
			<Text>반갑군. 나는 황제 측천무후라고 하지. 중국은 평화를 추구할 것이며, 그대가 동의하는 한 달라지지 않을 것이네.</Text>
		</Row>
		<Row Tag="TXT_KEY_LEADER_WUZETIAN_FIRSTGREETING_3">
			<Text>반갑군. 나는 중국의 황제 측천무후라고 하지. 중국은 공정한 거래와 평화로운 공존을 추구하지만, 침략에는 강력히 맞서는 편이지. 이 점을 똑똑히 알아뒀으면 좋겠군.</Text>
		</Row>
		<Row Tag="TXT_KEY_LEADER_WUZETIAN_GOODBYE_1">
			<Text>좋은 날 되길.</Text>
		</Row>
		<Row Tag="TXT_KEY_LEADER_WUZETIAN_GOODBYE_2">
			<Text>안녕히.</Text>
		</Row>
		<Row Tag="TXT_KEY_LEADER_WUZETIAN_GOODBYE_3">
			<Text>언제나 평안하길.</Text>
		</Row>
		<Row Tag="TXT_KEY_LEADER_WUZETIAN_GOODBYE_4">
			<Text>다시 만나길 바라겠네.</Text>
		</Row>
		<Row Tag="TXT_KEY_LEADER_WUZETIAN_GOODBYE_5">
			<Text>안녕히.</Text>
		</Row>
		<Row Tag="TXT_KEY_LEADER_WUZETIAN_GOODBYE_6">
			<Text>이제 끝났군.</Text>
		</Row>
		<Row Tag="TXT_KEY_LEADER_WUZETIAN_GOODBYE_7">
			<Text>볼 일이 더 없는 것 같군.</Text>
		</Row>
		<Row Tag="TXT_KEY_LEADER_WUZETIAN_GREETING_1">
			<Text>환영하네.</Text>
		</Row>
		<Row Tag="TXT_KEY_LEADER_WUZETIAN_GREETING_2">
			<Text>안녕하신가.</Text>
		</Row>
		<Row Tag="TXT_KEY_LEADER_WUZETIAN_GREETING_3">
			<Text>반갑군.</Text>
		</Row>
		<Row Tag="TXT_KEY_LEADER_WUZETIAN_GREETING_4">
			<Text>날씨가 좋군.</Text>
		</Row>
		<Row Tag="TXT_KEY_LEADER_WUZETIAN_GREETING_5">
			<Text>오셨군.</Text>
		</Row>
		<Row Tag="TXT_KEY_LEADER_WUZETIAN_GREETING_6">
			<Text>네?</Text>
		</Row>
		<Row Tag="TXT_KEY_LEADER_WUZETIAN_GREETING_7">
			<Text>뭘 원하는가?</Text>
		</Row>
		<Row Tag="TXT_KEY_LEADER_WUZETIAN_LETSHEARIT_1">
			<Text>말해보시게.</Text>
		</Row>
		<Row Tag="TXT_KEY_LEADER_WUZETIAN_LETSHEARIT_2">
			<Text>계속하시게.</Text>
		</Row>
		<Row Tag="TXT_KEY_LEADER_WUZETIAN_LETSHEARIT_3">
			<Text>듣고 있네.</Text>
		</Row>
		<Row Tag="TXT_KEY_LEADER_WUZETIAN_LETSHEARIT_4">
			<Text>음?</Text>
		</Row>
		<Row Tag="TXT_KEY_LEADER_WUZETIAN_LETSHEARIT_5">
			<Text>요점이 뭔가?</Text>
		</Row>
		<Row Tag="TXT_KEY_LEADER_WUZETIAN_LETSHEARIT_6">
			<Text>그리고?</Text>
		</Row>
		<Row Tag="TXT_KEY_LEADER_WUZETIAN_LETSHEARIT_7">
			<Text>계속하게.</Text>
		</Row>
		<Row Tag="TXT_KEY_LEADER_WUZETIAN_LOSEWAR_1">
			<Text>중국은 이웃들과의 평화를 염원한다오. 앞으로는 이런 불쾌한 사태가 일어나지 않았으면 좋겠소.</Text>
		</Row>
		<Row Tag="TXT_KEY_LEADER_WUZETIAN_TRADE_NEEDMORE_ANGRY_1">
			<Text>우리가 무슨 아무것도 모르는 촌놈들인 줄 아는가? 이건 받아들일 수 없으니 다시 생각해보거라.</Text>
		</Row>
		<Row Tag="TXT_KEY_LEADER_WUZETIAN_TRADE_NEEDMORE_ANGRY_2">
			<Text>그 정도로는 어림도 없지.</Text>
		</Row>
		<Row Tag="TXT_KEY_LEADER_WUZETIAN_TRADE_NEEDMORE_ANGRY_3">
			<Text>좀 더 나은걸 원한다.</Text>
		</Row>
		<Row Tag="TXT_KEY_LEADER_WUZETIAN_TRADE_NEEDMORE_HAPPY_1">
			<Text>이 제안은 현재 받아드릴 수 없음을 심히 유감스럽게 생각한다오. 다른 제안은 없는가?</Text>
		</Row>
		<Row Tag="TXT_KEY_LEADER_WUZETIAN_TRADE_NEEDMORE_HAPPY_2">
			<Text>이게 전부인가요?</Text>
		</Row>
		<Row Tag="TXT_KEY_LEADER_WUZETIAN_TRADE_NEEDMORE_HAPPY_3">
			<Text>조금 더 있을텐데...</Text>
		</Row>
		<Row Tag="TXT_KEY_LEADER_WUZETIAN_TRADE_NEEDMORE_NEUTRAL_1">
			<Text>받아들일 수 없군. 다시 협상을 해보죠.</Text>
		</Row>
		<Row Tag="TXT_KEY_LEADER_WUZETIAN_TRADE_NEEDMORE_NEUTRAL_2">
			<Text>조금 더 줄 수는 없는가?</Text>
		</Row>
		<Row Tag="TXT_KEY_LEADER_WUZETIAN_TRADE_NEEDMORE_NEUTRAL_3">
			<Text>그 정도로는 부족한 것 같군.</Text>
		</Row>
		<Row Tag="TXT_KEY_LEADER_WUZETIAN_TRADE_NEEDMORE_NEUTRAL_4">
			<Text>흠...</Text>
		</Row>
		<Row Tag="TXT_KEY_LEADER_WUZETIAN_TRADE_NO_ANGRY">
			<Text>넌 아는 게 없어서 그런지 꽤나 건방지군. 이 한심한 제안은 당연히 거절이지.</Text>
		</Row>
		<Row Tag="TXT_KEY_LEADER_WUZETIAN_TRADE_NO_HAPPY">
			<Text>이번 제안은 어쩔 수 없이 거절해야 할 것 같소.</Text>
		</Row>
		<Row Tag="TXT_KEY_LEADER_WUZETIAN_TRADE_NO_NEUTRAL">
			<Text>동의할 수 없군.</Text>
		</Row>
		<Row Tag="TXT_KEY_LEADER_WUZETIAN_TRADE_YES_ANGRY">
			<Text>그렇게 하죠.</Text>
		</Row>
		<Row Tag="TXT_KEY_LEADER_WUZETIAN_TRADE_YES_HAPPY">
			<Text>물론이지. 탁월한 선택이군.</Text>
		</Row>
		<Row Tag="TXT_KEY_LEADER_WUZETIAN_TRADE_YES_NEUTRAL">
			<Text>괜찮아 보이는군. 그렇게 하죠.</Text>
		</Row>
		<Row Tag="TXT_KEY_LEADER_WUZETIAN_TRADEREQUEST_ANGRY">
			<Text>제안을 승낙하라. 그 선택에 너의 목숨이 달려있을지도.</Text>
		</Row>
		<Row Tag="TXT_KEY_LEADER_WUZETIAN_TRADEREQUEST_HAPPY">
			<Text>이 제안은 괜찮은가?</Text>
		</Row>
		<Row Tag="TXT_KEY_LEADER_WUZETIAN_TRADEREQUEST_NEUTRAL">
			<Text>이 거래는 모두에게 이익을 가져다 줄 거라오. 어떻게 생각 하는가? </Text>
		</Row>
		<Row Tag="TXT_KEY_LEADER_WUZETIAN_TRIBUTE_NO_ANGRY">
			<Text>이 보잘 것 없는 녀석! 감히 중국으로부터 공물을 뜯어내려 하다니? 당장 사라지지 않으면 돼지 잡듯 죽여버리겠다!</Text>
		</Row>
		<Row Tag="TXT_KEY_LEADER_WUZETIAN_TRIBUTE_NO_HAPPY">
			<Text>현재로서는 그대의 요구에 응할 수 없을 것 같아 유감이군.</Text>
		</Row>
		<Row Tag="TXT_KEY_LEADER_WUZETIAN_TRIBUTE_NO_NEUTRAL">
			<Text>대체 뭐 때문에 그러는 건가? 돌아버리기라도 한 건가? 아니면 원래 그렇게 저능한 건가?</Text>
		</Row>
		<Row Tag="TXT_KEY_LEADER_WUZETIAN_TRIBUTE_YES_ANGRY">
			<Text>좋군. 하지만 뒷 일을 생각한다면, 앞으로 넌 밤잠을 뜬 눈으로 지내야 할 지도 모르겠군.</Text>
		</Row>
		<Row Tag="TXT_KEY_LEADER_WUZETIAN_TRIBUTE_YES_HAPPY">
			<Text>물론이죠. 중국의 우방을 돕는 것은 언제나 기쁜 일이죠.</Text>
		</Row>
		<Row Tag="TXT_KEY_LEADER_WUZETIAN_TRIBUTE_YES_NEUTRAL">
			<Text>선전포고보다는 나은 요구 같으니 받아들이도록 해야겠군.</Text>
		</Row>
		<Row Tag="TXT_KEY_LEADER_WUZETIAN_WARBLUFF_1">
			<Text>재미있게 되는군.</Text>
		</Row>
		<Row Tag="TXT_KEY_LEADER_WUZETIAN_WARBLUFF_2">
			<Text>좋군. 전장에서 보세.</Text>
		</Row>
		<Row Tag="TXT_KEY_LEADER_WUZETIAN_WARBLUFF_3">
			<Text>어리석은.</Text>
		</Row>
		<Row Tag="TXT_KEY_LEADER_WUZETIAN_WARBLUFF_4">
			<Text>미천한 것이 주제를 모르는군.</Text>
		</Row>
		<Row Tag="TXT_KEY_LEADER_WUZETIAN_WARBLUFF_5">
			<Text>그런가? 남은 목숨이 몇 일이나 되는지 잘 세어보게.</Text>
		</Row>
		<Row Tag="TXT_KEY_LEADER_WUZETIAN_WARBLUFF_6">
			<Text>어리석군.</Text>
		</Row>
		<Row Tag="TXT_KEY_LEADER_WUZETIAN_WINWAR_1">
			<Text>그대의 비천한 문명을 살려둔 것만이라도 행운이라고 생각하게. 다시는 우리의 심기를 건들지 말았으면 좋겠군.</Text>
		</Row>
	</Language_KO_KR>
</GameData>