﻿<?xml version="1.0" encoding="utf-8"?>
<!--Generated with LocalizationBuddy.-->
<!--Copyright Firaxis Games 2010-->
<!--All Rights Reserved-->
<GameData>
  <Language_KO_KR>
    <Row Tag="TXT_KEY_STEAMPUNK_SCENARIO_TECH_AIRSHIPS_TITLE">
      <Text>비행선</Text>
    </Row>
    <Row Tag="TXT_KEY_STEAMPUNK_SCENARIO_TECH_ANALOG_COMPUTATION_TITLE">
      <Text>아날로그 컴퓨터</Text>
	  <Plurality>2</Plurality>
    </Row>
    <Row Tag="TXT_KEY_STEAMPUNK_SCENARIO_TECH_ANALYTICAL_ENGINE_TITLE">
      <Text>분석 엔진</Text>
    </Row>
    <Row Tag="TXT_KEY_STEAMPUNK_SCENARIO_TECH_AUTOMATA_TITLE">
      <Text>자동인형</Text>
    </Row>
    <Row Tag="TXT_KEY_STEAMPUNK_SCENARIO_TECH_CIVIL_DEFENSE_TITLE">
      <Text>민방위 체제</Text>
	  <Plurality>2</Plurality>
    </Row>
    <Row Tag="TXT_KEY_STEAMPUNK_SCENARIO_TECH_ECONOMIC_IMPERIALISM_TITLE">
      <Text>경제 제국주의</Text>
	  <Plurality>2</Plurality>
    </Row>
    <Row Tag="TXT_KEY_STEAMPUNK_SCENARIO_TECH_ERUPTIVES_TITLE">
      <Text>분출 시스템</Text>
    </Row>
    <Row Tag="TXT_KEY_STEAMPUNK_SCENARIO_TECH_EXPEDITIONARY_SCIENCE_TITLE">
      <Text>원정</Text>
    </Row>
    <Row Tag="TXT_KEY_STEAMPUNK_SCENARIO_TECH_GALVANOMAGNETISM_TITLE">
      <Text>직류자기학</Text>
    </Row>
    <Row Tag="TXT_KEY_STEAMPUNK_SCENARIO_TECH_GOSPEL_OF_WEALTH_TITLE">
      <Text>부의 찬가</Text>
	  <Plurality>2</Plurality>
    </Row>
    <Row Tag="TXT_KEY_STEAMPUNK_SCENARIO_TECH_INFERNAL_COMBUSTION_TITLE">
      <Text>지옥의 내연기관</Text>
    </Row>
    <Row Tag="TXT_KEY_STEAMPUNK_SCENARIO_TECH_LAND_LEVIATHAN_TITLE">
      <Text>지상 거함</Text>
    </Row>
    <Row Tag="TXT_KEY_STEAMPUNK_SCENARIO_TECH_LANDSHIPS_TITLE">
      <Text>지상함</Text>
    </Row>
    <Row Tag="TXT_KEY_STEAMPUNK_SCENARIO_TECH_NOBLESSE_OBLIGE_TITLE">
      <Text>노블레스 오블리주</Text>
	  <Plurality>2</Plurality>
    </Row>
    <Row Tag="TXT_KEY_STEAMPUNK_SCENARIO_TECH_PERPETUAL_MOTION_TITLE">
      <Text>영구운동</Text>
    </Row>
    <Row Tag="TXT_KEY_STEAMPUNK_SCENARIO_TECH_PROPULSION_TITLE">
      <Text>추진장치</Text>
	  <Plurality>2</Plurality>
    </Row>
    <Row Tag="TXT_KEY_STEAMPUNK_SCENARIO_TECH_SKY_FORTRESS_TITLE">
      <Text>공중요새</Text>
    </Row>
    <Row Tag="TXT_KEY_STEAMPUNK_SCENARIO_TECH_SUBTERRANEAN_EXPLORATION_TITLE">
      <Text>지하 탐험</Text>
    </Row>
    <Row Tag="TXT_KEY_STEAMPUNK_SCENARIO_TECH_TECHNOCRACY_TITLE">
      <Text>과학자 관료제</Text>
    </Row>
    <Row Tag="TXT_KEY_STEAMPUNK_SCENARIO_TECH_THE_GRAND_IDEA_TITLE">
      <Text>위대한 생각</Text>
    </Row>
    <Row Tag="TXT_KEY_STEAMPUNK_SCENARIO_TECH_URANOGRAPHY_TITLE">
      <Text>천체학</Text>
    </Row>
    <Row Tag="TXT_KEY_STEAMPUNK_SCENARIO_TECH_VERTICAL_INTEGRATION_TITLE">
      <Text>수직 통합</Text>
    </Row>
  </Language_KO_KR>
</GameData>